event_ticker,date,days_to_release,release_date,settled,actual_cpi_mom,implied_mean,implied_sd,prob_true_bin,abs_error_mean,prob_sum_raw,mono_violation,n_thresholds,avg_spread,day_volume
CPI-21DEC,2021-12-10,32,2022-01-11,True,0.5,0.697,0.15195723082499232,0.25,0.19699999999999995,1.0,0.0,4,0.03999999999999999,691.0
CPI-21DEC,2021-12-11,31,2022-01-11,True,0.5,0.6675000000000001,0.11744679646546347,0.205,0.1675000000000001,0.9999999999999999,0.0,4,0.032500000000000015,3181.0
CPI-21DEC,2021-12-12,30,2022-01-11,True,0.5,0.6520000000000001,0.1232720568498798,0.255,0.15200000000000014,1.0,0.0,4,0.03500000000000002,1788.0
CPI-21DEC,2021-12-13,29,2022-01-11,True,0.5,0.6615,0.12871577214933685,0.26,0.16149999999999998,1.0,0.0,4,0.03749999999999999,1131.0
CPI-21DEC,2021-12-14,28,2022-01-11,True,0.5,0.6675000000000001,0.12959070182694435,0.25,0.1675000000000001,1.0,0.0,4,0.03749999999999999,1716.0
CPI-21DEC,2021-12-15,27,2022-01-11,True,0.5,0.6675000000000001,0.12997595931555958,0.245,0.1675000000000001,1.0,0.0,4,0.027500000000000017,766.0
CPI-21DEC,2021-12-16,26,2022-01-11,True,0.5,0.669,0.13167763667381033,0.25,0.16900000000000004,1.0,0.0,4,0.030000000000000006,791.0
CPI-21DEC,2021-12-17,25,2022-01-11,True,0.5,0.6825000000000001,0.12745097096530886,0.235,0.1825000000000001,1.0,0.0,4,0.027500000000000004,4775.0
CPI-21DEC,2021-12-18,24,2022-01-11,True,0.5,0.678,0.13082813153141032,0.265,0.17800000000000005,1.0,0.0,4,0.030000000000000006,1049.0
CPI-21DEC,2021-12-19,23,2022-01-11,True,0.5,0.679,0.13099236618978985,0.26,0.17900000000000005,1.0,0.0,4,0.030000000000000006,1132.0
CPI-21DEC,2021-12-20,22,2022-01-11,True,0.5,0.666,0.1284289686947614,0.255,0.16600000000000004,1.0,0.0,3,0.03,321.0
CPI-21DEC,2021-12-21,21,2022-01-11,True,0.5,0.6855000000000001,0.1266481346092393,0.20499999999999996,0.1855000000000001,1.0,0.0,4,0.027500000000000007,2974.0
CPI-21DEC,2021-12-22,20,2022-01-11,True,0.5,0.6755,0.130957054029174,0.25,0.1755,1.0,0.0,4,0.03250000000000001,4520.0
CPI-21DEC,2021-12-23,19,2022-01-11,True,0.5,0.677,0.132932313603578,0.255,0.17700000000000005,1.0,0.0,4,0.03500000000000002,820.0
CPI-21DEC,2021-12-24,18,2022-01-11,True,0.5,0.6825,0.13245282178949605,0.275,0.1825,1.0,0.0,4,0.02749999999999999,7323.0
CPI-21DEC,2021-12-25,17,2022-01-11,True,0.5,0.6885,0.12616556582522825,0.21499999999999997,0.1885,1.0,0.0,4,0.02749999999999999,1890.0
CPI-21DEC,2021-12-26,16,2022-01-11,True,0.5,0.6910000000000001,0.12457527844640766,0.20499999999999996,0.19100000000000006,1.0,0.0,4,0.029999999999999992,474.0
CPI-21DEC,2021-12-27,15,2022-01-11,True,0.5,0.6945,0.12417628598085868,0.18999999999999995,0.1945,1.0,0.0,4,0.027499999999999962,3093.0
CPI-21DEC,2021-12-28,14,2022-01-11,True,0.5,0.6915,0.12679806780862238,0.19500000000000006,0.1915,1.0,0.0,4,0.03249999999999995,5646.0
CPI-21DEC,2021-12-29,13,2022-01-11,True,0.5,0.692,0.12424169992397883,0.18500000000000005,0.19199999999999995,1.0,0.0,4,0.02999999999999995,2152.0
CPI-21DEC,2021-12-30,12,2022-01-11,True,0.5,0.6885,0.12734893010936527,0.18999999999999995,0.1885,1.0,0.0,4,0.02249999999999997,2032.0
CPI-21DEC,2021-12-31,11,2022-01-11,True,0.5,0.6925,0.12686114456365274,0.18999999999999995,0.1925,1.0,0.0,4,0.027499999999999948,2045.0
CPI-21DEC,2022-01-01,10,2022-01-11,True,0.5,0.698,0.12804686642007293,0.17500000000000004,0.19799999999999995,1.0,0.0,4,0.01999999999999999,2542.0
CPI-21DEC,2022-01-02,9,2022-01-11,True,0.5,0.686,0.14143549766589716,0.28,0.18600000000000005,1.0,0.0,4,0.03500000000000002,5198.0
CPI-21DEC,2022-01-03,8,2022-01-11,True,0.5,0.685,0.1448274835796024,0.275,0.18500000000000005,1.0,0.0,4,0.034999999999999976,5238.0
CPI-21DEC,2022-01-04,7,2022-01-11,True,0.5,0.713,0.13390668392578467,0.19999999999999996,0.21299999999999997,1.0,0.0,4,0.03499999999999998,6416.0
CPI-21DEC,2022-01-05,6,2022-01-11,True,0.5,0.7210000000000001,0.12945655641951861,0.15500000000000003,0.22100000000000009,1.0,0.0,4,0.02500000000000001,1765.0
CPI-21DEC,2022-01-06,5,2022-01-11,True,0.5,0.7265,0.13018352430319285,0.135,0.22650000000000003,1.0,0.0,4,0.03750000000000001,1059.0
CPI-21DEC,2022-01-07,4,2022-01-11,True,0.5,0.6835,0.12560951397087722,0.21499999999999997,0.1835,1.0,0.0,4,0.027500000000000017,29661.0
CPI-21DEC,2022-01-08,3,2022-01-11,True,0.5,0.6755,0.11937231672376976,0.22499999999999998,0.1755,1.0,0.0,4,0.017500000000000016,2887.0
CPI-21DEC,2022-01-09,2,2022-01-11,True,0.5,0.6689999999999999,0.12505598746161656,0.25,0.16899999999999993,1.0,0.0,4,0.03500000000000002,4136.0
CPI-21DEC,2022-01-10,1,2022-01-11,True,0.5,0.6585,0.12817078450255348,0.31000000000000005,0.15849999999999997,1.0,0.0,4,0.03749999999999996,19319.0
CPI-21DEC,2022-01-11,0,2022-01-11,True,0.5,0.647,0.13708026845611299,0.35,0.14700000000000002,1.0,0.0,4,0.03500000000000001,26891.0
CPI-21NOV,2021-11-10,29,2021-12-09,True,0.8,0.601,0.13564291356351793,0.61,0.19900000000000007,1.0,0.0,2,0.015000000000000013,1910.0
CPI-21NOV,2021-11-11,28,2021-12-09,True,0.8,0.6219999999999999,0.13082813153141032,0.705,0.17800000000000016,1.0,0.0,2,0.020000000000000018,1799.0
CPI-21NOV,2021-11-12,27,2021-12-09,True,0.8,0.63,0.12767145334803703,0.74,0.17000000000000004,1.0,0.0,2,0.020000000000000018,191.0
CPI-21NOV,2021-11-13,26,2021-12-09,True,0.8,0.6369999999999999,0.12422157622571046,0.77,0.16300000000000014,1.0,0.0,2,0.025000000000000022,680.0
CPI-21NOV,2021-11-15,24,2021-12-09,True,0.8,0.7302500000000001,0.178878275651349,0.365,0.06974999999999998,1.0,0.0,3,0.01999999999999998,478.0
CPI-21NOV,2021-11-16,23,2021-12-09,True,0.8,0.73125,0.1807925261176468,0.345,0.06875000000000009,1.0,0.0,3,0.033333333333333305,1896.0
CPI-21NOV,2021-11-17,22,2021-12-09,True,0.8,0.7382500000000001,0.18110614981275489,0.345,0.06174999999999997,1.0,0.0,3,0.02999999999999997,638.0
CPI-21NOV,2021-11-18,21,2021-12-09,True,0.8,0.768,0.12145369487998298,0.32999999999999996,0.03200000000000003,1.0,0.0,2,0.020000000000000018,443.0
CPI-21NOV,2021-11-19,20,2021-12-09,True,0.8,0.73,0.18520259177452136,0.31999999999999995,0.07000000000000006,1.0,0.0,3,0.026666666666666634,70.0
CPI-21NOV,2021-11-20,19,2021-12-09,True,0.8,0.7582500000000001,0.12018501362482764,0.355,0.041749999999999954,1.0,0.0,2,0.035,523.0
CPI-21NOV,2021-11-21,18,2021-12-09,True,0.8,0.7184999999999999,0.18161153597720608,0.37,0.08150000000000013,1.0,0.0,3,0.026666666666666634,148.0
CPI-21NOV,2021-11-22,17,2021-12-09,True,0.8,0.7170000000000001,0.18844362552232963,0.32000000000000006,0.08299999999999996,1.0,0.0,3,0.029999999999999954,915.0
CPI-21NOV,2021-11-23,16,2021-12-09,True,0.8,0.72925,0.1888304464327721,0.285,0.07075000000000009,1.0,0.0,3,0.023333333333333317,620.0
CPI-21NOV,2021-11-24,15,2021-12-09,True,0.8,0.73325,0.1841383650953815,0.32499999999999996,0.06675000000000009,1.0,0.0,3,0.0233333333333333,422.0
CPI-21NOV,2021-11-25,14,2021-12-09,True,0.8,0.73675,0.18037998087371007,0.355,0.06325000000000003,1.0,0.0,3,0.0233333333333333,332.0
CPI-21NOV,2021-11-26,13,2021-12-09,True,0.8,0.7642500000000001,0.11083518168884826,0.445,0.03574999999999995,1.0,0.0,2,0.03500000000000003,655.0
CPI-21NOV,2021-11-27,12,2021-12-09,True,0.8,0.7242500000000001,0.17514119304150014,0.425,0.07574999999999998,1.0,0.0,3,0.023333333333333317,207.0
CPI-21NOV,2021-11-28,11,2021-12-09,True,0.8,0.71825,0.167121026504746,0.505,0.08174999999999999,1.0,0.0,3,0.02999999999999999,1147.0
CPI-21NOV,2021-11-29,10,2021-12-09,True,0.8,0.71725,0.16945482436330933,0.485,0.08274999999999999,1.0,0.0,3,0.016666666666666646,458.0
CPI-21NOV,2021-11-30,9,2021-12-09,True,0.8,0.7152499999999999,0.1605613200618381,0.565,0.0847500000000001,1.0,0.0,3,0.02999999999999998,1626.0
CPI-21NOV,2021-12-01,8,2021-12-09,True,0.8,0.7130000000000001,0.15026975743641835,0.6200000000000001,0.08699999999999997,1.0,0.0,3,0.033333333333333354,1777.0
CPI-21NOV,2021-12-02,7,2021-12-09,True,0.8,0.706,0.15366847432053204,0.5800000000000001,0.09400000000000008,1.0,0.0,3,0.023333333333333345,671.0
CPI-21NOV,2021-12-03,6,2021-12-09,True,0.8,0.70975,0.155539183166172,0.595,0.09025000000000005,1.0,0.0,3,0.026666666666666644,941.0
CPI-21NOV,2021-12-04,5,2021-12-09,True,0.8,0.7205,0.14715552996744638,0.5900000000000001,0.07950000000000002,1.0,0.0,3,0.030000000000000016,2140.0
CPI-21NOV,2021-12-05,4,2021-12-09,True,0.8,0.75225,0.10003718058801937,0.555,0.04775000000000007,1.0,0.0,2,0.03500000000000002,497.0
CPI-21NOV,2021-12-06,3,2021-12-09,True,0.8,0.71375,0.16552473380132654,0.475,0.08625000000000005,1.0,0.0,3,0.02666666666666669,4500.0
CPI-21NOV,2021-12-07,2,2021-12-09,True,0.8,0.7185,0.1610364865488564,0.51,0.08150000000000002,1.0,0.0,3,0.01666666666666668,1295.0
CPI-21NOV,2021-12-08,1,2021-12-09,True,0.8,0.7205,0.1607941230269316,0.51,0.07950000000000002,1.0,0.0,3,0.01666666666666668,2652.0
CPI-21NOV,2021-12-09,0,2021-12-09,True,0.8,0.725,0.15467708298258023,0.54,0.07500000000000007,1.0,0.0,3,0.026666666666666682,10500.0
CPI-21OCT,2021-10-14,26,2021-11-09,True,0.9,0.44999999999999996,0.11224972160321824,0.28,0.45000000000000007,1.0,0.0,2,0.01999999999999999,946.0
CPI-21OCT,2021-10-15,25,2021-11-09,True,0.9,0.45299999999999996,0.11018620603324175,0.28,0.44700000000000006,1.0,0.0,2,0.01999999999999999,244.0
CPI-21OCT,2021-10-16,24,2021-11-09,True,0.9,0.45299999999999996,0.11018620603324175,0.28,0.44700000000000006,1.0,0.0,2,0.01999999999999999,65.0
CPI-21OCT,2021-10-17,23,2021-11-09,True,0.9,0.45599999999999996,0.11006361796706485,0.29000000000000004,0.44400000000000006,1.0,0.0,2,0.01999999999999999,250.0
CPI-21OCT,2021-10-18,22,2021-11-09,True,0.9,0.45825000000000005,0.10837175600681204,0.29000000000000004,0.44175,1.0,0.0,2,0.014999999999999986,261.0
CPI-21OCT,2021-10-19,21,2021-11-09,True,0.9,0.4635,0.11042078608667844,0.32,0.4365,1.0,0.0,2,0.020000000000000018,724.0
CPI-21OCT,2021-10-20,20,2021-11-09,True,0.9,0.46799999999999997,0.11180787092150533,0.345,0.43200000000000005,1.0,0.0,2,0.009999999999999981,1272.0
CPI-21OCT,2021-10-21,19,2021-11-09,True,0.9,0.48300000000000004,0.11439405578962569,0.425,0.417,1.0,0.0,2,0.010000000000000009,309.0
CPI-21OCT,2021-10-22,18,2021-11-09,True,0.9,0.4995,0.11629595865721214,0.52,0.4005,1.0,0.0,2,0.019999999999999962,641.0
CPI-21OCT,2021-10-23,17,2021-11-09,True,0.9,0.498,0.11595688854052612,0.51,0.402,1.0,0.0,2,0.019999999999999962,124.0
CPI-21OCT,2021-10-24,16,2021-11-09,True,0.9,0.498,0.11595688854052612,0.51,0.402,1.0,0.0,2,0.019999999999999962,20.0
CPI-21OCT,2021-10-25,15,2021-11-09,True,0.9,0.4965,0.11363428179911199,0.49,0.4035,1.0,0.0,2,0.019999999999999962,354.0
CPI-21OCT,2021-10-26,14,2021-11-09,True,0.9,0.50475,0.11342370783923439,0.535,0.39525,1.0,0.0,2,0.015000000000000013,352.0
CPI-21OCT,2021-10-27,13,2021-11-09,True,0.9,0.51525,0.10772621547237236,0.5700000000000001,0.38475000000000004,1.0,0.0,2,0.014999999999999958,158.0
CPI-21OCT,2021-10-28,12,2021-11-09,True,0.9,0.51675,0.10888956561581095,0.585,0.38325,1.0,0.0,2,0.015000000000000013,109.0
CPI-21OCT,2021-10-29,11,2021-11-09,True,0.9,0.5055000000000001,0.106394313757832,0.505,0.39449999999999996,1.0,0.0,2,0.030000000000000027,244.0
CPI-21OCT,2021-10-30,10,2021-11-09,True,0.9,0.50625,0.10546770832818923,0.505,0.39375000000000004,1.0,0.0,2,0.03500000000000003,37.0
CPI-21OCT,2021-10-31,9,2021-11-09,True,0.9,0.50625,0.10546770832818923,0.505,0.39375000000000004,1.0,0.0,2,0.03500000000000003,1.0
CPI-21OCT,2021-11-01,8,2021-11-09,True,0.9,0.50175,0.10348641215154769,0.47,0.39825,1.0,0.0,2,0.05500000000000002,503.0
CPI-21OCT,2021-11-02,7,2021-11-09,True,0.9,0.51,0.10723805294763608,0.505,0.39,1.0,0.0,3,0.04666666666666671,276.0
CPI-21OCT,2021-11-03,6,2021-11-09,True,0.9,0.5075000000000001,0.11659223816361017,0.55,0.39249999999999996,1.0,0.0,3,0.04999999999999993,6403.0
CPI-21OCT,2021-11-04,5,2021-11-09,True,0.9,0.5035,0.11505542142811004,0.535,0.3965000000000001,1.0,0.0,3,0.04333333333333337,953.0
CPI-21OCT,2021-11-05,4,2021-11-09,True,0.9,0.5065,0.11579183909067167,0.55,0.39350000000000007,1.0,0.0,3,0.04999999999999997,390.0
CPI-21OCT,2021-11-06,3,2021-11-09,True,0.9,0.5075,0.11399013115177997,0.535,0.39250000000000007,1.0,0.0,3,0.03666666666666666,186.0
CPI-21OCT,2021-11-07,2,2021-11-09,True,0.9,0.5025,0.11680646386223667,0.535,0.3975000000000001,1.0,0.0,3,0.0366666666666667,380.0
CPI-21OCT,2021-11-08,1,2021-11-09,True,0.9,0.5175,0.10071618539241844,0.54,0.38250000000000006,1.0,0.0,3,0.0833333333333333,6700.0
CPI-21OCT,2021-11-09,0,2021-11-09,True,0.9,0.5025,0.09921567416492215,0.42000000000000004,0.3975000000000001,1.0,0.0,3,0.04999999999999999,9691.0
CPI-22APR,2022-03-22,50,2022-05-11,True,0.3,0.8879999999999999,0.19913814300630608,0.07999999999999996,0.5879999999999999,1.0,0.0,7,0.03428571428571429,2737.0
CPI-22APR,2022-03-23,49,2022-05-11,True,0.3,0.8490000000000001,0.1936465853042599,0.18999999999999995,0.5490000000000002,1.0,0.0,7,0.0314285714285714,342.0
CPI-22APR,2022-03-24,48,2022-05-11,True,0.3,0.803,0.14659809002848573,0.22999999999999998,0.5030000000000001,1.0,0.0,4,0.040000000000000015,36.0
CPI-22APR,2022-03-25,47,2022-05-11,True,0.3,0.779,0.11687172455303295,0.22999999999999998,0.47900000000000004,1.0,0.0,3,0.040000000000000036,20.0
CPI-22APR,2022-03-26,46,2022-05-11,True,0.3,0.781,0.11635720862928951,0.22999999999999998,0.48100000000000004,1.0,0.0,3,0.04,205.0
CPI-22APR,2022-03-27,45,2022-05-11,True,0.3,0.782,0.11694443124834977,0.22999999999999998,0.48200000000000004,1.0,0.0,3,0.04,53.0
CPI-22APR,2022-03-28,44,2022-05-11,True,0.3,0.74,0.08602325267042625,0.25,0.44,1.0,0.0,2,0.040000000000000036,511.0
CPI-22APR,2022-03-29,43,2022-05-11,True,0.3,0.7875000000000001,0.11787175234126285,0.22999999999999998,0.4875000000000001,1.0,0.0,3,0.036666666666666646,828.0
CPI-22APR,2022-03-30,42,2022-05-11,True,0.3,0.8515000000000001,0.1979842165426325,0.22999999999999998,0.5515000000000001,1.0,0.0,5,0.027999999999999987,187.0
CPI-22APR,2022-03-31,41,2022-05-11,True,0.3,0.8540000000000001,0.197949488506538,0.22999999999999998,0.554,1.0,0.0,5,0.033999999999999996,448.0
CPI-22APR,2022-04-01,40,2022-05-11,True,0.3,0.8480000000000001,0.19973983077994237,0.235,0.548,1.0,0.0,7,0.031428571428571424,347.0
CPI-22APR,2022-04-02,39,2022-05-11,True,0.3,0.87275,0.20903334064210907,0.235,0.5727500000000001,1.0,0.0,4,0.03500000000000001,67.0
CPI-22APR,2022-04-03,38,2022-05-11,True,0.3,0.8815000000000001,0.20671901218804237,0.21999999999999997,0.5815000000000001,1.0,0.0,4,0.03500000000000003,469.0
CPI-22APR,2022-04-04,37,2022-05-11,True,0.3,0.889,0.2081561913563947,0.21999999999999997,0.589,1.0,0.0,4,0.03500000000000003,114.0
CPI-22APR,2022-04-05,36,2022-05-11,True,0.3,0.8680000000000001,0.20488045294756652,0.21999999999999997,0.5680000000000001,1.0,0.0,5,0.03600000000000003,410.0
CPI-22APR,2022-04-06,35,2022-05-11,True,0.3,0.8815000000000002,0.2158882812938211,0.21999999999999997,0.5815000000000001,1.0,0.0,5,0.030000000000000016,455.0
CPI-22APR,2022-04-07,34,2022-05-11,True,0.3,0.854,0.21138590303045285,0.26,0.554,1.0,0.0,7,0.03142857142857145,1425.0
CPI-22APR,2022-04-08,33,2022-05-11,True,0.3,0.8535,0.21139477287766606,0.26,0.5535000000000001,1.0,0.0,7,0.032857142857142876,95.0
CPI-22APR,2022-04-09,32,2022-05-11,True,0.3,0.8535,0.21139477287766606,0.26,0.5535000000000001,1.0,0.0,7,0.032857142857142876,0.0
CPI-22APR,2022-04-10,31,2022-05-11,True,0.3,0.8535,0.21139477287766606,0.26,0.5535000000000001,1.0,0.0,7,0.032857142857142876,0.0
CPI-22APR,2022-04-11,30,2022-05-11,True,0.3,0.8530000000000001,0.21375453211569576,0.28500000000000003,0.5530000000000002,1.0,0.0,7,0.025714285714285728,343.0
CPI-22APR,2022-04-12,29,2022-05-11,True,0.3,0.7369999999999999,0.17415797426474622,0.45500000000000007,0.4369999999999999,1.0,0.0,7,0.034285714285714274,16840.0
CPI-22APR,2022-04-13,28,2022-05-11,True,0.3,0.7324999999999999,0.1835585737578063,0.43500000000000005,0.43249999999999994,1.0,0.0,7,0.012857142857142841,7097.0
CPI-22APR,2022-04-14,27,2022-05-11,True,0.3,0.7030000000000001,0.17604260847874303,0.6799999999999999,0.4030000000000001,1.0,0.065,7,0.12142857142857144,11378.0
CPI-22APR,2022-04-15,26,2022-05-11,True,0.3,0.6869999999999999,0.17415797426474622,0.69,0.38699999999999996,1.0,0.0,7,0.028571428571428574,4401.0
CPI-22APR,2022-04-16,25,2022-05-11,True,0.3,0.6905000000000002,0.1678086708129232,0.7350000000000001,0.39050000000000024,0.9999999999999999,0.04999999999999999,7,0.1942857142857143,436.0
CPI-22APR,2022-04-17,24,2022-05-11,True,0.3,0.5820000000000001,0.2630133076481112,0.125,0.2820000000000001,1.0,0.0,12,0.17833333333333332,233.0
CPI-22APR,2022-04-18,23,2022-05-11,True,0.3,0.43400000000000005,0.332932425576122,0.235,0.13400000000000006,1.0,0.17500000000000004,12,0.1475,6337.0
CPI-22APR,2022-04-19,22,2022-05-11,True,0.3,0.5095,0.28241768712316867,0.21499999999999997,0.20949999999999996,1.0,0.0,12,0.0425,20408.0
CPI-22APR,2022-04-20,21,2022-05-11,True,0.3,0.548,0.2824818578245336,0.14500000000000002,0.24800000000000005,1.0,0.0,12,0.03166666666666667,16148.0
CPI-22APR,2022-04-21,20,2022-05-11,True,0.3,0.5825000000000001,0.29145111082306757,0.125,0.28250000000000014,1.0,0.0,12,0.027499999999999997,9032.0
CPI-22APR,2022-04-22,19,2022-05-11,True,0.3,0.5565000000000001,0.27010692327298835,0.135,0.2565000000000001,1.0,0.0,12,0.029166666666666684,4677.0
CPI-22APR,2022-04-23,18,2022-05-11,True,0.3,0.551,0.2703682673687872,0.125,0.25100000000000006,1.0,0.0,12,0.02833333333333334,1040.0
CPI-22APR,2022-04-24,17,2022-05-11,True,0.3,0.5125000000000001,0.2720179222036666,0.16000000000000003,0.21250000000000008,1.0,0.0,12,0.029166666666666664,4980.0
CPI-22APR,2022-04-25,16,2022-05-11,True,0.3,0.51,0.2753179979587241,0.165,0.21000000000000002,1.0000000000000002,0.0,12,0.02833333333333334,3220.0
CPI-22APR,2022-04-26,15,2022-05-11,True,0.3,0.5165000000000001,0.27436790993117255,0.16999999999999993,0.21650000000000008,1.0,0.0,12,0.024166666666666656,7044.0
CPI-22APR,2022-04-27,14,2022-05-11,True,0.3,0.5245,0.2752267247198208,0.16500000000000004,0.22449999999999998,1.0,0.0,12,0.029166666666666657,3457.0
CPI-22APR,2022-04-28,13,2022-05-11,True,0.3,0.5175000000000001,0.2744881600360934,0.17000000000000004,0.21750000000000008,1.0,0.0,12,0.029166666666666646,8047.0
CPI-22APR,2022-04-29,12,2022-05-11,True,0.3,0.4845000000000001,0.273513710808069,0.16500000000000004,0.1845000000000001,1.0,0.0,12,0.022500000000000006,9341.0
CPI-22APR,2022-04-30,11,2022-05-11,True,0.3,0.47950000000000004,0.27171630425868815,0.17000000000000004,0.17950000000000005,1.0,0.0,12,0.017500000000000005,1442.0
CPI-22APR,2022-05-01,10,2022-05-11,True,0.3,0.47750000000000004,0.2735758578529911,0.17000000000000004,0.17750000000000005,1.0,0.0,12,0.02416666666666668,8556.0
CPI-22APR,2022-05-02,9,2022-05-11,True,0.3,0.4555000000000001,0.27725394496742517,0.18500000000000005,0.15550000000000014,1.0,0.0,12,0.029166666666666664,12345.0
CPI-22APR,2022-05-03,8,2022-05-11,True,0.3,0.46000000000000013,0.2718455443813637,0.19000000000000006,0.16000000000000014,1.0,0.0,12,0.02500000000000001,20858.0
CPI-22APR,2022-05-04,7,2022-05-11,True,0.3,0.4545000000000001,0.26510328176014725,0.0,0.15450000000000014,1.0,0.06999999999999995,12,0.07750000000000001,11160.0
CPI-22APR,2022-05-05,6,2022-05-11,True,0.3,0.4125000000000001,0.24534414604795446,0.20999999999999996,0.1125000000000001,1.0,0.0,12,0.03083333333333334,6329.0
CPI-22APR,2022-05-06,5,2022-05-11,True,0.3,0.39200000000000007,0.24028316628511456,0.25,0.09200000000000008,1.0,0.0,12,0.02333333333333334,48192.0
CPI-22APR,2022-05-07,4,2022-05-11,True,0.3,0.40100000000000013,0.25475282137789956,0.2300000000000001,0.10100000000000015,1.0,0.0,12,0.02999999999999999,9164.0
CPI-22APR,2022-05-08,3,2022-05-11,True,0.3,0.3375000000000001,0.22077986774160366,0.2250000000000001,0.03750000000000009,1.0,0.0,12,0.02249999999999999,26788.0
CPI-22APR,2022-05-09,2,2022-05-11,True,0.3,0.3340000000000001,0.21223571801183705,0.245,0.034000000000000086,1.0,6.938893903907228e-18,12,0.020000000000000004,24089.0
CPI-22APR,2022-05-10,1,2022-05-11,True,0.3,0.32650000000000007,0.21365334071808945,0.235,0.02650000000000008,1.0,0.0,12,0.02249999999999999,33856.0
CPI-22APR,2022-05-11,0,2022-05-11,True,0.3,0.32500000000000007,0.21065374432940895,0.18000000000000005,0.025000000000000078,1.0,0.0,12,0.028333333333333332,15604.0
CPI-22AUG,2022-04-26,140,2022-09-13,True,0.1,0.5100000000000001,0.22561028345356957,0.37,0.41000000000000014,1.0,0.0,8,0.03500000000000001,0.0
CPI-22AUG,2022-04-29,137,2022-09-13,True,0.1,0.5105000000000001,0.22636198885855374,0.37,0.4105000000000001,1.0,0.0,8,0.033750000000000016,10.0
CPI-22AUG,2022-05-04,132,2022-09-13,True,0.1,0.5105000000000001,0.22636198885855374,0.37,0.4105000000000001,1.0,0.0,8,0.033750000000000016,0.0
CPI-22AUG,2022-05-05,131,2022-09-13,True,0.1,0.5105000000000001,0.22636198885855374,0.37,0.4105000000000001,1.0,0.0,8,0.033750000000000016,0.0
CPI-22AUG,2022-05-10,126,2022-09-13,True,0.1,0.4175,0.20553284409067085,0.62,0.3175,1.0,0.0,8,0.031250000000000014,0.0
CPI-22AUG,2022-05-11,125,2022-09-13,True,0.1,0.44950000000000007,0.21610124941795225,0.51,0.34950000000000003,1.0,0.0,8,0.03375,0.0
CPI-22AUG,2022-05-12,124,2022-09-13,True,0.1,0.4565000000000001,0.22485050589224834,0.51,0.35650000000000004,1.0,0.0,8,0.03375,349.0
CPI-22AUG,2022-05-19,117,2022-09-13,True,0.1,0.459,0.22364927900621545,0.485,0.359,1.0,0.0,8,0.03,77.0
CPI-22AUG,2022-05-24,112,2022-09-13,True,0.1,0.45875,0.17171469797312053,0.485,0.35875,1.0,0.0,2,0.02500000000000001,0.0
CPI-22AUG,2022-05-25,111,2022-09-13,True,0.1,0.45875,0.17171469797312053,0.485,0.35875,1.0,0.0,2,0.02500000000000001,0.0
CPI-22AUG,2022-05-26,110,2022-09-13,True,0.1,0.45875,0.17171469797312053,0.485,0.35875,1.0,0.0,2,0.02500000000000001,0.0
CPI-22AUG,2022-05-27,109,2022-09-13,True,0.1,0.45875,0.17171469797312053,0.485,0.35875,1.0,0.0,2,0.02500000000000001,0.0
CPI-22AUG,2022-05-28,108,2022-09-13,True,0.1,0.45875,0.17171469797312053,0.485,0.35875,1.0,0.0,2,0.02500000000000001,0.0
CPI-22AUG,2022-05-29,107,2022-09-13,True,0.1,0.45875,0.17171469797312053,0.485,0.35875,1.0,0.0,2,0.02500000000000001,0.0
CPI-22AUG,2022-05-30,106,2022-09-13,True,0.1,0.45875,0.17171469797312053,0.485,0.35875,1.0,0.0,2,0.02500000000000001,0.0
CPI-22AUG,2022-05-31,105,2022-09-13,True,0.1,0.45875,0.17171469797312053,0.485,0.35875,1.0,0.0,2,0.02500000000000001,0.0
CPI-22AUG,2022-06-01,104,2022-09-13,True,0.1,0.46849999999999997,0.22035823106932043,0.485,0.36849999999999994,1.0,0.0,6,0.024999999999999998,78.0
CPI-22AUG,2022-06-02,103,2022-09-13,True,0.1,0.46274999999999994,0.22781557782557366,0.485,0.3627499999999999,1.0,0.0,6,0.030000000000000002,22.0
CPI-22AUG,2022-06-03,102,2022-09-13,True,0.1,0.45999999999999996,0.17327723451163454,0.485,0.36,1.0,0.0,2,0.02000000000000001,0.0
CPI-22AUG,2022-06-04,101,2022-09-13,True,0.1,0.45999999999999996,0.17327723451163454,0.485,0.36,1.0,0.0,2,0.02000000000000001,0.0
CPI-22AUG,2022-06-05,100,2022-09-13,True,0.1,0.45999999999999996,0.17327723451163454,0.485,0.36,1.0,0.0,2,0.02000000000000001,0.0
CPI-22AUG,2022-06-06,99,2022-09-13,True,0.1,0.45999999999999996,0.17327723451163454,0.485,0.36,1.0,0.0,2,0.02000000000000001,0.0
CPI-22AUG,2022-06-07,98,2022-09-13,True,0.1,0.45999999999999996,0.17327723451163454,0.485,0.36,1.0,0.0,2,0.02000000000000001,0.0
CPI-22AUG,2022-06-08,97,2022-09-13,True,0.1,0.45999999999999996,0.17327723451163454,0.485,0.36,1.0,0.0,2,0.02000000000000001,0.0
CPI-22AUG,2022-06-09,96,2022-09-13,True,0.1,0.4495,0.17888473942737543,0.485,0.34950000000000003,1.0,0.0,3,0.016666666666666677,0.0
CPI-22AUG,2022-06-10,95,2022-09-13,True,0.1,0.6600000000000001,0.2519920633670831,0.15500000000000003,0.5600000000000002,1.0,0.0,8,0.03500000000000001,2239.0
CPI-22AUG,2022-06-11,94,2022-09-13,True,0.1,0.6570000000000001,0.2507010171499111,0.15500000000000003,0.5570000000000002,1.0,0.0,8,0.035,745.0
CPI-22AUG,2022-06-12,93,2022-09-13,True,0.1,0.6565000000000001,0.25349112410496744,0.15500000000000003,0.5565000000000001,1.0,0.0,8,0.03125,144.0
CPI-22AUG,2022-06-13,92,2022-09-13,True,0.1,0.657,0.2526875541058562,0.16000000000000003,0.557,1.0,0.0,8,0.04250000000000001,22.0
CPI-22AUG,2022-06-14,91,2022-09-13,True,0.1,0.65475,0.253505300733535,0.16000000000000003,0.5547500000000001,1.0,0.0,7,0.042857142857142864,20.0
CPI-22AUG,2022-06-15,90,2022-09-13,True,0.1,0.657,0.2526875541058562,0.16000000000000003,0.557,1.0,0.0,8,0.04250000000000001,0.0
CPI-22AUG,2022-06-16,89,2022-09-13,True,0.1,0.661,0.254713564617199,0.16000000000000003,0.561,1.0,0.0,8,0.04000000000000001,154.0
CPI-22AUG,2022-06-17,88,2022-09-13,True,0.1,0.6580000000000001,0.25285569006846575,0.16000000000000003,0.5580000000000002,1.0,0.0,8,0.04250000000000001,478.0
CPI-22AUG,2022-06-18,87,2022-09-13,True,0.1,0.666,0.2562108506679606,0.16000000000000003,0.5660000000000001,1.0,0.0,8,0.045000000000000026,558.0
CPI-22AUG,2022-06-19,86,2022-09-13,True,0.1,0.66375,0.2571447792586892,0.16000000000000003,0.56375,1.0,0.0,7,0.04428571428571431,0.0
CPI-22AUG,2022-06-22,83,2022-09-13,True,0.1,0.673,0.26166963904893514,0.16999999999999993,0.5730000000000001,1.0,0.0,8,0.0425,1243.0
CPI-22AUG,2022-06-23,82,2022-09-13,True,0.1,0.6705000000000002,0.2656684964387009,0.17999999999999997,0.5705000000000002,0.9999999999999999,0.0,8,0.04625,653.0
CPI-22AUG,2022-06-24,81,2022-09-13,True,0.1,0.6705000000000002,0.2656684964387009,0.17999999999999997,0.5705000000000002,0.9999999999999999,0.0,8,0.04625,0.0
CPI-22AUG,2022-06-25,80,2022-09-13,True,0.1,0.6705000000000002,0.2656684964387009,0.17999999999999997,0.5705000000000002,0.9999999999999999,0.0,8,0.04625,0.0
CPI-22AUG,2022-06-26,79,2022-09-13,True,0.1,0.6705000000000002,0.2656684964387009,0.17999999999999997,0.5705000000000002,0.9999999999999999,0.0,8,0.04625,9.0
CPI-22AUG,2022-06-27,78,2022-09-13,True,0.1,0.6690000000000002,0.26596804319316264,0.17999999999999997,0.5690000000000002,0.9999999999999999,0.0,8,0.045,10.0
CPI-22AUG,2022-06-28,77,2022-09-13,True,0.1,0.6690000000000002,0.26596804319316264,0.17999999999999997,0.5690000000000002,0.9999999999999999,0.0,8,0.045,0.0
CPI-22AUG,2022-06-29,76,2022-09-13,True,0.1,0.6690000000000002,0.26596804319316264,0.17999999999999997,0.5690000000000002,0.9999999999999999,0.0,8,0.045,0.0
CPI-22AUG,2022-06-30,75,2022-09-13,True,0.1,0.6690000000000002,0.26596804319316264,0.17999999999999997,0.5690000000000002,0.9999999999999999,0.0,8,0.045,5.0
CPI-22AUG,2022-07-01,74,2022-09-13,True,0.1,0.6690000000000002,0.26596804319316264,0.17999999999999997,0.5690000000000002,0.9999999999999999,0.0,8,0.045,0.0
CPI-22AUG,2022-07-02,73,2022-09-13,True,0.1,0.6335,0.2713443384336589,0.235,0.5335,1.0,0.0,8,0.04874999999999999,1689.0
CPI-22AUG,2022-07-03,72,2022-09-13,True,0.1,0.6335,0.2713443384336589,0.235,0.5335,1.0,0.0,8,0.04874999999999999,0.0
CPI-22AUG,2022-07-04,71,2022-09-13,True,0.1,0.6355000000000001,0.2736599166849249,0.23500000000000001,0.5355000000000001,0.9999999999999999,0.0,8,0.04874999999999999,500.0
CPI-22AUG,2022-07-05,70,2022-09-13,True,0.1,0.6395,0.2762059919697616,0.235,0.5395,1.0,0.0,8,0.046249999999999986,0.0
CPI-22AUG,2022-07-06,69,2022-09-13,True,0.1,0.6365000000000001,0.27625667412752225,0.235,0.5365000000000001,1.0,0.0,8,0.046249999999999986,142.0
CPI-22AUG,2022-07-07,68,2022-09-13,True,0.1,0.626,0.2744521816273283,0.25,0.526,1.0,0.0,8,0.045,379.0
CPI-22AUG,2022-07-08,67,2022-09-13,True,0.1,0.5964999999999998,0.2689567809147038,0.285,0.49649999999999983,1.0000000000000002,0.0,8,0.04625000000000001,4319.0
CPI-22AUG,2022-07-09,66,2022-09-13,True,0.1,0.6014999999999999,0.26710999606903524,0.27,0.5015,1.0,0.0,8,0.04125000000000001,703.0
CPI-22AUG,2022-07-10,65,2022-09-13,True,0.1,0.601,0.2672059131082245,0.27,0.501,1.0,0.0,8,0.04250000000000001,201.0
CPI-22AUG,2022-07-11,64,2022-09-13,True,0.1,0.601,0.2672059131082245,0.27,0.501,1.0,0.0,8,0.04250000000000001,10.0
CPI-22AUG,2022-07-12,63,2022-09-13,True,0.1,0.6070000000000001,0.2676770442155995,0.265,0.5070000000000001,1.0,0.0,8,0.04500000000000001,566.0
CPI-22AUG,2022-07-13,62,2022-09-13,True,0.1,0.6915,0.25880059891739043,0.15000000000000002,0.5915,1.0,0.0,8,0.04124999999999998,1128.0
CPI-22AUG,2022-07-14,61,2022-09-13,True,0.1,0.6895,0.26007643107363654,0.16500000000000004,0.5895,1.0,0.0,8,0.04374999999999998,567.0
CPI-22AUG,2022-07-15,60,2022-09-13,True,0.1,0.6785000000000001,0.2634155462382583,0.17999999999999994,0.5785000000000001,1.0,0.0,8,0.038749999999999986,901.0
CPI-22AUG,2022-07-16,59,2022-09-13,True,0.1,0.6775,0.2637114900795944,0.17999999999999994,0.5775,1.0,0.0,8,0.04124999999999999,34.0
CPI-22AUG,2022-07-17,58,2022-09-13,True,0.1,0.6685000000000001,0.26750280372362456,0.18999999999999995,0.5685000000000001,1.0,0.0,8,0.04125,555.0
CPI-22AUG,2022-07-18,57,2022-09-13,True,0.1,0.6624999999999999,0.26747663449355724,0.20499999999999996,0.5624999999999999,1.0,0.0,8,0.026250000000000016,30.0
CPI-22AUG,2022-07-19,56,2022-09-13,True,0.1,0.661,0.2684753247507115,0.20999999999999996,0.561,1.0,0.0,8,0.027500000000000017,133.0
CPI-22AUG,2022-07-20,55,2022-09-13,True,0.1,0.6615,0.26826805624225936,0.20999999999999996,0.5615,1.0,0.0,8,0.02875000000000002,0.0
CPI-22AUG,2022-07-21,54,2022-09-13,True,0.1,0.6455000000000001,0.26810399101841065,0.22999999999999998,0.5455000000000001,1.0,0.0,8,0.04375000000000001,2197.0
CPI-22AUG,2022-07-22,53,2022-09-13,True,0.1,0.625,0.2641495788374459,0.255,0.525,1.0,0.0,8,0.04749999999999999,2522.0
CPI-22AUG,2022-07-23,52,2022-09-13,True,0.1,0.62,0.2647640458974746,0.265,0.52,1.0,0.0,8,0.045,700.0
CPI-22AUG,2022-07-24,51,2022-09-13,True,0.1,0.5995000000000001,0.26258284407020965,0.2900000000000001,0.49950000000000017,0.9999999999999999,0.0,8,0.04625,1517.0
CPI-22AUG,2022-07-25,50,2022-09-13,True,0.1,0.6010000000000002,0.26114938253804093,0.2750000000000001,0.5010000000000002,0.9999999999999999,0.0,8,0.045,119.0
CPI-22AUG,2022-07-26,49,2022-09-13,True,0.1,0.5569999999999999,0.2482961940908479,0.345,0.45699999999999996,1.0,0.0,8,0.039999999999999994,5817.0
CPI-22AUG,2022-07-27,48,2022-09-13,True,0.1,0.5495,0.24718363618977696,0.355,0.4495,1.0,0.0,8,0.041249999999999995,1083.0
CPI-22AUG,2022-07-28,47,2022-09-13,True,0.1,0.5445,0.24468295813153806,0.365,0.4445,1.0,0.0,8,0.03874999999999999,694.0
CPI-22AUG,2022-07-29,46,2022-09-13,True,0.1,0.5275000000000001,0.24309206075065476,0.4050000000000001,0.4275000000000001,0.9999999999999999,0.0,8,0.04375000000000002,1429.0
CPI-22AUG,2022-07-30,45,2022-09-13,True,0.1,0.5275000000000001,0.24309206075065476,0.4050000000000001,0.4275000000000001,0.9999999999999999,0.0,8,0.04375000000000002,0.0
CPI-22AUG,2022-07-31,44,2022-09-13,True,0.1,0.5295000000000001,0.24161901829119334,0.38500000000000006,0.4295000000000001,0.9999999999999999,0.0,8,0.038750000000000014,0.0
CPI-22AUG,2022-08-01,43,2022-09-13,True,0.1,0.5355,0.24101815284330766,0.37,0.4355,1.0,0.0,8,0.04125000000000001,417.0
CPI-22AUG,2022-08-02,42,2022-09-13,True,0.1,0.498,0.2372677812093332,0.46499999999999997,0.398,1.0,0.0,8,0.03750000000000001,1818.0
CPI-22AUG,2022-08-03,41,2022-09-13,True,0.1,0.49850000000000005,0.2371660810487031,0.46499999999999997,0.3985000000000001,1.0,0.0,8,0.03625000000000001,15.0
CPI-22AUG,2022-08-04,40,2022-09-13,True,0.1,0.41300000000000003,0.2685721504549569,0.08999999999999997,0.31300000000000006,1.0,0.0,11,0.038181818181818185,2101.0
CPI-22AUG,2022-08-05,39,2022-09-13,True,0.1,0.514,0.3013370206264076,0.06499999999999995,0.41400000000000003,1.0,0.0,11,0.040000000000000015,6274.0
CPI-22AUG,2022-08-06,38,2022-09-13,True,0.1,0.47900000000000004,0.2999316588824861,0.07500000000000007,0.379,1.0,0.0,11,0.03999999999999999,1306.0
CPI-22AUG,2022-08-07,37,2022-09-13,True,0.1,0.529,0.31505396363162935,0.07499999999999996,0.42900000000000005,1.0,0.0,11,0.0381818181818182,4453.0
CPI-22AUG,2022-08-08,36,2022-09-13,True,0.1,0.49350000000000005,0.3318248785127481,0.09499999999999997,0.39350000000000007,1.0,0.0,11,0.03545454545454545,5025.0
CPI-22AUG,2022-08-09,35,2022-09-13,True,0.1,0.455,0.32768124755621886,0.125,0.355,1.0,0.0,11,0.03272727272727272,1206.0
CPI-22AUG,2022-08-10,34,2022-09-13,True,0.1,0.29949999999999993,0.3467704572191812,0.165,0.19949999999999993,1.0000000000000002,0.0,11,0.03727272727272728,19046.0
CPI-22AUG,2022-08-11,33,2022-09-13,True,0.1,0.2685,0.3158445028807689,0.15500000000000003,0.1685,1.0,0.0,11,0.02090909090909092,10099.0
CPI-22AUG,2022-08-12,32,2022-09-13,True,0.1,0.24900000000000003,0.304300837987673,0.13,0.14900000000000002,1.0,0.0,11,0.02181818181818182,2597.0
CPI-22AUG,2022-08-13,31,2022-09-13,True,0.1,0.25149999999999995,0.3056104546641034,0.13499999999999998,0.15149999999999994,1.0000000000000002,0.0,11,0.020909090909090912,624.0
CPI-22AUG,2022-08-14,30,2022-09-13,True,0.1,0.24050000000000002,0.29800964749484204,0.14,0.1405,1.0,0.0,11,0.028181818181818197,4598.0
CPI-22AUG,2022-08-15,29,2022-09-13,True,0.1,0.1865,0.2539050019200095,0.15999999999999998,0.0865,1.0,0.0,11,0.030000000000000006,19445.0
CPI-22AUG,2022-08-16,28,2022-09-13,True,0.1,0.16100000000000003,0.2346891561193231,0.17000000000000004,0.061000000000000026,1.0,0.0,11,0.023636363636363636,9368.0
CPI-22AUG,2022-08-17,27,2022-09-13,True,0.1,0.16300000000000003,0.2379726875084618,0.14,0.06300000000000003,1.0,0.0050000000000000044,11,0.028181818181818186,798.0
CPI-22AUG,2022-08-18,26,2022-09-13,True,0.1,0.14700000000000002,0.22910914429590104,0.14,0.047000000000000014,1.0,0.0,11,0.025454545454545452,5154.0
CPI-22AUG,2022-08-19,25,2022-09-13,True,0.1,0.14100000000000001,0.2289519600265523,0.13,0.04100000000000001,1.0,0.0,11,0.02727272727272727,4076.0
CPI-22AUG,2022-08-20,24,2022-09-13,True,0.1,0.14,0.22649503305812252,0.125,0.04000000000000001,1.0,0.0,11,0.025454545454545452,292.0
CPI-22AUG,2022-08-21,23,2022-09-13,True,0.1,0.14150000000000001,0.2289710680413576,0.11000000000000004,0.04150000000000001,1.0,0.0,11,0.022727272727272728,3103.0
CPI-22AUG,2022-08-22,22,2022-09-13,True,0.1,0.12100000000000002,0.21785086642012697,0.09499999999999997,0.02100000000000002,1.0,0.0,11,0.021818181818181816,5445.0
CPI-22AUG,2022-08-23,21,2022-09-13,True,0.1,0.0285,0.2057613909362007,0.145,0.07150000000000001,1.0,0.0050000000000000044,12,0.03250000000000001,15546.0
CPI-22AUG,2022-08-24,20,2022-09-13,True,0.1,0.027000000000000003,0.19992748685460937,0.185,0.07300000000000001,1.0,0.02500000000000001,12,0.020000000000000007,6196.0
CPI-22AUG,2022-08-25,19,2022-09-13,True,0.1,0.036500000000000005,0.22072097770714955,0.16999999999999998,0.0635,1.0,0.014999999999999993,12,0.020000000000000007,5624.0
CPI-22AUG,2022-08-26,18,2022-09-13,True,0.1,0.020000000000000004,0.20808652046684814,0.14500000000000002,0.08,1.0,0.015,12,0.01916666666666666,2367.0
CPI-22AUG,2022-08-27,17,2022-09-13,True,0.1,0.049,0.2596131737797603,0.12,0.051000000000000004,1.0,0.010000000000000002,12,0.020833333333333332,11839.0
CPI-22AUG,2022-08-28,16,2022-09-13,True,0.1,0.051000000000000004,0.23579440196917317,0.14999999999999997,0.049,1.0,0.014999999999999986,12,0.025000000000000005,3742.0
CPI-22AUG,2022-08-29,15,2022-09-13,True,0.1,0.04399999999999999,0.2542911716910361,0.13,0.056000000000000015,1.0,0.010000000000000009,12,0.015000000000000001,10002.0
CPI-22AUG,2022-08-30,14,2022-09-13,True,0.1,0.03900000000000001,0.248754899449237,0.135,0.061,1.0,0.0,12,0.02,5522.0
CPI-22AUG,2022-08-31,13,2022-09-13,True,0.1,0.031500000000000014,0.23823885073597884,0.13500000000000004,0.06849999999999999,1.0,0.0,12,0.017499999999999998,6989.0
CPI-22AUG,2022-09-01,12,2022-09-13,True,0.1,0.03399999999999999,0.2337605612587376,0.125,0.06600000000000002,1.0,0.0,12,0.021666666666666667,5908.0
CPI-22AUG,2022-09-02,11,2022-09-13,True,0.1,0.010499999999999999,0.21057005960012457,0.13,0.08950000000000001,1.0,0.0,12,0.027499999999999997,7284.0
CPI-22AUG,2022-09-03,10,2022-09-13,True,0.1,0.007499999999999999,0.20516761440344333,0.11499999999999999,0.09250000000000001,1.0,0.004999999999999999,12,0.021666666666666667,125.0
CPI-22AUG,2022-09-04,9,2022-09-13,True,0.1,0.0004999999999999987,0.19836771410690807,0.09499999999999997,0.0995,1.0,0.0,12,0.022500000000000003,1874.0
CPI-22AUG,2022-09-05,8,2022-09-13,True,0.1,-0.0015000000000000065,0.19531448998986226,0.10999999999999999,0.1015,1.0,0.0,12,0.017499999999999995,3834.0
CPI-22AUG,2022-09-06,7,2022-09-13,True,0.1,-0.08749999999999997,0.2688749709437455,0.06999999999999998,0.18749999999999997,1.0,0.0,15,0.02066666666666667,9383.0
CPI-22AUG,2022-09-07,6,2022-09-13,True,0.1,-0.07499999999999997,0.25588083163847974,0.08499999999999996,0.175,1.0,0.0,15,0.02533333333333335,5330.0
CPI-22AUG,2022-09-08,5,2022-09-13,True,0.1,-0.12849999999999998,0.2171122981316351,0.07,0.22849999999999998,1.0,0.005000000000000001,15,0.022000000000000006,11604.0
CPI-22AUG,2022-09-09,4,2022-09-13,True,0.1,-0.11699999999999998,0.2231837807727076,0.135,0.21699999999999997,1.0,0.005000000000000001,15,0.024,8634.0
CPI-22AUG,2022-09-10,3,2022-09-13,True,0.1,-0.13999999999999999,0.21166010488516726,0.08500000000000002,0.24,1.0,0.005000000000000001,15,0.02733333333333334,4120.0
CPI-22AUG,2022-09-11,2,2022-09-13,True,0.1,-0.14049999999999996,0.2370859548771289,0.07500000000000001,0.24049999999999996,1.0,0.004999999999999999,15,0.06400000000000002,1628.0
CPI-22AUG,2022-09-12,1,2022-09-13,True,0.1,-0.1335,0.2103039467057145,0.10499999999999998,0.2335,1.0,0.0,15,0.01533333333333334,13717.0
CPI-22AUG,2022-09-13,0,2022-09-13,True,0.1,-0.13649999999999998,0.19979426918708157,0.045,0.2365,1.0,0.0,15,0.040666666666666657,4826.0
CPI-22DEC,2022-11-02,71,2023-01-12,True,-0.1,0.20000000000000004,0.13674794331177345,0.30000000000000004,0.30000000000000004,1.0,0.0,3,0.6666666666666666,0.0
CPI-22DEC,2022-11-07,66,2023-01-12,True,-0.1,0.20600000000000004,0.12870120434556936,0.22999999999999998,0.30600000000000005,1.0,0.0,3,0.6066666666666666,0.0
CPI-22DEC,2022-11-15,58,2023-01-12,True,-0.1,0.6000000000000001,0.2449489742783178,0.6,0.7000000000000001,1.0,0.044999999999999984,3,0.8133333333333334,0.0
CPI-22DEC,2022-11-16,57,2023-01-12,True,-0.1,0.333,0.2295887627912133,0.12,0.43300000000000005,1.0,0.0,9,0.04222222222222223,195.0
CPI-22DEC,2022-11-18,55,2023-01-12,True,-0.1,0.31100000000000005,0.22355983539088592,0.14500000000000002,0.41100000000000003,1.0,0.0,9,0.044444444444444446,366.0
CPI-22DEC,2022-11-20,53,2023-01-12,True,-0.1,0.29750000000000004,0.17844817174742925,0.08999999999999997,0.3975000000000001,1.0,0.0,9,0.03888888888888889,3466.0
CPI-22DEC,2022-11-21,52,2023-01-12,True,-0.1,0.25725,0.1867081613106401,0.14500000000000002,0.35724999999999996,1.0,0.0,8,0.043750000000000004,696.0
CPI-22DEC,2022-11-22,51,2023-01-12,True,-0.1,0.26549999999999996,0.1742404947192242,0.14,0.36549999999999994,1.0,0.0,4,0.04750000000000001,100.0
CPI-22DEC,2022-11-23,50,2023-01-12,True,-0.1,0.21900000000000003,0.1903654380395769,0.20999999999999996,0.31900000000000006,1.0,0.0,9,0.04,1425.0
CPI-22DEC,2022-11-24,49,2023-01-12,True,-0.1,0.2135,0.1879966755025205,0.21999999999999997,0.3135,1.0,0.0,6,0.04000000000000002,701.0
CPI-22DEC,2022-11-25,48,2023-01-12,True,-0.1,0.1955,0.16471111073634345,0.24,0.2955,1.0,0.0,5,0.046000000000000006,571.0
CPI-22DEC,2022-11-26,47,2023-01-12,True,-0.1,0.1285,0.08208379864504323,0.235,0.2285,1.0,0.0,2,0.05500000000000005,0.0
CPI-22DEC,2022-11-27,46,2023-01-12,True,-0.1,0.16600000000000004,0.11976643937263896,0.235,0.266,1.0,0.0,3,0.053333333333333365,125.0
CPI-22DEC,2022-11-28,45,2023-01-12,True,-0.1,0.19925000000000004,0.1842198075669389,0.245,0.29925,1.0,0.0,7,0.04000000000000002,0.0
CPI-22DEC,2022-11-30,43,2023-01-12,True,-0.1,0.16900000000000004,0.1817663335164133,0.345,0.269,1.0,0.0,8,0.035,3250.0
CPI-22DEC,2022-12-01,42,2023-01-12,True,-0.1,0.18250000000000002,0.18314952907392365,0.32000000000000006,0.28250000000000003,1.0,0.0,8,0.03374999999999999,2444.0
CPI-22DEC,2022-12-02,41,2023-01-12,True,-0.1,0.15875,0.18414922617268853,0.39,0.25875000000000004,1.0,0.0,7,0.030000000000000002,731.0
CPI-22DEC,2022-12-03,40,2023-01-12,True,-0.1,0.0995,0.08746284925612703,0.385,0.1995,1.0,0.0,2,0.04500000000000004,0.0
CPI-22DEC,2022-12-05,38,2023-01-12,True,-0.1,0.1735,0.17789814501562404,0.345,0.27349999999999997,1.0,0.0,6,0.04500000000000001,1329.0
CPI-22DEC,2022-12-06,37,2023-01-12,True,-0.1,0.163,0.171262955714305,0.355,0.263,1.0,0.0,6,0.04,300.0
CPI-22DEC,2022-12-07,36,2023-01-12,True,-0.1,0.132,0.16992939710362065,0.46499999999999997,0.232,1.0,0.0,8,0.025,3217.0
CPI-22DEC,2022-12-08,35,2023-01-12,True,-0.1,0.052499999999999984,0.21046080395170974,0.15500000000000003,0.1525,1.0,0.0,11,0.039090909090909086,2737.0
CPI-22DEC,2022-12-09,34,2023-01-12,True,-0.1,0.05299999999999998,0.206375870682597,0.15500000000000003,0.15299999999999997,1.0,0.0,9,0.03777777777777777,625.0
CPI-22DEC,2022-12-10,33,2023-01-12,True,-0.1,0.03949999999999999,0.1977112793949804,0.16500000000000004,0.1395,1.0,0.0,8,0.04374999999999998,1239.0
CPI-22DEC,2022-12-11,32,2023-01-12,True,-0.1,0.03925000000000001,0.19924090318004484,0.16999999999999993,0.13925,1.0,0.0,7,0.04428571428571427,548.0
CPI-22DEC,2022-12-12,31,2023-01-12,True,-0.1,0.019000000000000003,0.21245940788771864,0.15000000000000002,0.11900000000000001,1.0,0.0,8,0.04500000000000001,2259.0
CPI-22DEC,2022-12-13,30,2023-01-12,True,-0.1,-0.05649999999999999,0.2157724495852054,0.19499999999999995,0.04350000000000002,1.0,0.0,10,0.041000000000000016,11362.0
CPI-22DEC,2022-12-14,29,2023-01-12,True,-0.1,-0.03399999999999999,0.20722934155181788,0.15500000000000003,0.06600000000000002,1.0,0.0,9,0.02444444444444444,5424.0
CPI-22DEC,2022-12-15,28,2023-01-12,True,-0.1,-0.048000000000000015,0.1897261183917491,0.17000000000000004,0.05199999999999999,1.0,0.0,9,0.026666666666666672,23731.0
CPI-22DEC,2022-12-16,27,2023-01-12,True,-0.1,-0.05474999999999999,0.2072798530972077,0.18500000000000005,0.04525000000000001,1.0,0.0,11,0.026363636363636377,2385.0
CPI-22DEC,2022-12-17,26,2023-01-12,True,-0.1,-0.04399999999999999,0.13139254164525474,0.52,0.056000000000000015,1.0,0.0,2,0.030000000000000027,5.0
CPI-22DEC,2022-12-18,25,2023-01-12,True,-0.1,-0.0685,0.18427628713429192,0.19500000000000006,0.0315,1.0,0.0,8,0.03375,9299.0
CPI-22DEC,2022-12-19,24,2023-01-12,True,-0.1,-0.06775000000000002,0.1841804482022997,0.18500000000000005,0.03224999999999999,1.0,0.0,6,0.040000000000000015,1058.0
CPI-22DEC,2022-12-20,23,2023-01-12,True,-0.1,-0.10199999999999998,0.15746745695539763,0.31499999999999995,0.001999999999999974,1.0,0.0,9,0.024444444444444446,28586.0
CPI-22DEC,2022-12-21,22,2023-01-12,True,-0.1,-0.09224999999999997,0.1604756601481982,0.355,0.007750000000000035,1.0,0.0,8,0.027500000000000004,14042.0
CPI-22DEC,2022-12-22,21,2023-01-12,True,-0.1,-0.0885,0.14183705439693817,0.3999999999999999,0.01150000000000001,1.0,0.0,9,0.018888888888888886,18993.0
CPI-22DEC,2022-12-23,20,2023-01-12,True,-0.1,-0.08099999999999999,0.14744151382836518,0.365,0.019000000000000017,1.0,0.0,9,0.019999999999999997,37794.0
CPI-22DEC,2022-12-24,19,2023-01-12,True,-0.1,-0.10400000000000001,0.10958558299338467,0.55,0.0040000000000000036,1.0,0.0,3,0.019999999999999993,23.0
CPI-22DEC,2022-12-25,18,2023-01-12,True,-0.1,-0.08199999999999999,0.14551975810864998,0.365,0.018000000000000016,1.0,0.0,9,0.017777777777777778,25.0
CPI-22DEC,2022-12-26,17,2023-01-12,True,-0.1,-0.08900000000000001,0.12401209618420293,0.355,0.010999999999999996,1.0,0.0,5,0.019999999999999997,1929.0
CPI-22DEC,2022-12-27,16,2023-01-12,True,-0.1,-0.07699999999999999,0.1495693818934878,0.345,0.02300000000000002,1.0,0.0,8,0.022500000000000003,2081.0
CPI-22DEC,2022-12-28,15,2023-01-12,True,-0.1,-0.0795,0.16032700957730112,0.355,0.020500000000000004,1.0,0.0,6,0.023333333333333317,6558.0
CPI-22DEC,2022-12-29,14,2023-01-12,True,-0.1,-0.08149999999999998,0.14835009268618607,0.3550000000000001,0.01850000000000003,1.0,0.0,8,0.018749999999999985,143.0
CPI-22DEC,2022-12-30,13,2023-01-12,True,-0.1,-0.03800000000000001,0.18454267799075638,0.5549999999999999,0.06199999999999999,1.0,0.0,4,0.01749999999999998,293.0
CPI-22DEC,2022-12-31,12,2023-01-12,True,-0.1,-0.09700000000000002,0.08056674251823763,0.35,0.002999999999999989,1.0,0.0,2,0.019999999999999934,110.0
CPI-22DEC,2023-01-01,11,2023-01-12,True,-0.1,-0.08499999999999999,0.14908051515875573,0.3450000000000001,0.015000000000000013,1.0,0.0,7,0.024285714285714275,6013.0
CPI-22DEC,2023-01-02,10,2023-01-12,True,-0.1,-0.09099999999999997,0.1466935581407718,0.33,0.009000000000000036,1.0,0.0,7,0.022857142857142864,6136.0
CPI-22DEC,2023-01-03,9,2023-01-12,True,-0.1,-0.09274999999999997,0.15462838516908856,0.34,0.007250000000000034,1.0,0.0,7,0.020000000000000007,4441.0
CPI-22DEC,2023-01-04,8,2023-01-12,True,-0.1,-0.0945,0.1520518003839481,0.32,0.005500000000000005,1.0,0.0,6,0.030000000000000016,3743.0
CPI-22DEC,2023-01-05,7,2023-01-12,True,-0.1,-0.10349999999999998,0.16097437684302432,0.6,0.0034999999999999754,1.0,0.0,8,0.021250000000000005,635.0
CPI-22DEC,2023-01-06,6,2023-01-12,True,-0.1,-0.09599999999999997,0.1441665703275208,0.35,0.004000000000000031,1.0,0.0,9,0.02222222222222223,13244.0
CPI-22DEC,2023-01-07,5,2023-01-12,True,-0.1,-0.07474999999999997,0.1700733297727777,0.505,0.025250000000000036,1.0,0.0,6,0.01666666666666667,2065.0
CPI-22DEC,2023-01-08,4,2023-01-12,True,-0.1,-0.103,0.12037856952132302,0.33,0.002999999999999989,1.0,0.0,4,0.025000000000000022,2327.0
CPI-22DEC,2023-01-09,3,2023-01-12,True,-0.1,-0.104,0.1199333148045196,0.33999999999999997,0.00399999999999999,1.0,0.0,4,0.02500000000000001,2250.0
CPI-22DEC,2023-01-10,2,2023-01-12,True,-0.1,-0.09549999999999999,0.14604708144978457,0.33999999999999997,0.004500000000000018,1.0,0.004999999999999999,8,0.027500000000000004,13044.0
CPI-22DEC,2023-01-11,1,2023-01-12,True,-0.1,-0.11199999999999999,0.1251239385569364,0.385,0.011999999999999983,1.0,0.0,8,0.022500000000000006,23822.0
CPI-22DEC,2023-01-12,0,2023-01-12,True,-0.1,-0.09899999999999998,0.1445648643343188,0.365,0.0010000000000000286,1.0,0.0,12,0.015000000000000005,11472.0
CPI-22FEB,2022-02-10,28,2022-03-10,True,0.8,0.603,0.136715032092305,0.22,0.19700000000000006,1.0,0.0,4,0.03500000000000002,663.0
CPI-22FEB,2022-02-11,27,2022-03-10,True,0.8,0.603,0.12446284586172691,0.16,0.19700000000000006,1.0,0.0,4,0.03500000000000002,1337.0
CPI-22FEB,2022-02-12,26,2022-03-10,True,0.8,0.6035,0.12465051143096041,0.16,0.1965,1.0,0.0,4,0.032500000000000015,58.0
CPI-22FEB,2022-02-13,25,2022-03-10,True,0.8,0.6065,0.12127551277978581,0.16499999999999998,0.1935,1.0,0.0,4,0.027500000000000004,553.0
CPI-22FEB,2022-02-14,24,2022-03-10,True,0.8,0.602,0.11872657663724662,0.135,0.19800000000000006,1.0,0.0,4,0.030000000000000013,354.0
CPI-22FEB,2022-02-15,23,2022-03-10,True,0.8,0.602,0.11788129622633096,0.135,0.19800000000000006,1.0,0.0,4,0.02500000000000001,209.0
CPI-22FEB,2022-02-16,22,2022-03-10,True,0.8,0.6085,0.1190703573522814,0.14,0.1915,1.0,0.0,4,0.03750000000000001,831.0
CPI-22FEB,2022-02-17,21,2022-03-10,True,0.8,0.613,0.11929375507544387,0.14500000000000002,0.18700000000000006,1.0,0.0,4,0.030000000000000006,387.0
CPI-22FEB,2022-02-18,20,2022-03-10,True,0.8,0.615,0.11821590417536887,0.14500000000000002,0.18500000000000005,1.0,0.0,4,0.029999999999999978,208.0
CPI-22FEB,2022-02-19,19,2022-03-10,True,0.8,0.615,0.11863810517704668,0.14500000000000002,0.18500000000000005,1.0,0.0,4,0.024999999999999974,295.0
CPI-22FEB,2022-02-20,18,2022-03-10,True,0.8,0.608,0.1242416999239788,0.14500000000000002,0.19200000000000006,1.0,0.0,4,0.025,855.0
CPI-22FEB,2022-02-21,17,2022-03-10,True,0.8,0.612,0.11981652640600124,0.14500000000000002,0.18800000000000006,1.0,0.0,4,0.030000000000000006,325.0
CPI-22FEB,2022-02-22,16,2022-03-10,True,0.8,0.611,0.121156923037852,0.14500000000000002,0.18900000000000006,1.0,0.0,4,0.030000000000000006,25.0
CPI-22FEB,2022-02-23,15,2022-03-10,True,0.8,0.6145,0.12821758849705445,0.2,0.1855,1.0,0.0,4,0.03250000000000001,1019.0
CPI-22FEB,2022-02-24,14,2022-03-10,True,0.8,0.6259999999999999,0.12776541002947547,0.22,0.17400000000000015,1.0,0.0,4,0.034999999999999976,1264.0
CPI-22FEB,2022-02-25,13,2022-03-10,True,0.8,0.6315,0.12750588221725298,0.235,0.1685000000000001,1.0,0.0,4,0.02249999999999997,1402.0
CPI-22FEB,2022-02-26,12,2022-03-10,True,0.8,0.632,0.12718490476467711,0.235,0.16800000000000004,1.0,0.0,4,0.019999999999999997,87.0
CPI-22FEB,2022-02-27,11,2022-03-10,True,0.8,0.6415,0.12817078450255343,0.27,0.15850000000000009,1.0,0.0,4,0.03749999999999999,2093.0
CPI-22FEB,2022-02-28,10,2022-03-10,True,0.8,0.6679999999999999,0.12990765951243982,0.38,0.13200000000000012,1.0,0.0,4,0.03,4806.0
CPI-22FEB,2022-03-01,9,2022-03-10,True,0.8,0.667,0.1334578585172113,0.36,0.133,1.0,0.0,4,0.02500000000000001,2909.0
CPI-22FEB,2022-03-02,8,2022-03-10,True,0.8,0.6685,0.12945172845504996,0.35,0.13150000000000006,1.0,0.0,4,0.02750000000000001,1351.0
CPI-22FEB,2022-03-03,7,2022-03-10,True,0.8,0.6719999999999999,0.1277340988146861,0.355,0.1280000000000001,1.0,0.0,4,0.024999999999999994,436.0
CPI-22FEB,2022-03-04,6,2022-03-10,True,0.8,0.6799999999999999,0.1268857754044952,0.41000000000000003,0.1200000000000001,1.0,0.0,4,0.024999999999999953,1356.0
CPI-22FEB,2022-03-05,5,2022-03-10,True,0.8,0.6815,0.12533056291264308,0.41000000000000003,0.11850000000000005,1.0,0.0,4,0.027499999999999955,581.0
CPI-22FEB,2022-03-06,4,2022-03-10,True,0.8,0.6884999999999999,0.12656124999382704,0.47,0.11150000000000015,1.0,0.0,4,0.04749999999999997,175.0
CPI-22FEB,2022-03-07,3,2022-03-10,True,0.8,0.691,0.1200791405698758,0.44,0.1090000000000001,1.0,0.0,4,0.025000000000000022,3664.0
CPI-22FEB,2022-03-08,2,2022-03-10,True,0.8,0.69,0.127671453348037,0.49,0.1100000000000001,1.0,0.0,4,0.025000000000000022,8738.0
CPI-22FEB,2022-03-09,1,2022-03-10,True,0.8,0.707,0.11979565935375118,0.52,0.09300000000000008,1.0,0.0,4,0.025000000000000022,13399.0
CPI-22FEB,2022-03-10,0,2022-03-10,True,0.8,0.724,0.11146299834474215,0.59,0.07600000000000007,1.0,0.0,4,0.030000000000000027,3942.0
CPI-22JAN,2022-01-13,28,2022-02-10,True,0.6,0.59,0.14798648586948737,0.20999999999999996,0.010000000000000009,1.0,0.0,4,0.029999999999999978,1202.0
CPI-22JAN,2022-01-14,27,2022-02-10,True,0.6,0.5885,0.14462969957792207,0.21500000000000008,0.011499999999999955,1.0,0.0,4,0.03249999999999998,522.0
CPI-22JAN,2022-01-15,26,2022-02-10,True,0.6,0.594,0.14921125962875587,0.21000000000000008,0.006000000000000005,1.0,0.0,4,0.03499999999999999,742.0
CPI-22JAN,2022-01-16,25,2022-02-10,True,0.6,0.5770000000000001,0.14822617852457776,0.235,0.02299999999999991,1.0,0.0,4,0.03,210.0
CPI-22JAN,2022-01-17,24,2022-02-10,True,0.6,0.5780000000000001,0.14634206503941372,0.25,0.02199999999999991,1.0,0.0,4,0.03500000000000001,273.0
CPI-22JAN,2022-01-18,23,2022-02-10,True,0.6,0.5790000000000001,0.14614718608307173,0.26,0.020999999999999908,1.0,0.0,4,0.03499999999999998,897.0
CPI-22JAN,2022-01-19,22,2022-02-10,True,0.6,0.5805,0.14549828177679622,0.27,0.019499999999999962,1.0,0.0,4,0.03249999999999998,450.0
CPI-22JAN,2022-01-20,21,2022-02-10,True,0.6,0.577,0.13737175837849638,0.275,0.02300000000000002,1.0,0.0,4,0.03499999999999998,1131.0
CPI-22JAN,2022-01-21,20,2022-02-10,True,0.6,0.5705,0.13183227981037116,0.30000000000000004,0.02949999999999997,1.0,0.0,4,0.03749999999999999,161.0
CPI-22JAN,2022-01-22,19,2022-02-10,True,0.6,0.571,0.13137351331223504,0.30000000000000004,0.029000000000000026,1.0,0.0,4,0.039999999999999994,321.0
CPI-22JAN,2022-01-23,18,2022-02-10,True,0.6,0.5740000000000001,0.12932130528261768,0.32500000000000007,0.025999999999999912,1.0,0.0,4,0.03499999999999999,770.0
CPI-22JAN,2022-01-24,17,2022-02-10,True,0.6,0.575,0.12835497652993433,0.33999999999999997,0.025000000000000022,1.0,0.0,4,0.030000000000000013,414.0
CPI-22JAN,2022-01-25,16,2022-02-10,True,0.6,0.5755,0.12980658688988012,0.31999999999999995,0.024499999999999966,1.0,0.0,4,0.022500000000000013,215.0
CPI-22JAN,2022-01-26,15,2022-02-10,True,0.6,0.573,0.12153600289626115,0.31999999999999995,0.027000000000000024,1.0,0.0,4,0.024999999999999953,1035.0
CPI-22JAN,2022-01-27,14,2022-02-10,True,0.6,0.5720000000000001,0.12335315156087417,0.31499999999999995,0.027999999999999914,1.0,0.0,4,0.03499999999999996,1626.0
CPI-22JAN,2022-01-28,13,2022-02-10,True,0.6,0.579,0.11772425408555365,0.33499999999999996,0.02100000000000002,1.0,0.0,4,0.030000000000000013,1640.0
CPI-22JAN,2022-01-29,12,2022-02-10,True,0.6,0.58,0.11747340124470729,0.32999999999999996,0.020000000000000018,1.0,0.0,4,0.03000000000000002,810.0
CPI-22JAN,2022-01-30,11,2022-02-10,True,0.6,0.5785,0.11742125020625524,0.30999999999999994,0.021499999999999964,1.0,0.0,4,0.022499999999999985,327.0
CPI-22JAN,2022-01-31,10,2022-02-10,True,0.6,0.579,0.11644311916124542,0.35,0.02100000000000002,1.0,0.0,4,0.020000000000000004,832.0
CPI-22JAN,2022-02-01,9,2022-02-10,True,0.6,0.578,0.11668761716651854,0.3400000000000001,0.02200000000000002,1.0,0.0,4,0.02499999999999998,1399.0
CPI-22JAN,2022-02-02,8,2022-02-10,True,0.6,0.5785,0.11994894747349805,0.3400000000000001,0.021499999999999964,1.0,0.0,4,0.027499999999999986,2305.0
CPI-22JAN,2022-02-03,7,2022-02-10,True,0.6,0.5785,0.12077975823787691,0.35,0.021499999999999964,1.0,0.0,4,0.027500000000000014,1171.0
CPI-22JAN,2022-02-04,6,2022-02-10,True,0.6,0.5760000000000001,0.12658593918757327,0.31500000000000006,0.02399999999999991,1.0,0.0,4,0.024999999999999984,5643.0
CPI-22JAN,2022-02-05,5,2022-02-10,True,0.6,0.563,0.13390668392578467,0.33000000000000007,0.03700000000000003,1.0,0.0,4,0.02999999999999998,4964.0
CPI-22JAN,2022-02-06,4,2022-02-10,True,0.6,0.5665,0.1323924091479568,0.3500000000000001,0.033499999999999974,1.0,0.0,4,0.02749999999999998,2179.0
CPI-22JAN,2022-02-07,3,2022-02-10,True,0.6,0.5745,0.13747636160445909,0.33499999999999996,0.025499999999999967,1.0,0.0,4,0.03249999999999999,7034.0
CPI-22JAN,2022-02-08,2,2022-02-10,True,0.6,0.589,0.1287594656714604,0.30500000000000005,0.01100000000000001,1.0,0.0,4,0.03499999999999998,9828.0
CPI-22JAN,2022-02-09,1,2022-02-10,True,0.6,0.5645,0.12525873223053152,0.34,0.035499999999999976,1.0,0.0,4,0.06250000000000003,8904.0
CPI-22JAN,2022-02-10,0,2022-02-10,True,0.6,0.559,0.12656618821786486,0.20499999999999996,0.040999999999999925,1.0,0.0,4,0.03000000000000001,6751.0
CPI-22JUL,2022-04-26,106,2022-08-10,True,0.0,0.5135,0.2804777174750251,0.12,0.5135,1.0,0.0,11,0.03545454545454545,0.0
CPI-22JUL,2022-04-27,105,2022-08-10,True,0.0,0.517,0.27930449334015384,0.10999999999999999,0.517,1.0,0.0,11,0.030909090909090896,100.0
CPI-22JUL,2022-04-28,104,2022-08-10,True,0.0,0.5185,0.27876109843376645,0.10999999999999999,0.5185,1.0,0.0,11,0.03181818181818181,20.0
CPI-22JUL,2022-04-29,103,2022-08-10,True,0.0,0.521,0.27903225619988814,0.10999999999999999,0.521,1.0,0.0,11,0.030909090909090896,20.0
CPI-22JUL,2022-05-04,98,2022-08-10,True,0.0,0.5245,0.275589822018158,0.08499999999999996,0.5245,1.0,0.0,11,0.029999999999999995,193.0
CPI-22JUL,2022-05-05,97,2022-08-10,True,0.0,0.5295,0.27309293290013936,0.07499999999999996,0.5295,1.0,0.0,11,0.031818181818181815,158.0
CPI-22JUL,2022-05-10,92,2022-08-10,True,0.0,0.36949999999999994,0.26985134796772836,0.24499999999999994,0.36949999999999994,1.0000000000000002,0.0,11,0.033636363636363645,320.0
CPI-22JUL,2022-05-11,91,2022-08-10,True,0.0,0.42100000000000004,0.27885300787332384,0.19999999999999996,0.42100000000000004,1.0,0.0,11,0.03454545454545454,5.0
CPI-22JUL,2022-05-12,90,2022-08-10,True,0.0,0.42900000000000005,0.2766929706371306,0.18500000000000005,0.42900000000000005,1.0,0.0,11,0.03454545454545454,341.0
CPI-22JUL,2022-05-13,89,2022-08-10,True,0.0,0.25250000000000006,0.07870038119348599,0.18500000000000005,0.25250000000000006,1.0,0.0,2,0.034999999999999976,0.0
CPI-22JUL,2022-05-14,88,2022-08-10,True,0.0,0.25250000000000006,0.07870038119348599,0.18500000000000005,0.25250000000000006,1.0,0.0,2,0.034999999999999976,0.0
CPI-22JUL,2022-05-15,87,2022-08-10,True,0.0,0.25250000000000006,0.07870038119348599,0.18500000000000005,0.25250000000000006,1.0,0.0,2,0.034999999999999976,0.0
CPI-22JUL,2022-05-16,86,2022-08-10,True,0.0,0.25250000000000006,0.07870038119348599,0.18500000000000005,0.25250000000000006,1.0,0.0,2,0.034999999999999976,0.0
CPI-22JUL,2022-05-17,85,2022-08-10,True,0.0,0.3095,0.11857381667130398,0.18500000000000005,0.3095,1.0,0.0,3,0.036666666666666625,0.0
CPI-22JUL,2022-05-18,84,2022-08-10,True,0.0,0.52475,0.3076116667163325,0.18500000000000005,0.52475,1.0,0.0,4,0.03499999999999997,1.0
CPI-22JUL,2022-05-19,83,2022-08-10,True,0.0,0.3095,0.11857381667130398,0.18500000000000005,0.3095,1.0,0.0,3,0.036666666666666625,0.0
CPI-22JUL,2022-05-20,82,2022-08-10,True,0.0,0.3095,0.11857381667130398,0.18500000000000005,0.3095,1.0,0.0,3,0.036666666666666625,0.0
CPI-22JUL,2022-05-21,81,2022-08-10,True,0.0,0.3095,0.11857381667130398,0.18500000000000005,0.3095,1.0,0.0,3,0.036666666666666625,0.0
CPI-22JUL,2022-05-22,80,2022-08-10,True,0.0,0.4365,0.2748049308145689,0.15500000000000003,0.4365,1.0,0.0,11,0.031818181818181815,355.0
CPI-22JUL,2022-05-23,79,2022-08-10,True,0.0,0.43600000000000005,0.2762317867299128,0.16999999999999993,0.43600000000000005,1.0,0.0,11,0.032727272727272716,106.0
CPI-22JUL,2022-05-24,78,2022-08-10,True,0.0,0.3135,0.11605063550019878,0.16999999999999993,0.3135,1.0,0.0,3,0.036666666666666625,0.0
CPI-22JUL,2022-05-25,77,2022-08-10,True,0.0,0.3135,0.11605063550019878,0.16999999999999993,0.3135,1.0,0.0,3,0.036666666666666625,0.0
CPI-22JUL,2022-05-26,76,2022-08-10,True,0.0,0.3135,0.11605063550019878,0.16999999999999993,0.3135,1.0,0.0,3,0.036666666666666625,0.0
CPI-22JUL,2022-05-27,75,2022-08-10,True,0.0,0.3135,0.11605063550019878,0.16999999999999993,0.3135,1.0,0.0,3,0.036666666666666625,0.0
CPI-22JUL,2022-05-28,74,2022-08-10,True,0.0,0.3135,0.11605063550019878,0.16999999999999993,0.3135,1.0,0.0,3,0.036666666666666625,0.0
CPI-22JUL,2022-05-29,73,2022-08-10,True,0.0,0.3135,0.11605063550019878,0.16999999999999993,0.3135,1.0,0.0,3,0.036666666666666625,0.0
CPI-22JUL,2022-05-30,72,2022-08-10,True,0.0,0.3135,0.11605063550019878,0.16999999999999993,0.3135,1.0,0.0,3,0.036666666666666625,0.0
CPI-22JUL,2022-05-31,71,2022-08-10,True,0.0,0.4395,0.2736599166849249,0.14500000000000002,0.4395,1.0,0.0,11,0.029999999999999995,227.0
CPI-22JUL,2022-06-01,70,2022-08-10,True,0.0,0.44125,0.27737328187841026,0.16000000000000003,0.44125,1.0,0.0,10,0.032,68.0
CPI-22JUL,2022-06-02,69,2022-08-10,True,0.0,0.315,0.11434596626029273,0.16000000000000003,0.315,1.0,0.0,3,0.04,0.0
CPI-22JUL,2022-06-03,68,2022-08-10,True,0.0,0.4945,0.29936557918371315,0.11499999999999999,0.4945,1.0,0.0,11,0.03181818181818183,2414.0
CPI-22JUL,2022-06-04,67,2022-08-10,True,0.0,0.49700000000000005,0.2911460114787768,0.115,0.49700000000000005,0.9999999999999999,0.0,7,0.03571428571428572,20.0
CPI-22JUL,2022-06-05,66,2022-08-10,True,0.0,0.501,0.287052260050326,0.12,0.501,1.0,0.0,6,0.038333333333333344,0.0
CPI-22JUL,2022-06-06,65,2022-08-10,True,0.0,0.501,0.287052260050326,0.12,0.501,1.0,0.0,6,0.038333333333333344,0.0
CPI-22JUL,2022-06-07,64,2022-08-10,True,0.0,0.522,0.3066202863477889,0.10499999999999998,0.522,1.0,0.0,11,0.034545454545454546,970.0
CPI-22JUL,2022-06-08,63,2022-08-10,True,0.0,0.5195,0.3084959481095335,0.12499999999999997,0.5195,1.0000000000000002,0.0,11,0.031818181818181815,279.0
CPI-22JUL,2022-06-09,62,2022-08-10,True,0.0,0.51925,0.2971816574083939,0.125,0.51925,1.0,0.0,7,0.03142857142857142,0.0
CPI-22JUL,2022-06-10,61,2022-08-10,True,0.0,0.7325,0.28141384116635065,0.025000000000000022,0.7325,1.0,0.0,11,0.028181818181818176,7653.0
CPI-22JUL,2022-06-11,60,2022-08-10,True,0.0,0.722,0.28304769916040656,0.03500000000000003,0.722,1.0,0.0,11,0.030909090909090917,908.0
CPI-22JUL,2022-06-12,59,2022-08-10,True,0.0,0.7190000000000001,0.26933065180183263,0.03500000000000003,0.7190000000000001,1.0,0.0,8,0.02875,30.0
CPI-22JUL,2022-06-13,58,2022-08-10,True,0.0,0.7375,0.280078114103905,0.025000000000000022,0.7375,1.0,0.0,11,0.035454545454545454,1828.0
CPI-22JUL,2022-06-14,57,2022-08-10,True,0.0,0.728,0.29447580545776597,0.040000000000000036,0.728,1.0,0.0,11,0.03454545454545454,1795.0
CPI-22JUL,2022-06-15,56,2022-08-10,True,0.0,0.721,0.29147727184121924,0.025000000000000022,0.721,1.0,0.0,11,0.039999999999999994,884.0
CPI-22JUL,2022-06-16,55,2022-08-10,True,0.0,0.7255,0.295126667720828,0.025000000000000022,0.7255,1.0,0.0,11,0.03545454545454545,274.0
CPI-22JUL,2022-06-17,54,2022-08-10,True,0.0,0.6719999999999999,0.30201986689620275,0.04500000000000003,0.6719999999999999,1.0000000000000002,0.0,11,0.04000000000000001,3009.0
CPI-22JUL,2022-06-18,53,2022-08-10,True,0.0,0.6774999999999999,0.31359807078488217,0.054999999999999924,0.6774999999999999,1.0000000000000002,0.0,11,0.0409090909090909,2251.0
CPI-22JUL,2022-06-19,52,2022-08-10,True,0.0,0.6895000000000001,0.30877135553674667,0.03500000000000003,0.6895000000000001,1.0,0.0,11,0.04090909090909091,1114.0
CPI-22JUL,2022-06-21,50,2022-08-10,True,0.0,0.6900000000000001,0.3100000000000001,0.04000000000000004,0.6900000000000001,0.9999999999999999,0.0,11,0.03818181818181819,125.0
CPI-22JUL,2022-06-22,49,2022-08-10,True,0.0,0.679,0.3232011757404358,0.04500000000000004,0.679,1.0,0.0,11,0.034545454545454546,4884.0
CPI-22JUL,2022-06-23,48,2022-08-10,True,0.0,0.6614999999999999,0.32721208718505496,0.054999999999999924,0.6614999999999999,1.0000000000000002,0.0,11,0.03727272727272728,924.0
CPI-22JUL,2022-06-24,47,2022-08-10,True,0.0,0.6699999999999999,0.31670175244226234,0.025000000000000015,0.6699999999999999,1.0000000000000002,0.0,11,0.03454545454545457,1437.0
CPI-22JUL,2022-06-25,46,2022-08-10,True,0.0,0.6659999999999999,0.31677121081310405,0.025000000000000015,0.6659999999999999,1.0000000000000002,0.0,11,0.030909090909090928,98.0
CPI-22JUL,2022-06-26,45,2022-08-10,True,0.0,0.6674999999999999,0.3166918849607612,0.025000000000000015,0.6674999999999999,1.0000000000000002,0.0,11,0.03363636363636366,0.0
CPI-22JUL,2022-06-27,44,2022-08-10,True,0.0,0.6664999999999999,0.3186341946496013,0.035000000000000024,0.6664999999999999,1.0000000000000002,0.0,11,0.035454545454545475,210.0
CPI-22JUL,2022-06-28,43,2022-08-10,True,0.0,0.6749999999999999,0.319491783931919,0.035000000000000024,0.6749999999999999,1.0000000000000002,0.0,11,0.038181818181818185,286.0
CPI-22JUL,2022-06-29,42,2022-08-10,True,0.0,0.6749999999999999,0.3188651752700505,0.035000000000000024,0.6749999999999999,1.0000000000000002,0.0,11,0.036363636363636376,4.0
CPI-22JUL,2022-06-30,41,2022-08-10,True,0.0,0.6505,0.3190607308961729,0.050000000000000044,0.6505,1.0,0.0,11,0.03727272727272727,3843.0
CPI-22JUL,2022-07-01,40,2022-08-10,True,0.0,0.5730000000000001,0.28155106108839306,0.06000000000000005,0.5730000000000001,1.0,0.0,11,0.041818181818181824,8289.0
CPI-22JUL,2022-07-02,39,2022-08-10,True,0.0,0.5535000000000001,0.2866840595498815,0.07499999999999996,0.5535000000000001,1.0,0.0,11,0.040909090909090895,894.0
CPI-22JUL,2022-07-03,38,2022-08-10,True,0.0,0.5530000000000002,0.2861660357205236,0.07499999999999996,0.5530000000000002,1.0,0.0,11,0.039999999999999994,100.0
CPI-22JUL,2022-07-04,37,2022-08-10,True,0.0,0.5375,0.29230762904857616,0.08499999999999996,0.5375,1.0,0.0,11,0.040909090909090895,1408.0
CPI-22JUL,2022-07-05,36,2022-08-10,True,0.0,0.6165,0.3161925837207445,0.06499999999999995,0.6165,1.0,0.0,11,0.024545454545454537,11731.0
CPI-22JUL,2022-07-06,35,2022-08-10,True,0.0,0.5675,0.30885878650282883,0.06499999999999995,0.5675,1.0,0.0,11,0.03909090909090907,3451.0
CPI-22JUL,2022-07-07,34,2022-08-10,True,0.0,0.5655,0.3083176122118229,0.06499999999999993,0.5655,1.0000000000000002,0.0,11,0.03909090909090907,72.0
CPI-22JUL,2022-07-08,33,2022-08-10,True,0.0,0.48549999999999993,0.29468584967724526,0.08999999999999996,0.48549999999999993,1.0000000000000002,0.0,11,0.03545454545454547,5459.0
CPI-22JUL,2022-07-09,32,2022-08-10,True,0.0,0.4615,0.2785098741517076,0.09999999999999998,0.4615,1.0,0.0,11,0.03727272727272727,2111.0
CPI-22JUL,2022-07-10,31,2022-08-10,True,0.0,0.4740000000000001,0.28146758250285236,0.09499999999999997,0.4740000000000001,1.0,0.0,11,0.036363636363636376,1022.0
CPI-22JUL,2022-07-11,30,2022-08-10,True,0.0,0.47150000000000003,0.2807806083047759,0.09499999999999997,0.47150000000000003,1.0,0.0,11,0.03363636363636364,3417.0
CPI-22JUL,2022-07-12,29,2022-08-10,True,0.0,0.46749999999999997,0.28564619724407325,0.09499999999999997,0.46749999999999997,1.0,0.0,11,0.03909090909090909,5920.0
CPI-22JUL,2022-07-13,28,2022-08-10,True,0.0,0.5555,0.30392392140139285,0.09499999999999997,0.5555,1.0,0.0,11,0.033636363636363645,36737.0
CPI-22JUL,2022-07-14,27,2022-08-10,True,0.0,0.5399999999999999,0.28948229652260266,0.09499999999999997,0.5399999999999999,1.0,0.0,11,0.02909090909090909,8120.0
CPI-22JUL,2022-07-15,26,2022-08-10,True,0.0,0.5365000000000001,0.2844604541935487,0.08499999999999996,0.5365000000000001,1.0,0.0,11,0.028181818181818193,6368.0
CPI-22JUL,2022-07-16,25,2022-08-10,True,0.0,0.516,0.28114764804280334,0.08499999999999996,0.516,1.0,0.0,11,0.03272727272727272,8334.0
CPI-22JUL,2022-07-17,24,2022-08-10,True,0.0,0.506,0.2786826151736057,0.09499999999999997,0.506,1.0,0.0,11,0.03454545454545455,3737.0
CPI-22JUL,2022-07-18,23,2022-08-10,True,0.0,0.5095000000000001,0.2756079643261421,0.09499999999999997,0.5095000000000001,1.0,0.0,11,0.02272727272727272,8258.0
CPI-22JUL,2022-07-19,22,2022-08-10,True,0.0,0.5035,0.28449560629296194,0.10499999999999995,0.5035,1.0000000000000002,0.0,11,0.028181818181818186,24932.0
CPI-22JUL,2022-07-20,21,2022-08-10,True,0.0,0.48200000000000015,0.2799571395767574,0.105,0.48200000000000015,0.9999999999999999,0.0,11,0.029090909090909098,13077.0
CPI-22JUL,2022-07-21,20,2022-08-10,True,0.0,0.47650000000000015,0.2778448307958959,0.10499999999999998,0.47650000000000015,1.0,0.0,11,0.02454545454545455,7244.0
CPI-22JUL,2022-07-22,19,2022-08-10,True,0.0,0.46350000000000013,0.27114156818901824,0.125,0.46350000000000013,1.0,0.0,11,0.030000000000000016,2830.0
CPI-22JUL,2022-07-23,18,2022-08-10,True,0.0,0.43800000000000006,0.26183200721073047,0.13,0.43800000000000006,1.0,0.0,11,0.03272727272727274,14212.0
CPI-22JUL,2022-07-24,17,2022-08-10,True,0.0,0.43600000000000005,0.2607757657452088,0.13,0.43600000000000005,1.0,0.0,11,0.029090909090909098,1251.0
CPI-22JUL,2022-07-25,16,2022-08-10,True,0.0,0.44350000000000006,0.2572114888569327,0.125,0.44350000000000006,1.0,0.0,11,0.02272727272727272,6128.0
CPI-22JUL,2022-07-26,15,2022-08-10,True,0.0,0.41150000000000003,0.2588778669566018,0.17999999999999994,0.41150000000000003,1.0,0.0,11,0.02999999999999998,18501.0
CPI-22JUL,2022-07-27,14,2022-08-10,True,0.0,0.4050000000000001,0.2515452245621053,0.16999999999999993,0.4050000000000001,1.0,0.0,11,0.029090909090909087,9643.0
CPI-22JUL,2022-07-28,13,2022-08-10,True,0.0,0.3885,0.23773462095370124,0.13,0.3885,1.0,0.005000000000000001,11,0.025454545454545455,12105.0
CPI-22JUL,2022-07-29,12,2022-08-10,True,0.0,0.4195000000000001,0.26223987111040153,0.10999999999999999,0.4195000000000001,1.0,0.0,11,0.026363636363636377,26873.0
CPI-22JUL,2022-07-30,11,2022-08-10,True,0.0,0.4230000000000001,0.26243284855368243,0.09499999999999997,0.4230000000000001,1.0,0.0,11,0.021818181818181834,1306.0
CPI-22JUL,2022-07-31,10,2022-08-10,True,0.0,0.41750000000000004,0.25776685201941696,0.10999999999999999,0.41750000000000004,1.0,0.0,11,0.02636363636363637,3427.0
CPI-22JUL,2022-08-01,9,2022-08-10,True,0.0,0.3950000000000001,0.2355313142662776,0.11499999999999999,0.3950000000000001,1.0,0.0,11,0.025454545454545462,17116.0
CPI-22JUL,2022-08-02,8,2022-08-10,True,0.0,0.3900000000000001,0.2275961335348209,0.10499999999999998,0.3900000000000001,1.0,0.0,11,0.02727272727272728,13324.0
CPI-22JUL,2022-08-03,7,2022-08-10,True,0.0,0.39249999999999985,0.22889681081220858,0.10999999999999996,0.39249999999999985,1.0000000000000002,0.0,11,0.026363636363636367,12935.0
CPI-22JUL,2022-08-04,6,2022-08-10,True,0.0,0.39550000000000013,0.22962959304061836,0.10999999999999999,0.39550000000000013,1.0,0.0,11,0.020909090909090912,6431.0
CPI-22JUL,2022-08-05,5,2022-08-10,True,0.0,0.3925000000000001,0.2424742254343748,0.11499999999999999,0.3925000000000001,1.0,0.0,11,0.02272727272727273,33175.0
CPI-22JUL,2022-08-06,4,2022-08-10,True,0.0,0.36800000000000005,0.23168081491569387,0.15000000000000002,0.36800000000000005,1.0,0.0,11,0.030909090909090917,9737.0
CPI-22JUL,2022-08-07,3,2022-08-10,True,0.0,0.35200000000000004,0.21885154785835995,0.17000000000000004,0.35200000000000004,1.0,0.0,11,0.021818181818181823,12902.0
CPI-22JUL,2022-08-08,2,2022-08-10,True,0.0,0.34149999999999997,0.22322130274684807,0.19999999999999996,0.34149999999999997,1.0,0.0,11,0.02272727272727274,29579.0
CPI-22JUL,2022-08-09,1,2022-08-10,True,0.0,0.32300000000000006,0.20705313327742714,0.21999999999999997,0.32300000000000006,1.0,0.005,11,0.026363636363636367,42940.0
CPI-22JUL,2022-08-10,0,2022-08-10,True,0.0,0.31350000000000006,0.19991935874246897,0.22999999999999998,0.31350000000000006,1.0,0.0,11,0.05181818181818181,7301.0
CPI-22JUN,2022-04-14,90,2022-07-13,True,1.3,0.6500000000000001,0.23937418407171648,0.03,0.6499999999999999,1.0,0.0,8,0.034999999999999996,0.0
CPI-22JUN,2022-04-15,89,2022-07-13,True,1.3,0.6820000000000002,0.19461757371830532,0.060000000000000005,0.6179999999999999,1.0,0.0,4,0.03499999999999999,0.0
CPI-22JUN,2022-04-19,85,2022-07-13,True,1.3,0.5980000000000001,0.2969781136716981,0.05,0.702,1.0,0.0,10,0.044000000000000004,0.0
CPI-22JUN,2022-04-20,84,2022-07-13,True,1.3,0.5990000000000001,0.3041364825205947,0.03,0.701,1.0,0.0,11,0.036363636363636376,0.0
CPI-22JUN,2022-04-22,82,2022-07-13,True,1.3,0.592,0.3046900063999474,0.03,0.7080000000000001,1.0,0.0,11,0.03272727272727274,100.0
CPI-22JUN,2022-04-25,79,2022-07-13,True,1.3,0.5950000000000002,0.30426140077242797,0.03,0.7049999999999998,1.0,0.0,11,0.03272727272727274,73.0
CPI-22JUN,2022-04-26,78,2022-07-13,True,1.3,0.41100000000000003,0.132208169187838,0.65,0.889,1.0,0.0,2,0.03500000000000003,0.0
CPI-22JUN,2022-04-27,77,2022-07-13,True,1.3,0.41200000000000003,0.13059862173851605,0.65,0.888,1.0,0.0,2,0.030000000000000027,0.0
CPI-22JUN,2022-04-28,76,2022-07-13,True,1.3,0.41200000000000003,0.13059862173851605,0.65,0.888,1.0,0.0,2,0.030000000000000027,0.0
CPI-22JUN,2022-04-29,75,2022-07-13,True,1.3,0.6005000000000001,0.3020757355366366,0.03,0.6994999999999999,1.0,0.0,11,0.033636363636363645,111.0
CPI-22JUN,2022-04-30,74,2022-07-13,True,1.3,0.41400000000000003,0.1303993865016243,0.66,0.886,1.0,0.0,2,0.030000000000000027,0.0
CPI-22JUN,2022-05-01,73,2022-07-13,True,1.3,0.41400000000000003,0.1303993865016243,0.66,0.886,1.0,0.0,2,0.030000000000000027,0.0
CPI-22JUN,2022-05-02,72,2022-07-13,True,1.3,0.41400000000000003,0.1303993865016243,0.66,0.886,1.0,0.0,2,0.030000000000000027,0.0
CPI-22JUN,2022-05-03,71,2022-07-13,True,1.3,0.6085,0.30377253002863835,0.03,0.6915,1.0,0.0,11,0.03363636363636364,159.0
CPI-22JUN,2022-05-04,70,2022-07-13,True,1.3,0.618,0.29828845100003454,0.035,0.682,1.0,0.0,11,0.03454545454545454,500.0
CPI-22JUN,2022-05-05,69,2022-07-13,True,1.3,0.6275000000000001,0.2961313053359945,0.035,0.6725,1.0,0.0,11,0.033636363636363645,412.0
CPI-22JUN,2022-05-06,68,2022-07-13,True,1.3,0.624,0.29533709553660886,0.035,0.676,1.0,0.0,11,0.034545454545454546,68.0
CPI-22JUN,2022-05-07,67,2022-07-13,True,1.3,0.5720000000000001,0.22608847825574838,0.38,0.728,1.0,0.0,3,0.02999999999999999,0.0
CPI-22JUN,2022-05-08,66,2022-07-13,True,1.3,0.6245000000000002,0.29757310026277584,0.035,0.6754999999999999,1.0,0.0,11,0.035454545454545454,101.0
CPI-22JUN,2022-05-09,65,2022-07-13,True,1.3,0.529,0.2881995836221836,0.025,0.771,1.0,0.0,11,0.032727272727272716,2259.0
CPI-22JUN,2022-05-10,64,2022-07-13,True,1.3,0.3610000000000001,0.2635886947499836,0.03,0.939,1.0,0.0,11,0.03272727272727274,398.0
CPI-22JUN,2022-05-11,63,2022-07-13,True,1.3,0.5354999999999999,0.29187283189772906,0.05499999999999999,0.7645000000000002,1.0000000000000002,0.0,11,0.03181818181818183,1704.0
CPI-22JUN,2022-05-12,62,2022-07-13,True,1.3,0.5305000000000001,0.29785860739619396,0.05,0.7695,1.0,0.0,11,0.03181818181818181,894.0
CPI-22JUN,2022-05-13,61,2022-07-13,True,1.3,0.49075,0.23643590569116188,0.195,0.80925,1.0,0.0,6,0.03333333333333332,0.0
CPI-22JUN,2022-05-14,60,2022-07-13,True,1.3,0.5254999999999999,0.2971527385032822,0.04999999999999999,0.7745000000000002,1.0000000000000002,0.0,11,0.031818181818181815,138.0
CPI-22JUN,2022-05-15,59,2022-07-13,True,1.3,0.48724999999999996,0.23738141776474417,0.195,0.8127500000000001,1.0,0.0,6,0.033333333333333326,0.0
CPI-22JUN,2022-05-16,58,2022-07-13,True,1.3,0.535,0.29270292106502804,0.05,0.765,1.0,0.0,11,0.03272727272727274,4967.0
CPI-22JUN,2022-05-17,57,2022-07-13,True,1.3,0.536,0.292923198125379,0.05,0.764,1.0,0.0,11,0.03272727272727274,172.0
CPI-22JUN,2022-05-18,56,2022-07-13,True,1.3,0.541,0.2975214277997469,0.05,0.759,1.0,0.0,9,0.03222222222222223,10.0
CPI-22JUN,2022-05-19,55,2022-07-13,True,1.3,0.5,0.232379000772445,0.21000000000000002,0.8,1.0,0.0,7,0.03428571428571429,0.0
CPI-22JUN,2022-05-20,54,2022-07-13,True,1.3,0.5,0.232379000772445,0.21000000000000002,0.8,1.0,0.0,7,0.03428571428571429,0.0
CPI-22JUN,2022-05-21,53,2022-07-13,True,1.3,0.5,0.232379000772445,0.21000000000000002,0.8,1.0,0.0,7,0.03428571428571429,0.0
CPI-22JUN,2022-05-22,52,2022-07-13,True,1.3,0.501,0.23086576186173643,0.21000000000000002,0.799,1.0,0.0,7,0.03142857142857143,0.0
CPI-22JUN,2022-05-23,51,2022-07-13,True,1.3,0.519,0.29383498770568495,0.05,0.781,1.0,0.0,11,0.03272727272727271,639.0
CPI-22JUN,2022-05-24,50,2022-07-13,True,1.3,0.5250000000000001,0.2981610303175115,0.045,0.7749999999999999,1.0,0.0,8,0.029999999999999968,0.0
CPI-22JUN,2022-05-25,49,2022-07-13,True,1.3,0.484,0.23311799587333448,0.195,0.8160000000000001,1.0,0.0,7,0.03142857142857139,0.0
CPI-22JUN,2022-05-26,48,2022-07-13,True,1.3,0.528,0.29088829471121735,0.045,0.772,1.0,0.0,11,0.029090909090909087,514.0
CPI-22JUN,2022-05-27,47,2022-07-13,True,1.3,0.494,0.2303562458454296,0.2,0.806,1.0,0.0,7,0.031428571428571424,0.0
CPI-22JUN,2022-05-28,46,2022-07-13,True,1.3,0.494,0.2303562458454296,0.2,0.806,1.0,0.0,7,0.031428571428571424,0.0
CPI-22JUN,2022-05-29,45,2022-07-13,True,1.3,0.494,0.2303562458454296,0.2,0.806,1.0,0.0,7,0.031428571428571424,0.0
CPI-22JUN,2022-05-30,44,2022-07-13,True,1.3,0.494,0.2303562458454296,0.2,0.806,1.0,0.0,7,0.031428571428571424,0.0
CPI-22JUN,2022-05-31,43,2022-07-13,True,1.3,0.5355000000000001,0.28668754768911753,0.045,0.7645,1.0,0.0,11,0.026363636363636377,467.0
CPI-22JUN,2022-06-01,42,2022-07-13,True,1.3,0.6405,0.3075869795683816,0.09499999999999997,0.6595000000000001,1.0000000000000002,0.0,11,0.03545454545454543,5667.0
CPI-22JUN,2022-06-02,41,2022-07-13,True,1.3,0.6395,0.30608781419716796,0.09,0.6605000000000001,1.0,0.0,11,0.033636363636363624,25.0
CPI-22JUN,2022-06-03,40,2022-07-13,True,1.3,0.8054999999999999,0.290722806122946,0.175,0.49450000000000016,1.0,0.0,11,0.024545454545454547,9487.0
CPI-22JUN,2022-06-04,39,2022-07-13,True,1.3,0.802,0.2925679408274256,0.175,0.498,1.0,0.0,11,0.021818181818181827,184.0
CPI-22JUN,2022-06-05,38,2022-07-13,True,1.3,0.8015000000000001,0.29367967243239707,0.175,0.49849999999999994,1.0,0.0,11,0.02272727272727274,8.0
CPI-22JUN,2022-06-06,37,2022-07-13,True,1.3,0.7989999999999999,0.29085907240448944,0.16499999999999998,0.5010000000000001,1.0,0.0,11,0.029090909090909098,892.0
CPI-22JUN,2022-06-07,36,2022-07-13,True,1.3,0.8585,0.3045123150219052,0.26,0.4415,1.0,0.0,11,0.03363636363636362,17450.0
CPI-22JUN,2022-06-08,35,2022-07-13,True,1.3,0.8425,0.2704510121999917,0.16499999999999998,0.4575,1.0,0.0,11,0.028181818181818186,8940.0
CPI-22JUN,2022-06-09,34,2022-07-13,True,1.3,0.8305000000000001,0.26910917858742767,0.135,0.4694999999999999,1.0,0.0,11,0.028181818181818176,1759.0
CPI-22JUN,2022-06-10,33,2022-07-13,True,1.3,0.9085000000000001,0.2682866936692911,0.24,0.39149999999999996,1.0,0.0,11,0.024545454545454558,18914.0
CPI-22JUN,2022-06-11,32,2022-07-13,True,1.3,0.9080000000000001,0.2659624033580687,0.235,0.3919999999999999,1.0,0.0,11,0.025454545454545466,2622.0
CPI-22JUN,2022-06-12,31,2022-07-13,True,1.3,0.8965000000000001,0.2683984910538806,0.22,0.40349999999999997,1.0,0.0,11,0.026363636363636367,6141.0
CPI-22JUN,2022-06-13,30,2022-07-13,True,1.3,0.9185000000000001,0.2640222528500203,0.225,0.38149999999999995,1.0,0.0,11,0.028181818181818183,5862.0
CPI-22JUN,2022-06-14,29,2022-07-13,True,1.3,1.0225,0.3210042834605171,0.10499999999999995,0.2775000000000001,1.0,0.07500000000000001,13,0.09846153846153846,14404.0
CPI-22JUN,2022-06-15,28,2022-07-13,True,1.3,1.0200000000000005,0.2868797657556211,0.10500000000000002,0.2799999999999996,0.9999999999999999,0.0,13,0.024615384615384612,9690.0
CPI-22JUN,2022-06-16,27,2022-07-13,True,1.3,1.0115000000000003,0.2846361712783532,0.11500000000000002,0.28849999999999976,1.0,0.0,13,0.029999999999999995,5968.0
CPI-22JUN,2022-06-17,26,2022-07-13,True,1.3,0.9260000000000002,0.30532605522621226,0.07500000000000001,0.3739999999999999,1.0,0.0,13,0.03692307692307693,18538.0
CPI-22JUN,2022-06-18,25,2022-07-13,True,1.3,0.9129999999999999,0.31229953570250474,0.07,0.3870000000000001,1.0,0.0,13,0.03230769230769232,4386.0
CPI-22JUN,2022-06-19,24,2022-07-13,True,1.3,0.925,0.3044256887977754,0.07,0.375,1.0,0.0,13,0.03692307692307694,3826.0
CPI-22JUN,2022-06-20,23,2022-07-13,True,1.3,0.9375,0.2967216709308574,0.07500000000000001,0.36250000000000004,1.0,0.0,13,0.036153846153846154,3436.0
CPI-22JUN,2022-06-21,22,2022-07-13,True,1.3,0.9890000000000001,0.29407312015891557,0.1,0.31099999999999994,1.0,0.0,13,0.038461538461538464,11064.0
CPI-22JUN,2022-06-22,21,2022-07-13,True,1.3,0.9660000000000001,0.3066659420281294,0.09000000000000001,0.33399999999999996,0.9999999999999999,0.0,13,0.03384615384615385,15536.0
CPI-22JUN,2022-06-23,20,2022-07-13,True,1.3,0.9695000000000001,0.29936557918371315,0.10000000000000002,0.3304999999999999,0.9999999999999999,0.0,13,0.02692307692307693,3531.0
CPI-22JUN,2022-06-24,19,2022-07-13,True,1.3,0.9455,0.2866701065685085,0.07500000000000002,0.35450000000000004,1.0,0.0,13,0.02538461538461539,8004.0
CPI-22JUN,2022-06-25,18,2022-07-13,True,1.3,0.9485000000000001,0.2807093692771939,0.07500000000000002,0.3514999999999999,1.0,0.0,13,0.030000000000000002,1119.0
CPI-22JUN,2022-06-26,17,2022-07-13,True,1.3,0.9415,0.27554990473596613,0.07500000000000001,0.35850000000000004,1.0,0.0,13,0.030000000000000002,8290.0
CPI-22JUN,2022-06-27,16,2022-07-13,True,1.3,0.943,0.2658025583022105,0.07,0.3570000000000001,1.0,0.0,13,0.02153846153846153,8911.0
CPI-22JUN,2022-06-28,15,2022-07-13,True,1.3,0.9625,0.2755789360600698,0.07000000000000002,0.3375,0.9999999999999999,0.0,13,0.028461538461538444,12738.0
CPI-22JUN,2022-06-29,14,2022-07-13,True,1.3,0.9760000000000002,0.25617181734140865,0.08500000000000002,0.32399999999999984,0.9999999999999999,0.0,13,0.03076923076923079,3635.0
CPI-22JUN,2022-06-30,13,2022-07-13,True,1.3,0.9545,0.2695918210925547,0.065,0.34550000000000003,1.0,0.0,13,0.022307692307692303,5203.0
CPI-22JUN,2022-07-01,12,2022-07-13,True,1.3,0.923,0.28066171808780765,0.08,0.377,1.0,0.0,13,0.023076923076923075,32998.0
CPI-22JUN,2022-07-02,11,2022-07-13,True,1.3,0.9219999999999999,0.2711383410733348,0.07,0.3780000000000001,1.0,0.0,13,0.02307692307692307,19141.0
CPI-22JUN,2022-07-03,10,2022-07-13,True,1.3,0.9219999999999999,0.2518253362948216,0.06,0.3780000000000001,1.0,0.0,13,0.029230769230769213,13792.0
CPI-22JUN,2022-07-04,9,2022-07-13,True,1.3,0.915,0.25034975534240095,0.065,0.385,1.0,0.0,13,0.029230769230769223,5044.0
CPI-22JUN,2022-07-05,8,2022-07-13,True,1.3,0.9339999999999999,0.24133793734098252,0.07,0.3660000000000001,1.0,0.0,13,0.02769230769230769,5584.0
CPI-22JUN,2022-07-06,7,2022-07-13,True,1.3,0.9390000000000002,0.2457213869405755,0.085,0.3609999999999999,0.9999999999999999,0.0,13,0.02307692307692308,4991.0
CPI-22JUN,2022-07-07,6,2022-07-13,True,1.3,0.9755000000000001,0.2548524082680013,0.08500000000000002,0.3244999999999999,0.9999999999999999,0.0,13,0.03000000000000001,13550.0
CPI-22JUN,2022-07-08,5,2022-07-13,True,1.3,0.9705,0.21835693256684113,0.06,0.3295,1.0,0.0,13,0.025384615384615394,26568.0
CPI-22JUN,2022-07-09,4,2022-07-13,True,1.3,1.0175,0.22032646232352573,0.07500000000000001,0.2825,1.0,0.0,13,0.03153846153846156,18969.0
CPI-22JUN,2022-07-10,3,2022-07-13,True,1.3,1.0130000000000001,0.2263426605834614,0.07,0.2869999999999999,1.0,0.0,13,0.02153846153846154,5345.0
CPI-22JUN,2022-07-11,2,2022-07-13,True,1.3,1.0405,0.22651655568633391,0.105,0.25950000000000006,1.0,0.0,13,0.017692307692307688,21674.0
CPI-22JUN,2022-07-12,1,2022-07-13,True,1.3,1.079,0.20702415318025094,0.115,0.22100000000000009,1.0,0.0,13,0.02615384615384616,59262.0
CPI-22JUN,2022-07-13,0,2022-07-13,True,1.3,1.0845000000000002,0.19826686561299142,0.095,0.2154999999999998,0.9999999999999999,0.0,13,0.03923076923076925,5017.0
CPI-22MAR,2022-03-10,33,2022-04-12,True,1.2,0.9635000000000001,0.17469330267643352,0.155,0.23649999999999982,1.0,0.0,7,0.027142857142857142,9234.0
CPI-22MAR,2022-03-11,32,2022-04-12,True,1.2,0.9840000000000001,0.1730433471705862,0.155,0.21599999999999986,1.0,0.0,7,0.02857142857142858,9040.0
CPI-22MAR,2022-03-12,31,2022-04-12,True,1.2,0.9924999999999999,0.1737634886850515,0.18,0.20750000000000002,1.0,0.0,7,0.03,499.0
CPI-22MAR,2022-03-14,29,2022-04-12,True,1.2,0.9975,0.18559027452967472,0.26,0.2024999999999999,1.0,0.040000000000000036,14,0.024999999999999998,7828.0
CPI-22MAR,2022-03-15,28,2022-04-12,True,1.2,0.9810000000000001,0.20576442841268758,0.315,0.21899999999999986,1.0,0.0,7,0.025714285714285707,4588.0
CPI-22MAR,2022-03-16,27,2022-04-12,True,1.2,0.9990000000000001,0.17971922546016056,0.305,0.20099999999999985,1.0,0.020000000000000018,7,0.025714285714285728,6677.0
CPI-22MAR,2022-03-17,26,2022-04-12,True,1.2,1.0025,0.16686446595965246,0.30000000000000004,0.1975,1.0,0.0,7,0.029999999999999978,11595.0
CPI-22MAR,2022-03-18,25,2022-04-12,True,1.2,0.9860000000000001,0.1700117642988273,0.28,0.21399999999999986,1.0,0.0,7,0.03142857142857141,5819.0
CPI-22MAR,2022-03-19,24,2022-04-12,True,1.2,0.9805000000000001,0.16694235532063162,0.24,0.2194999999999998,1.0,0.0,7,0.03,722.0
CPI-22MAR,2022-03-20,23,2022-04-12,True,1.2,0.9795,0.16920328011004993,0.24,0.22049999999999992,1.0,0.0050000000000000044,7,0.02857142857142857,91.0
CPI-22MAR,2022-03-21,22,2022-04-12,True,1.2,0.9890000000000001,0.169348752578813,0.245,0.21099999999999985,1.0,0.0,7,0.03142857142857144,3254.0
CPI-22MAR,2022-03-22,21,2022-04-12,True,1.2,0.9955,0.17300216761647821,0.27,0.2044999999999999,1.0,0.0,7,0.024285714285714292,3681.0
CPI-22MAR,2022-03-23,20,2022-04-12,True,1.2,0.9985000000000002,0.17391880289376424,0.27,0.2014999999999998,1.0,0.0,7,0.021428571428571432,354.0
CPI-22MAR,2022-03-24,19,2022-04-12,True,1.2,1.0025,0.1747677029659657,0.28,0.1975,1.0,0.0,7,0.027142857142857135,1270.0
CPI-22MAR,2022-03-25,18,2022-04-12,True,1.2,1.026,0.1610093165006299,0.305,0.17399999999999993,1.0,0.0,7,0.0285714285714286,3330.0
CPI-22MAR,2022-03-26,17,2022-04-12,True,1.2,1.0310000000000001,0.15696814963552325,0.305,0.16899999999999982,1.0,0.0,7,0.02571428571428572,1911.0
CPI-22MAR,2022-03-27,16,2022-04-12,True,1.2,1.0285000000000002,0.16290411290081053,0.31,0.17149999999999976,1.0,0.0,7,0.021428571428571432,1279.0
CPI-22MAR,2022-03-28,15,2022-04-12,True,1.2,1.044,0.15480310074413886,0.31,0.15599999999999992,1.0,0.0,7,0.028571428571428564,6104.0
CPI-22MAR,2022-03-29,14,2022-04-12,True,1.2,1.0505000000000002,0.15394723121901224,0.305,0.14949999999999974,1.0,0.0,7,0.027142857142857153,3078.0
CPI-22MAR,2022-03-30,13,2022-04-12,True,1.2,1.072,0.1549709650224842,0.41500000000000004,0.1279999999999999,1.0,0.0,7,0.019999999999999993,2066.0
CPI-22MAR,2022-03-31,12,2022-04-12,True,1.2,1.0655000000000001,0.1576697497936748,0.39,0.13449999999999984,1.0,0.0,7,0.0242857142857143,1159.0
CPI-22MAR,2022-04-01,11,2022-04-12,True,1.2,1.0470000000000002,0.15965901164669666,0.33999999999999997,0.1529999999999998,1.0,0.0,7,0.028571428571428574,4613.0
CPI-22MAR,2022-04-02,10,2022-04-12,True,1.2,1.048,0.15778466338652822,0.33999999999999997,0.1519999999999999,1.0,0.0,7,0.028571428571428588,278.0
CPI-22MAR,2022-04-03,9,2022-04-12,True,1.2,1.0540000000000003,0.15742934923323548,0.385,0.14599999999999969,1.0,0.0,7,0.02571428571428572,1096.0
CPI-22MAR,2022-04-04,8,2022-04-12,True,1.2,1.0655000000000001,0.1541419800054483,0.42000000000000004,0.13449999999999984,1.0,0.0,7,0.02142857142857144,1592.0
CPI-22MAR,2022-04-05,7,2022-04-12,True,1.2,1.064,0.1568566224295296,0.43,0.1359999999999999,1.0,0.0,7,0.020000000000000018,2534.0
CPI-22MAR,2022-04-06,6,2022-04-12,True,1.2,1.0810000000000002,0.15112577543225383,0.47,0.11899999999999977,1.0,0.0,7,0.019999999999999993,4329.0
CPI-22MAR,2022-04-07,5,2022-04-12,True,1.2,1.0770000000000002,0.14754999152829532,0.445,0.12299999999999978,1.0,0.0,7,0.02571428571428572,1079.0
CPI-22MAR,2022-04-08,4,2022-04-12,True,1.2,1.0765000000000002,0.1513200251123427,0.445,0.12349999999999972,1.0,0.0,7,0.024285714285714292,723.0
CPI-22MAR,2022-04-09,3,2022-04-12,True,1.2,1.0775000000000001,0.14575235847148416,0.425,0.12249999999999983,1.0,0.0,7,0.021428571428571432,3547.0
CPI-22MAR,2022-04-10,2,2022-04-12,True,1.2,1.0785,0.1452162181025247,0.425,0.12149999999999994,1.0,0.0,7,0.018571428571428572,158.0
CPI-22MAR,2022-04-11,1,2022-04-12,True,1.2,1.0865,0.14787748307298182,0.475,0.11349999999999993,1.0,0.0,7,0.02714285714285713,39744.0
CPI-22MAR,2022-04-12,0,2022-04-12,True,1.2,1.1115000000000002,0.1323546372440347,0.545,0.0884999999999998,1.0,0.0,7,0.024285714285714306,3598.0
CPI-22MAY,2022-03-22,80,2022-06-10,True,1.0,0.891,0.21264759580112821,0.21000000000000002,0.10899999999999999,1.0,0.0,8,0.037500000000000006,533.0
CPI-22MAY,2022-03-23,79,2022-06-10,True,1.0,0.8340000000000001,0.21481154531356084,0.16,0.16599999999999993,1.0,0.0,8,0.0325,353.0
CPI-22MAY,2022-03-24,78,2022-06-10,True,1.0,0.8020000000000002,0.20927493877672024,0.15000000000000002,0.19799999999999984,1.0,0.0,7,0.03714285714285714,0.0
CPI-22MAY,2022-03-25,77,2022-06-10,True,1.0,0.7530000000000001,0.15521275720764707,0.4,0.2469999999999999,1.0,0.0,4,0.039999999999999966,184.0
CPI-22MAY,2022-03-26,76,2022-06-10,True,1.0,0.712,0.1210619676033724,0.61,0.28800000000000003,1.0,0.0,3,0.03333333333333329,0.0
CPI-22MAY,2022-03-27,75,2022-06-10,True,1.0,0.7124999999999999,0.12080459428349566,0.61,0.2875000000000001,1.0,0.0,3,0.02999999999999999,4.0
CPI-22MAY,2022-03-28,74,2022-06-10,True,1.0,0.7835,0.183378706506508,0.27,0.21650000000000003,1.0,0.0,4,0.03249999999999999,27.0
CPI-22MAY,2022-03-29,73,2022-06-10,True,1.0,0.7575000000000001,0.15793590472087088,0.44999999999999996,0.24249999999999994,1.0,0.0,4,0.03249999999999999,239.0
CPI-22MAY,2022-03-30,72,2022-06-10,True,1.0,0.7845,0.18603695869369613,0.27,0.21550000000000002,1.0,0.0,5,0.03399999999999999,8.0
CPI-22MAY,2022-03-31,71,2022-06-10,True,1.0,0.757,0.1573245054020511,0.44999999999999996,0.243,1.0,0.0,4,0.03499999999999999,94.0
CPI-22MAY,2022-04-01,70,2022-06-10,True,1.0,0.8170000000000001,0.22295963760286297,0.38999999999999996,0.18299999999999994,1.0,0.0,6,0.029999999999999995,0.0
CPI-22MAY,2022-04-02,69,2022-06-10,True,1.0,0.757,0.1573245054020511,0.44999999999999996,0.243,1.0,0.0,4,0.03499999999999999,0.0
CPI-22MAY,2022-04-03,68,2022-06-10,True,1.0,0.757,0.1573245054020511,0.44999999999999996,0.243,1.0,0.0,4,0.03499999999999999,0.0
CPI-22MAY,2022-04-04,67,2022-06-10,True,1.0,0.757,0.1573245054020511,0.44999999999999996,0.243,1.0,0.0,4,0.03499999999999999,0.0
CPI-22MAY,2022-04-05,66,2022-06-10,True,1.0,0.757,0.1573245054020511,0.44999999999999996,0.243,1.0,0.0,4,0.03499999999999999,0.0
CPI-22MAY,2022-04-06,65,2022-06-10,True,1.0,0.7575000000000001,0.15666445033893298,0.44999999999999996,0.24249999999999994,1.0,0.0,4,0.03749999999999999,59.0
CPI-22MAY,2022-04-07,64,2022-06-10,True,1.0,0.7555000000000001,0.15706606890095648,0.44,0.24449999999999994,1.0,0.0,4,0.03749999999999998,126.0
CPI-22MAY,2022-04-08,63,2022-06-10,True,1.0,0.754,0.15900943368240766,0.44,0.246,1.0,0.0,4,0.03999999999999998,92.0
CPI-22MAY,2022-04-09,62,2022-06-10,True,1.0,0.7515000000000001,0.1590526642342089,0.44,0.24849999999999994,1.0,0.0,4,0.03249999999999997,57.0
CPI-22MAY,2022-04-10,61,2022-06-10,True,1.0,0.7515000000000001,0.1590526642342089,0.44,0.24849999999999994,1.0,0.0,4,0.03249999999999997,0.0
CPI-22MAY,2022-04-11,60,2022-06-10,True,1.0,0.7455,0.1642551369059732,0.44,0.25449999999999995,1.0,0.0,4,0.017500000000000016,160.0
CPI-22MAY,2022-04-12,59,2022-06-10,True,1.0,0.7540000000000001,0.22109726366465965,0.14,0.24599999999999989,1.0,0.0,7,0.034285714285714274,326.0
CPI-22MAY,2022-04-13,58,2022-06-10,True,1.0,0.7215,0.17171997554157759,0.41000000000000003,0.27849999999999997,1.0,0.0,4,0.032500000000000015,41.0
CPI-22MAY,2022-04-14,57,2022-06-10,True,1.0,0.7245000000000001,0.21598553192285821,0.06000000000000001,0.27549999999999986,1.0,0.0,8,0.02874999999999999,206.0
CPI-22MAY,2022-04-15,56,2022-06-10,True,1.0,0.7285000000000001,0.2209926469364988,0.06000000000000001,0.27149999999999985,1.0,0.0,8,0.033749999999999995,205.0
CPI-22MAY,2022-04-16,55,2022-06-10,True,1.0,0.6014999999999999,0.1412365037800072,0.335,0.3985000000000001,1.0,0.024999999999999967,3,0.5333333333333333,0.0
CPI-22MAY,2022-04-17,54,2022-06-10,True,1.0,0.7190000000000001,0.21526495302301302,0.06000000000000001,0.2809999999999999,1.0,0.0,8,0.034999999999999996,0.0
CPI-22MAY,2022-04-18,53,2022-06-10,True,1.0,0.5405000000000001,0.40903514518926126,0.06500000000000002,0.4594999999999999,1.0,0.09999999999999998,11,0.2609090909090909,0.0
CPI-22MAY,2022-04-19,52,2022-06-10,True,1.0,0.6915000000000001,0.27798875876553,0.06000000000000001,0.3084999999999999,1.0,0.0,12,0.045833333333333344,0.0
CPI-22MAY,2022-04-20,51,2022-06-10,True,1.0,0.6910000000000002,0.2748072051457167,0.06500000000000002,0.30899999999999983,1.0,0.0,12,0.031666666666666655,36.0
CPI-22MAY,2022-04-21,50,2022-06-10,True,1.0,0.6920000000000001,0.15979987484350544,0.30000000000000004,0.30799999999999994,1.0,0.0,2,0.04000000000000001,2.0
CPI-22MAY,2022-04-22,49,2022-06-10,True,1.0,0.6875000000000001,0.27819732205756403,0.06500000000000002,0.3124999999999999,1.0,0.0,12,0.030833333333333334,518.0
CPI-22MAY,2022-04-23,48,2022-06-10,True,1.0,0.6825000000000001,0.2761227082295116,0.06000000000000001,0.3174999999999999,1.0,0.0,12,0.03416666666666667,192.0
CPI-22MAY,2022-04-24,47,2022-06-10,True,1.0,0.6950000000000001,0.16695807857064002,0.29000000000000004,0.30499999999999994,1.0,0.0,4,0.039999999999999994,0.0
CPI-22MAY,2022-04-25,46,2022-06-10,True,1.0,0.6740000000000002,0.19422667170087635,0.29000000000000004,0.32599999999999985,1.0,0.0,5,0.04,0.0
CPI-22MAY,2022-04-26,45,2022-06-10,True,1.0,0.65375,0.2266570923223008,0.29000000000000004,0.34624999999999995,1.0,0.0,6,0.03833333333333332,0.0
CPI-22MAY,2022-04-27,44,2022-06-10,True,1.0,0.6779999999999999,0.2771569952211201,0.06,0.32200000000000006,1.0000000000000002,0.0,12,0.03333333333333333,110.0
CPI-22MAY,2022-04-28,43,2022-06-10,True,1.0,0.6845000000000001,0.2140321237571594,0.14500000000000002,0.3154999999999999,1.0,0.0,6,0.034999999999999996,0.0
CPI-22MAY,2022-04-29,42,2022-06-10,True,1.0,0.6764999999999999,0.2792807727001628,0.06,0.3235000000000001,1.0000000000000002,0.0,12,0.0325,221.0
CPI-22MAY,2022-04-30,41,2022-06-10,True,1.0,0.6764999999999999,0.2792807727001628,0.06,0.3235000000000001,1.0000000000000002,0.0,12,0.0325,20.0
CPI-22MAY,2022-05-01,40,2022-06-10,True,1.0,0.6700000000000002,0.19467922333931784,0.28500000000000003,0.32999999999999985,1.0,0.0,5,0.036,0.0
CPI-22MAY,2022-05-02,39,2022-06-10,True,1.0,0.6665000000000001,0.2844780307862103,0.05500000000000001,0.3334999999999999,1.0,0.0,12,0.03416666666666667,640.0
CPI-22MAY,2022-05-03,38,2022-06-10,True,1.0,0.6860000000000002,0.2854890540808877,0.07000000000000002,0.31399999999999983,1.0,0.0,12,0.02666666666666667,1478.0
CPI-22MAY,2022-05-04,37,2022-06-10,True,1.0,0.5695000000000001,0.33424504483986,0.07000000000000002,0.4304999999999999,1.0,0.265,12,0.16,2634.0
CPI-22MAY,2022-05-05,36,2022-06-10,True,1.0,0.671,0.28152974976012746,0.06,0.32899999999999996,1.0000000000000002,0.0,12,0.036666666666666674,1369.0
CPI-22MAY,2022-05-06,35,2022-06-10,True,1.0,0.6565000000000002,0.2763290610847871,0.05500000000000001,0.3434999999999998,1.0,0.0,12,0.029166666666666674,6683.0
CPI-22MAY,2022-05-07,34,2022-06-10,True,1.0,0.6640000000000001,0.27423347716863455,0.06500000000000002,0.33599999999999985,1.0,0.0,12,0.03000000000000001,449.0
CPI-22MAY,2022-05-08,33,2022-06-10,True,1.0,0.6660000000000001,0.27394159961568454,0.06500000000000002,0.33399999999999985,1.0,0.0,12,0.02833333333333334,713.0
CPI-22MAY,2022-05-09,32,2022-06-10,True,1.0,0.6145000000000002,0.28937821272514624,0.05,0.38549999999999984,1.0,0.0,12,0.027500000000000014,2910.0
CPI-22MAY,2022-05-10,31,2022-06-10,True,1.0,0.5215,0.2856356945481429,0.025,0.47850000000000004,1.0,0.0,12,0.025833333333333337,14626.0
CPI-22MAY,2022-05-11,30,2022-06-10,True,1.0,0.5750000000000001,0.27581696829600605,0.029999999999999992,0.42499999999999993,1.0,0.0,12,0.023333333333333314,5764.0
CPI-22MAY,2022-05-12,29,2022-06-10,True,1.0,0.58,0.2725802634087802,0.029999999999999992,0.42000000000000004,1.0,0.0,12,0.02166666666666665,2474.0
CPI-22MAY,2022-05-13,28,2022-06-10,True,1.0,0.5945,0.27462656462913415,0.03,0.40549999999999997,1.0,0.0,12,0.022499999999999996,2580.0
CPI-22MAY,2022-05-14,27,2022-06-10,True,1.0,0.6005,0.272488073133486,0.03,0.39949999999999997,1.0,0.0,12,0.024166666666666666,4127.0
CPI-22MAY,2022-05-15,26,2022-06-10,True,1.0,0.5820000000000001,0.28368292158676034,0.03,0.4179999999999999,1.0,0.0,12,0.02666666666666667,4722.0
CPI-22MAY,2022-05-16,25,2022-06-10,True,1.0,0.5730000000000001,0.2845540370474473,0.04,0.42699999999999994,1.0,0.0,12,0.016666666666666666,4146.0
CPI-22MAY,2022-05-17,24,2022-06-10,True,1.0,0.615,0.28666182166448323,0.04000000000000001,0.385,1.0,0.0,12,0.02,8511.0
CPI-22MAY,2022-05-18,23,2022-06-10,True,1.0,0.632,0.2772652159936403,0.04500000000000001,0.368,1.0,0.0,12,0.021666666666666678,4441.0
CPI-22MAY,2022-05-19,22,2022-06-10,True,1.0,0.628,0.2740729829808112,0.04000000000000001,0.372,1.0,0.0,12,0.016666666666666666,3196.0
CPI-22MAY,2022-05-20,21,2022-06-10,True,1.0,0.637,0.273003662979089,0.045000000000000005,0.363,1.0000000000000002,0.0,12,0.023333333333333345,3094.0
CPI-22MAY,2022-05-21,20,2022-06-10,True,1.0,0.637,0.2713503270681648,0.04500000000000001,0.363,1.0,0.0,12,0.023333333333333334,991.0
CPI-22MAY,2022-05-22,19,2022-06-10,True,1.0,0.639,0.27418789178225944,0.05000000000000002,0.361,1.0,0.0,12,0.02333333333333334,3767.0
CPI-22MAY,2022-05-23,18,2022-06-10,True,1.0,0.6395,0.27347714712567844,0.045000000000000005,0.36050000000000004,1.0000000000000002,0.0,12,0.02416666666666668,523.0
CPI-22MAY,2022-05-24,17,2022-06-10,True,1.0,0.6515000000000001,0.26832396463976155,0.04000000000000001,0.3484999999999999,1.0,0.0,12,0.015833333333333335,11494.0
CPI-22MAY,2022-05-25,16,2022-06-10,True,1.0,0.6505000000000001,0.2712927385685065,0.04000000000000001,0.3494999999999999,1.0,0.0,12,0.01916666666666667,4054.0
CPI-22MAY,2022-05-26,15,2022-06-10,True,1.0,0.6525,0.270358558214827,0.04000000000000001,0.34750000000000003,1.0,0.0,12,0.020833333333333332,1599.0
CPI-22MAY,2022-05-27,14,2022-06-10,True,1.0,0.6310000000000002,0.25717503766889976,0.03,0.3689999999999998,1.0,0.0,12,0.026666666666666672,8643.0
CPI-22MAY,2022-05-28,13,2022-06-10,True,1.0,0.635,0.26828156850592627,0.04000000000000001,0.365,1.0,0.0,12,0.023333333333333345,5502.0
CPI-22MAY,2022-05-29,12,2022-06-10,True,1.0,0.6335000000000001,0.2625409491869792,0.039999999999999994,0.36649999999999994,1.0,0.0,12,0.02250000000000001,3594.0
CPI-22MAY,2022-05-30,11,2022-06-10,True,1.0,0.6395000000000002,0.26094012723228294,0.03,0.3604999999999998,1.0,0.0,12,0.025833333333333337,3712.0
CPI-22MAY,2022-05-31,10,2022-06-10,True,1.0,0.7060000000000001,0.24711131095115824,0.05000000000000002,0.29399999999999993,1.0,0.0,12,0.02666666666666666,14965.0
CPI-22MAY,2022-06-01,9,2022-06-10,True,1.0,0.778,0.2337006632425334,0.08499999999999999,0.22199999999999998,1.0,0.0,12,0.023333333333333334,32061.0
CPI-22MAY,2022-06-02,8,2022-06-10,True,1.0,0.787,0.22389953104015203,0.07999999999999999,0.21299999999999997,1.0,0.0,12,0.025000000000000005,9118.0
CPI-22MAY,2022-06-03,7,2022-06-10,True,1.0,0.7775000000000002,0.21781586259958208,0.08000000000000002,0.2224999999999998,1.0,0.0,12,0.01583333333333333,6648.0
CPI-22MAY,2022-06-04,6,2022-06-10,True,1.0,0.7825000000000001,0.21964459929622676,0.08499999999999999,0.21749999999999992,1.0,0.0,12,0.02083333333333333,4300.0
CPI-22MAY,2022-06-05,5,2022-06-10,True,1.0,0.7755,0.22124590391688614,0.07999999999999999,0.22450000000000003,1.0,0.0,12,0.01916666666666667,3421.0
CPI-22MAY,2022-06-06,4,2022-06-10,True,1.0,0.78,0.20712315177207982,0.085,0.21999999999999997,1.0,0.0,12,0.02166666666666667,15095.0
CPI-22MAY,2022-06-07,3,2022-06-10,True,1.0,0.7725,0.21399474292608225,0.08000000000000003,0.22750000000000004,1.0,0.0,12,0.02416666666666667,15138.0
CPI-22MAY,2022-06-08,2,2022-06-10,True,1.0,0.7820000000000003,0.20898803793518905,0.07,0.21799999999999975,1.0,0.0,12,0.019999999999999993,6597.0
CPI-22MAY,2022-06-09,1,2022-06-10,True,1.0,0.8045000000000001,0.18955144420446923,0.08,0.1954999999999999,1.0,0.0,12,0.024166666666666666,26128.0
CPI-22MAY,2022-06-10,0,2022-06-10,True,1.0,0.7790000000000001,0.15607370053920042,0.07,0.22099999999999986,1.0,0.0,12,0.026666666666666672,10876.0
CPI-22NOV,2022-07-16,150,2022-12-13,True,0.1,0.4560000000000001,0.2517220689570146,0.3000000000000001,0.3560000000000001,0.9999999999999999,0.0,8,0.04249999999999999,0.0
CPI-22NOV,2022-07-17,149,2022-12-13,True,0.1,0.4560000000000001,0.2517220689570146,0.3000000000000001,0.3560000000000001,0.9999999999999999,0.0,8,0.04249999999999999,1.0
CPI-22NOV,2022-07-18,148,2022-12-13,True,0.1,0.4560000000000001,0.2517220689570146,0.3000000000000001,0.3560000000000001,0.9999999999999999,0.0,8,0.04249999999999999,0.0
CPI-22NOV,2022-07-19,147,2022-12-13,True,0.1,0.4560000000000001,0.2517220689570146,0.3000000000000001,0.3560000000000001,0.9999999999999999,0.0,8,0.04249999999999999,0.0
CPI-22NOV,2022-07-20,146,2022-12-13,True,0.1,0.4560000000000001,0.2517220689570146,0.3000000000000001,0.3560000000000001,0.9999999999999999,0.0,8,0.04249999999999999,0.0
CPI-22NOV,2022-07-21,145,2022-12-13,True,0.1,0.4560000000000001,0.2517220689570146,0.3000000000000001,0.3560000000000001,0.9999999999999999,0.0,8,0.04249999999999999,0.0
CPI-22NOV,2022-07-22,144,2022-12-13,True,0.1,0.4560000000000001,0.2517220689570146,0.3000000000000001,0.3560000000000001,0.9999999999999999,0.0,8,0.04249999999999999,0.0
CPI-22NOV,2022-07-23,143,2022-12-13,True,0.1,0.4564999999999999,0.25170965416527036,0.3,0.35649999999999993,1.0000000000000002,0.0,8,0.04124999999999999,0.0
CPI-22NOV,2022-07-24,142,2022-12-13,True,0.1,0.4560000000000001,0.2517220689570146,0.3000000000000001,0.3560000000000001,0.9999999999999999,0.0,8,0.04249999999999999,0.0
CPI-22NOV,2022-07-25,141,2022-12-13,True,0.1,0.4560000000000001,0.2517220689570146,0.3000000000000001,0.3560000000000001,0.9999999999999999,0.0,8,0.04249999999999999,0.0
CPI-22NOV,2022-07-26,140,2022-12-13,True,0.1,0.4560000000000001,0.2517220689570146,0.3000000000000001,0.3560000000000001,0.9999999999999999,0.0,8,0.04249999999999999,0.0
CPI-22NOV,2022-07-27,139,2022-12-13,True,0.1,0.4560000000000001,0.2517220689570146,0.3000000000000001,0.3560000000000001,0.9999999999999999,0.0,8,0.04249999999999999,0.0
CPI-22NOV,2022-07-28,138,2022-12-13,True,0.1,0.49900000000000005,0.21598379568847287,0.42999999999999994,0.399,1.0,0.0,4,0.03999999999999999,0.0
CPI-22NOV,2022-07-29,137,2022-12-13,True,0.1,0.4560000000000001,0.2517220689570146,0.3000000000000001,0.3560000000000001,0.9999999999999999,0.0,8,0.04249999999999999,0.0
CPI-22NOV,2022-07-30,136,2022-12-13,True,0.1,0.4560000000000001,0.2517220689570146,0.3000000000000001,0.3560000000000001,0.9999999999999999,0.0,8,0.04249999999999999,1.0
CPI-22NOV,2022-07-31,135,2022-12-13,True,0.1,0.4560000000000001,0.2517220689570146,0.3000000000000001,0.3560000000000001,0.9999999999999999,0.0,8,0.04249999999999999,0.0
CPI-22NOV,2022-08-01,134,2022-12-13,True,0.1,0.4560000000000001,0.25192062241904695,0.305,0.3560000000000001,0.9999999999999999,0.0,8,0.04499999999999999,0.0
CPI-22NOV,2022-08-02,133,2022-12-13,True,0.1,0.4454999999999999,0.248354081907264,0.3149999999999999,0.3454999999999999,1.0000000000000002,0.0,8,0.04124999999999998,0.0
CPI-22NOV,2022-08-03,132,2022-12-13,True,0.1,0.4454999999999999,0.248354081907264,0.3149999999999999,0.3454999999999999,1.0000000000000002,0.0,8,0.04124999999999998,0.0
CPI-22NOV,2022-08-04,131,2022-12-13,True,0.1,0.4454999999999999,0.248354081907264,0.3149999999999999,0.3454999999999999,1.0000000000000002,0.0,8,0.04124999999999998,0.0
CPI-22NOV,2022-08-05,130,2022-12-13,True,0.1,0.4454999999999999,0.248354081907264,0.3149999999999999,0.3454999999999999,1.0000000000000002,0.0,8,0.04124999999999998,0.0
CPI-22NOV,2022-08-06,129,2022-12-13,True,0.1,0.4454999999999999,0.248354081907264,0.3149999999999999,0.3454999999999999,1.0000000000000002,0.0,8,0.04124999999999998,0.0
CPI-22NOV,2022-08-07,128,2022-12-13,True,0.1,0.44600000000000006,0.24876494929953458,0.315,0.3460000000000001,0.9999999999999999,0.0,8,0.03999999999999998,0.0
CPI-22NOV,2022-08-08,127,2022-12-13,True,0.1,0.4544999999999999,0.25055887531676063,0.3,0.3544999999999999,1.0000000000000002,0.0,8,0.04124999999999998,200.0
CPI-22NOV,2022-08-09,126,2022-12-13,True,0.1,0.4595000000000001,0.25141549276049,0.295,0.35950000000000004,0.9999999999999999,0.0,8,0.04625,110.0
CPI-22NOV,2022-08-10,125,2022-12-13,True,0.1,0.406,0.24912647390432036,0.45499999999999996,0.30600000000000005,1.0,0.0,8,0.03,911.0
CPI-22NOV,2022-08-11,124,2022-12-13,True,0.1,0.405,0.24914855006601988,0.45499999999999996,0.30500000000000005,1.0,0.0,8,0.0325,0.0
CPI-22NOV,2022-08-12,123,2022-12-13,True,0.1,0.4045,0.24925840005905517,0.45499999999999996,0.3045,1.0,0.0,8,0.03375,0.0
CPI-22NOV,2022-08-13,122,2022-12-13,True,0.1,0.405,0.24914855006601988,0.45499999999999996,0.30500000000000005,1.0,0.0,8,0.0325,0.0
CPI-22NOV,2022-08-14,121,2022-12-13,True,0.1,0.4045,0.24925840005905517,0.45499999999999996,0.3045,1.0,0.0,8,0.03375,0.0
CPI-22NOV,2022-08-15,120,2022-12-13,True,0.1,0.4045,0.24925840005905517,0.45499999999999996,0.3045,1.0,0.0,8,0.03375,0.0
CPI-22NOV,2022-08-16,119,2022-12-13,True,0.1,0.40750000000000003,0.2493867478435853,0.44500000000000006,0.3075,1.0,0.0,8,0.03874999999999999,100.0
CPI-22NOV,2022-08-17,118,2022-12-13,True,0.1,0.40650000000000003,0.24881268054502367,0.44999999999999996,0.3065,1.0,0.0,8,0.03624999999999999,0.0
CPI-22NOV,2022-08-18,117,2022-12-13,True,0.1,0.40800000000000003,0.25027185219277054,0.44999999999999996,0.30800000000000005,1.0,0.0,8,0.03249999999999999,0.0
CPI-22NOV,2022-08-19,116,2022-12-13,True,0.1,0.40900000000000003,0.25083660020021004,0.44500000000000006,0.30900000000000005,1.0,0.0,8,0.03499999999999999,100.0
CPI-22NOV,2022-08-20,115,2022-12-13,True,0.1,0.40900000000000003,0.25083660020021004,0.44500000000000006,0.30900000000000005,1.0,0.0,8,0.03499999999999999,0.0
CPI-22NOV,2022-08-21,114,2022-12-13,True,0.1,0.40900000000000003,0.25083660020021004,0.44500000000000006,0.30900000000000005,1.0,0.0,8,0.03499999999999999,0.0
CPI-22NOV,2022-08-22,113,2022-12-13,True,0.1,0.4144999999999999,0.25187248758052155,0.4299999999999998,0.3144999999999999,1.0000000000000002,0.0,8,0.03624999999999999,350.0
CPI-22NOV,2022-08-23,112,2022-12-13,True,0.1,0.4134999999999999,0.25252277125043593,0.43999999999999984,0.3134999999999999,1.0000000000000002,0.0,8,0.03624999999999999,0.0
CPI-22NOV,2022-08-24,111,2022-12-13,True,0.1,0.4164999999999999,0.2531358331015188,0.43499999999999994,0.3164999999999999,1.0000000000000002,0.0,8,0.03874999999999999,250.0
CPI-22NOV,2022-08-25,110,2022-12-13,True,0.1,0.4144999999999999,0.2544400715296236,0.45499999999999985,0.3144999999999999,1.0000000000000002,0.0,8,0.03375,0.0
CPI-22NOV,2022-08-26,109,2022-12-13,True,0.1,0.38300000000000006,0.2425097936166703,0.505,0.28300000000000003,1.0,0.0,8,0.0425,263.0
CPI-22NOV,2022-08-27,108,2022-12-13,True,0.1,0.38300000000000006,0.2425097936166703,0.505,0.28300000000000003,1.0,0.0,8,0.0425,0.0
CPI-22NOV,2022-08-28,107,2022-12-13,True,0.1,0.3845,0.24456031975772358,0.505,0.2845,1.0,0.0,8,0.04625,0.0
CPI-22NOV,2022-08-29,106,2022-12-13,True,0.1,0.38450000000000006,0.2441510802761274,0.51,0.2845000000000001,1.0,0.0,8,0.03125000000000001,0.0
CPI-22NOV,2022-08-30,105,2022-12-13,True,0.1,0.38400000000000006,0.24278385448789627,0.51,0.28400000000000003,1.0,0.0,8,0.0475,0.0
CPI-22NOV,2022-08-31,104,2022-12-13,True,0.1,0.38400000000000006,0.24278385448789627,0.51,0.28400000000000003,1.0,0.0,8,0.0475,0.0
CPI-22NOV,2022-09-01,103,2022-12-13,True,0.1,0.3835,0.24449488747211057,0.51,0.2835,1.0,0.0,8,0.04625,0.0
CPI-22NOV,2022-09-02,102,2022-12-13,True,0.1,0.38400000000000006,0.24463033336035822,0.51,0.28400000000000003,1.0,0.0,8,0.052500000000000005,0.0
CPI-22NOV,2022-09-03,101,2022-12-13,True,0.1,0.38400000000000006,0.24463033336035822,0.51,0.28400000000000003,1.0,0.0,8,0.052500000000000005,0.0
CPI-22NOV,2022-09-04,100,2022-12-13,True,0.1,0.38400000000000006,0.24463033336035822,0.51,0.28400000000000003,1.0,0.0,8,0.052500000000000005,0.0
CPI-22NOV,2022-09-05,99,2022-12-13,True,0.1,0.38500000000000006,0.24489793792516917,0.51,0.28500000000000003,1.0,0.0,8,0.05,0.0
CPI-22NOV,2022-09-06,98,2022-12-13,True,0.1,0.38500000000000006,0.24489793792516917,0.51,0.28500000000000003,1.0,0.0,8,0.05,0.0
CPI-22NOV,2022-09-07,97,2022-12-13,True,0.1,0.38400000000000006,0.2434009038602774,0.51,0.28400000000000003,1.0,0.0,8,0.0475,0.0
CPI-22NOV,2022-09-08,96,2022-12-13,True,0.1,0.38400000000000006,0.2434009038602774,0.51,0.28400000000000003,1.0,0.0,8,0.0475,0.0
CPI-22NOV,2022-09-09,95,2022-12-13,True,0.1,0.38400000000000006,0.2434009038602774,0.51,0.28400000000000003,1.0,0.0,8,0.0475,0.0
CPI-22NOV,2022-09-10,94,2022-12-13,True,0.1,0.3845,0.24333053651360734,0.51,0.2845,1.0,0.0,8,0.04625,0.0
CPI-22NOV,2022-09-11,93,2022-12-13,True,0.1,0.3845,0.24333053651360734,0.51,0.2845,1.0,0.0,8,0.04625,0.0
CPI-22NOV,2022-09-12,92,2022-12-13,True,0.1,0.3845,0.24333053651360734,0.51,0.2845,1.0,0.0,8,0.04625,0.0
CPI-22NOV,2022-09-13,91,2022-12-13,True,0.1,0.42500000000000004,0.2048780124854788,0.27,0.32500000000000007,1.0,0.0,8,0.029999999999999995,2361.0
CPI-22NOV,2022-09-14,90,2022-12-13,True,0.1,0.42700000000000005,0.20632740971572344,0.27,0.32700000000000007,1.0,0.0,8,0.032499999999999994,400.0
CPI-22NOV,2022-09-15,89,2022-12-13,True,0.1,0.41250000000000003,0.2092695630042745,0.32000000000000006,0.3125,1.0,0.0,8,0.028749999999999994,612.0
CPI-22NOV,2022-09-16,88,2022-12-13,True,0.1,0.41450000000000004,0.21009462153991473,0.31499999999999995,0.3145,1.0,0.0,8,0.02374999999999999,0.0
CPI-22NOV,2022-09-17,87,2022-12-13,True,0.1,0.4145,0.21986302554090356,0.35,0.3145,1.0,0.0,8,0.03375,1493.0
CPI-22NOV,2022-09-18,86,2022-12-13,True,0.1,0.4165,0.21858122060231983,0.33499999999999996,0.3165,1.0,0.0,8,0.03624999999999999,86.0
CPI-22NOV,2022-09-19,85,2022-12-13,True,0.1,0.4285,0.23374719249650894,0.33000000000000007,0.3285,1.0,0.0,8,0.04124999999999998,2768.0
CPI-22NOV,2022-09-20,84,2022-12-13,True,0.1,0.43900000000000006,0.24078828875175803,0.32000000000000006,0.3390000000000001,1.0,0.0,8,0.03999999999999998,543.0
CPI-22NOV,2022-09-21,83,2022-12-13,True,0.1,0.43650000000000005,0.24149068305009203,0.33999999999999997,0.3365,1.0,0.0,8,0.03874999999999999,34.0
CPI-22NOV,2022-09-22,82,2022-12-13,True,0.1,0.437,0.24089624322516948,0.33000000000000007,0.33699999999999997,1.0,0.0,8,0.034999999999999976,169.0
CPI-22NOV,2022-09-23,81,2022-12-13,True,0.1,0.433,0.24292179811618386,0.355,0.33299999999999996,1.0,0.0,8,0.03500000000000001,843.0
CPI-22NOV,2022-09-24,80,2022-12-13,True,0.1,0.43300000000000005,0.24312753854715843,0.35,0.3330000000000001,1.0,0.0,8,0.0325,0.0
CPI-22NOV,2022-09-25,79,2022-12-13,True,0.1,0.43200000000000005,0.24367191056828855,0.355,0.3320000000000001,1.0,0.0,8,0.03,0.0
CPI-22NOV,2022-09-26,78,2022-12-13,True,0.1,0.4265,0.24545417087513507,0.39,0.3265,1.0,0.0,8,0.026250000000000002,302.0
CPI-22NOV,2022-09-27,77,2022-12-13,True,0.1,0.42500000000000004,0.2405722344743882,0.365,0.32500000000000007,1.0,0.0,8,0.030000000000000006,373.0
CPI-22NOV,2022-09-28,76,2022-12-13,True,0.1,0.4255,0.23958244927373124,0.355,0.3255,1.0,0.0,8,0.026250000000000002,0.0
CPI-22NOV,2022-09-29,75,2022-12-13,True,0.1,0.42600000000000005,0.239841614404173,0.355,0.32600000000000007,1.0,0.0,8,0.027500000000000004,1.0
CPI-22NOV,2022-09-30,74,2022-12-13,True,0.1,0.4165,0.2357493372207014,0.37,0.3165,1.0,0.0,8,0.04375000000000002,214.0
CPI-22NOV,2022-10-01,73,2022-12-13,True,0.1,0.4159999999999999,0.2358898047818091,0.37,0.31599999999999995,1.0,0.0,8,0.04250000000000002,15.0
CPI-22NOV,2022-10-02,72,2022-12-13,True,0.1,0.4159999999999999,0.2358898047818091,0.37,0.31599999999999995,1.0,0.0,8,0.04250000000000002,0.0
CPI-22NOV,2022-10-03,71,2022-12-13,True,0.1,0.4179999999999999,0.23595762331401798,0.37,0.31799999999999995,1.0,0.0,8,0.03750000000000001,0.0
CPI-22NOV,2022-10-04,70,2022-12-13,True,0.1,0.4275,0.23599523300270284,0.33000000000000007,0.3275,1.0,0.0,8,0.04625,526.0
CPI-22NOV,2022-10-05,69,2022-12-13,True,0.1,0.471,0.24136901209558775,0.24999999999999994,0.371,1.0000000000000002,0.0,8,0.04750000000000001,1976.0
CPI-22NOV,2022-10-06,68,2022-12-13,True,0.1,0.4579999999999999,0.2425613324501661,0.285,0.3579999999999999,1.0000000000000002,0.0,8,0.04499999999999999,429.0
CPI-22NOV,2022-10-07,67,2022-12-13,True,0.1,0.4649999999999999,0.24894778569009204,0.285,0.3649999999999999,1.0000000000000002,0.0,8,0.0325,0.0
CPI-22NOV,2022-10-08,66,2022-12-13,True,0.1,0.48249999999999993,0.2659769726874866,0.28,0.38249999999999995,1.0,0.0,8,0.03375,31.0
CPI-22NOV,2022-10-09,65,2022-12-13,True,0.1,0.48249999999999993,0.2659769726874866,0.28,0.38249999999999995,1.0,0.0,8,0.03375,0.0
CPI-22NOV,2022-10-10,64,2022-12-13,True,0.1,0.5055000000000001,0.26724473802116294,0.25,0.4055000000000001,1.0,0.0,8,0.04625000000000001,1224.0
CPI-22NOV,2022-10-11,63,2022-12-13,True,0.1,0.49750000000000005,0.26578892000984544,0.26,0.3975000000000001,1.0,0.0,8,0.04375000000000001,200.0
CPI-22NOV,2022-10-12,62,2022-12-13,True,0.1,0.509,0.26929352015969493,0.255,0.40900000000000003,1.0,0.0,8,0.0325,150.0
CPI-22NOV,2022-10-13,61,2022-12-13,True,0.1,0.4695000000000001,0.2700365715972561,0.3300000000000001,0.36950000000000005,0.9999999999999999,0.0,8,0.04874999999999999,2648.0
CPI-22NOV,2022-10-14,60,2022-12-13,True,0.1,0.481,0.19426528253910938,0.44500000000000006,0.381,1.0,0.0,3,0.046666666666666655,44.0
CPI-22NOV,2022-10-15,59,2022-12-13,True,0.1,0.4885,0.27949552769230496,0.32499999999999996,0.38849999999999996,1.0,0.0,8,0.03874999999999998,2580.0
CPI-22NOV,2022-10-17,57,2022-12-13,True,0.1,0.492,0.2813112155602759,0.32499999999999996,0.392,1.0,0.0,6,0.02999999999999999,0.0
CPI-22NOV,2022-10-18,56,2022-12-13,True,0.1,0.4105,0.1701168715912681,0.32000000000000006,0.3105,1.0,0.0,3,0.036666666666666646,250.0
CPI-22NOV,2022-10-19,55,2022-12-13,True,0.1,0.4815000000000001,0.27460471590997854,0.315,0.38150000000000006,0.9999999999999999,0.0,8,0.023749999999999983,1502.0
CPI-22NOV,2022-10-20,54,2022-12-13,True,0.1,0.49050000000000005,0.2675532657247898,0.31499999999999995,0.39050000000000007,1.0,0.0,3,0.0233333333333333,0.0
CPI-22NOV,2022-10-21,53,2022-12-13,True,0.1,0.5120000000000001,0.24053274205396655,0.31499999999999995,0.41200000000000014,1.0,0.0,2,0.009999999999999953,29.0
CPI-22NOV,2022-10-22,52,2022-12-13,True,0.1,0.48775,0.27397524979457544,0.31499999999999995,0.38775000000000004,1.0,0.0,5,0.03399999999999999,429.0
CPI-22NOV,2022-10-23,51,2022-12-13,True,0.1,0.40349999999999997,0.09453967421141243,0.42999999999999994,0.3035,1.0,0.0,2,0.03499999999999995,0.0
CPI-22NOV,2022-10-25,49,2022-12-13,True,0.1,0.4899999999999999,0.27910571473905726,0.31,0.3899999999999999,1.0000000000000002,0.0,8,0.03499999999999999,1616.0
CPI-22NOV,2022-10-26,48,2022-12-13,True,0.1,0.48750000000000004,0.2767557587476727,0.31000000000000005,0.38750000000000007,1.0,0.0,8,0.038749999999999986,161.0
CPI-22NOV,2022-10-31,43,2022-12-13,True,0.1,0.3735,0.13359547148013662,0.32000000000000006,0.27349999999999997,1.0,0.0,3,0.04333333333333328,162.0
CPI-22NOV,2022-11-01,42,2022-12-13,True,0.1,0.48749999999999993,0.23450746256782534,0.31000000000000005,0.38749999999999996,1.0,0.0,4,0.042499999999999975,1989.0
CPI-22NOV,2022-11-02,41,2022-12-13,True,0.1,0.5469999999999999,0.28105337571358224,0.235,0.44699999999999995,1.0,0.0,8,0.034999999999999976,9872.0
CPI-22NOV,2022-11-03,40,2022-12-13,True,0.1,0.5485,0.2777098305786095,0.22999999999999998,0.4485,1.0,0.0,4,0.03499999999999999,118.0
CPI-22NOV,2022-11-04,39,2022-12-13,True,0.1,0.5589999999999999,0.2768013728289656,0.21999999999999997,0.45899999999999996,1.0,0.0,6,0.04,2672.0
CPI-22NOV,2022-11-05,38,2022-12-13,True,0.1,0.431,0.09076893741803965,0.30499999999999994,0.33099999999999996,1.0,0.0,2,0.04999999999999999,35.0
CPI-22NOV,2022-11-07,36,2022-12-13,True,0.1,0.5895,0.27201056964757825,0.17000000000000004,0.48950000000000005,1.0,0.0,5,0.038000000000000006,3749.0
CPI-22NOV,2022-11-08,35,2022-12-13,True,0.1,0.5975,0.2713738196657887,0.16500000000000004,0.49750000000000005,1.0,0.0,6,0.045000000000000005,1549.0
CPI-22NOV,2022-11-09,34,2022-12-13,True,0.1,0.5920000000000001,0.2636967955815922,0.15500000000000003,0.4920000000000001,1.0,0.0,6,0.04333333333333333,1936.0
CPI-22NOV,2022-11-10,33,2022-12-13,True,0.1,0.41100000000000003,0.19333649422703414,0.265,0.31100000000000005,1.0,0.0,8,0.039999999999999994,6033.0
CPI-22NOV,2022-11-11,32,2022-12-13,True,0.1,0.38250000000000006,0.1973417087186589,0.33,0.2825000000000001,0.9999999999999999,0.0,8,0.02875000000000001,5367.0
CPI-22NOV,2022-11-12,31,2022-12-13,True,0.1,0.36500000000000005,0.1796524422322168,0.36500000000000005,0.265,0.9999999999999999,0.0,6,0.036666666666666674,4141.0
CPI-22NOV,2022-11-13,30,2022-12-13,True,0.1,0.3710000000000001,0.17651912077732543,0.3200000000000001,0.27100000000000013,0.9999999999999999,0.0,6,0.029999999999999985,1942.0
CPI-22NOV,2022-11-14,29,2022-12-13,True,0.1,0.35550000000000004,0.16513555038210276,0.385,0.25550000000000006,1.0,0.0,5,0.03800000000000001,2903.0
CPI-22NOV,2022-11-15,28,2022-12-13,True,0.1,0.3534999999999999,0.17744787967175035,0.41000000000000003,0.25349999999999995,1.0,0.0,6,0.021666666666666678,5495.0
CPI-22NOV,2022-11-16,27,2022-12-13,True,0.1,0.324,0.20958053344716915,0.15000000000000002,0.224,1.0,0.0,8,0.030000000000000002,4827.0
CPI-22NOV,2022-11-17,26,2022-12-13,True,0.1,0.32650000000000007,0.21106337910684556,0.1499999999999999,0.22650000000000006,1.0,0.0,10,0.028999999999999998,2864.0
CPI-22NOV,2022-11-18,25,2022-12-13,True,0.1,0.33599999999999997,0.23217234977490323,0.15999999999999992,0.23599999999999996,1.0,0.0,6,0.033333333333333305,3091.0
CPI-22NOV,2022-11-19,24,2022-12-13,True,0.1,0.2725,0.1260704168312297,0.15500000000000003,0.17250000000000001,1.0,0.0,4,0.0325,4581.0
CPI-22NOV,2022-11-20,23,2022-12-13,True,0.1,0.341,0.20986662431172803,0.125,0.24100000000000002,1.0,0.0,9,0.029999999999999978,6010.0
CPI-22NOV,2022-11-21,22,2022-12-13,True,0.1,0.31800000000000006,0.21418683432928365,0.16000000000000003,0.21800000000000005,1.0,0.0,7,0.025714285714285717,12190.0
CPI-22NOV,2022-11-22,21,2022-12-13,True,0.1,0.30200000000000005,0.188403821617291,0.17499999999999993,0.20200000000000004,1.0,0.0,9,0.022222222222222213,11366.0
CPI-22NOV,2022-11-23,20,2022-12-13,True,0.1,0.2775,0.18505066873697051,0.21000000000000008,0.17750000000000002,1.0,0.0,9,0.021111111111111115,24220.0
CPI-22NOV,2022-11-24,19,2022-12-13,True,0.1,0.272,0.18977881862842333,0.2350000000000001,0.17200000000000001,1.0,0.0,8,0.02749999999999999,9220.0
CPI-22NOV,2022-11-25,18,2022-12-13,True,0.1,0.26625,0.19338675626836496,0.2350000000000001,0.16624999999999998,1.0,0.0,9,0.021111111111111094,5803.0
CPI-22NOV,2022-11-26,17,2022-12-13,True,0.1,0.28600000000000003,0.21955409356238384,0.22999999999999998,0.18600000000000003,1.0,0.0,6,0.013333333333333315,831.0
CPI-22NOV,2022-11-27,16,2022-12-13,True,0.1,0.251,0.1545930140724347,0.22999999999999998,0.151,1.0,0.0,5,0.015999999999999976,327.0
CPI-22NOV,2022-11-28,15,2022-12-13,True,0.1,0.25675,0.19187740226509217,0.24,0.15674999999999997,1.0,0.0,9,0.01777777777777778,13270.0
CPI-22NOV,2022-11-29,14,2022-12-13,True,0.1,0.261,0.19060167890131502,0.2400000000000001,0.161,1.0,0.0,9,0.025555555555555547,5872.0
CPI-22NOV,2022-11-30,13,2022-12-13,True,0.1,0.26,0.17825543469975888,0.22000000000000008,0.16,1.0,0.0,6,0.026666666666666658,884.0
CPI-22NOV,2022-12-01,12,2022-12-13,True,0.1,0.252,0.17376996288196642,0.24499999999999994,0.152,1.0000000000000002,0.0,8,0.01500000000000001,5397.0
CPI-22NOV,2022-12-02,11,2022-12-13,True,0.1,0.2465,0.16639636414297038,0.18000000000000005,0.1465,1.0,0.0,8,0.03125000000000001,12351.0
CPI-22NOV,2022-12-03,10,2022-12-13,True,0.1,0.256,0.1745393938341714,0.19000000000000006,0.156,1.0,0.0,8,0.0325,3536.0
CPI-22NOV,2022-12-04,9,2022-12-13,True,0.1,0.259,0.17426703646989583,0.20000000000000007,0.159,1.0,0.0,7,0.06142857142857143,1735.0
CPI-22NOV,2022-12-05,8,2022-12-13,True,0.1,0.2805,0.17282867238973976,0.1449999999999999,0.18050000000000002,1.0,0.0,8,0.021249999999999995,8718.0
CPI-22NOV,2022-12-06,7,2022-12-13,True,0.1,0.2935,0.18949340357912198,0.1399999999999999,0.19349999999999998,1.0,0.0,9,0.02111111111111111,7391.0
CPI-22NOV,2022-12-07,6,2022-12-13,True,0.1,0.28250000000000003,0.17984368212422702,0.15499999999999992,0.18250000000000002,1.0,0.0,9,0.02333333333333333,7462.0
CPI-22NOV,2022-12-08,5,2022-12-13,True,0.1,0.279,0.18182134088164678,0.15000000000000002,0.17900000000000002,1.0,0.0,9,0.02000000000000001,766.0
CPI-22NOV,2022-12-09,4,2022-12-13,True,0.1,0.28,0.1772004514666935,0.15500000000000003,0.18000000000000002,1.0,0.0,8,0.01750000000000001,1496.0
CPI-22NOV,2022-12-10,3,2022-12-13,True,0.1,0.2795,0.1761526326797303,0.15500000000000003,0.17950000000000002,1.0,0.0,8,0.023749999999999997,7738.0
CPI-22NOV,2022-12-11,2,2022-12-13,True,0.1,0.28300000000000003,0.17638310576696398,0.13,0.18300000000000002,1.0,0.0,8,0.0225,16620.0
CPI-22NOV,2022-12-12,1,2022-12-13,True,0.1,0.29950000000000004,0.1736368336500064,0.14,0.19950000000000004,1.0,0.0,8,0.02624999999999999,68071.0
CPI-22NOV,2022-12-13,0,2022-12-13,True,0.1,0.29150000000000004,0.1835149857641059,0.17499999999999993,0.19150000000000003,1.0,0.0,10,0.02699999999999999,11294.0
CPI-22OCT,2022-06-13,150,2022-11-10,True,0.4,0.473,0.254894095655431,0.15000000000000002,0.07299999999999995,1.0,0.0,8,0.04500000000000001,0.0
CPI-22OCT,2022-06-14,149,2022-11-10,True,0.4,0.473,0.254894095655431,0.15000000000000002,0.07299999999999995,1.0,0.0,8,0.04500000000000001,0.0
CPI-22OCT,2022-06-15,148,2022-11-10,True,0.4,0.473,0.254894095655431,0.15000000000000002,0.07299999999999995,1.0,0.0,8,0.04500000000000001,0.0
CPI-22OCT,2022-06-16,147,2022-11-10,True,0.4,0.473,0.254894095655431,0.15000000000000002,0.07299999999999995,1.0,0.0,8,0.04500000000000001,150.0
CPI-22OCT,2022-06-17,146,2022-11-10,True,0.4,0.4724999999999999,0.2551347683088293,0.14500000000000002,0.0724999999999999,1.0,0.0,8,0.04375000000000001,58.0
CPI-22OCT,2022-06-18,145,2022-11-10,True,0.4,0.4724999999999999,0.2551347683088293,0.14500000000000002,0.0724999999999999,1.0,0.0,8,0.04375000000000001,0.0
CPI-22OCT,2022-06-19,144,2022-11-10,True,0.4,0.4724999999999999,0.2551347683088293,0.14500000000000002,0.0724999999999999,1.0,0.0,8,0.04375000000000001,0.0
CPI-22OCT,2022-06-22,141,2022-11-10,True,0.4,0.4724999999999999,0.2551347683088293,0.14500000000000002,0.0724999999999999,1.0,0.0,8,0.04375000000000001,0.0
CPI-22OCT,2022-06-23,140,2022-11-10,True,0.4,0.4754999999999999,0.2633434069803154,0.14,0.0754999999999999,1.0,0.0,8,0.04125000000000001,927.0
CPI-22OCT,2022-06-24,139,2022-11-10,True,0.4,0.4754999999999999,0.2633434069803154,0.14,0.0754999999999999,1.0,0.0,8,0.04125000000000001,0.0
CPI-22OCT,2022-06-25,138,2022-11-10,True,0.4,0.4754999999999999,0.2633434069803154,0.14,0.0754999999999999,1.0,0.0,8,0.04125000000000001,0.0
CPI-22OCT,2022-06-26,137,2022-11-10,True,0.4,0.4754999999999999,0.2633434069803154,0.14,0.0754999999999999,1.0,0.0,8,0.04125000000000001,0.0
CPI-22OCT,2022-06-27,136,2022-11-10,True,0.4,0.4754999999999999,0.2633434069803154,0.14,0.0754999999999999,1.0,0.0,8,0.04125000000000001,0.0
CPI-22OCT,2022-06-28,135,2022-11-10,True,0.4,0.4754999999999999,0.2633434069803154,0.14,0.0754999999999999,1.0,0.0,8,0.04125000000000001,0.0
CPI-22OCT,2022-06-29,134,2022-11-10,True,0.4,0.4754999999999999,0.2633434069803154,0.14,0.0754999999999999,1.0,0.0,8,0.04125000000000001,0.0
CPI-22OCT,2022-06-30,133,2022-11-10,True,0.4,0.4754999999999999,0.2633434069803154,0.14,0.0754999999999999,1.0,0.0,8,0.04125000000000001,0.0
CPI-22OCT,2022-07-01,132,2022-11-10,True,0.4,0.4794999999999999,0.2640639127181145,0.13999999999999999,0.0794999999999999,1.0000000000000002,0.0,8,0.04375000000000001,100.0
CPI-22OCT,2022-07-02,131,2022-11-10,True,0.4,0.4794999999999999,0.2640639127181145,0.13999999999999999,0.0794999999999999,1.0000000000000002,0.0,8,0.04375000000000001,0.0
CPI-22OCT,2022-07-03,130,2022-11-10,True,0.4,0.4794999999999999,0.2640639127181145,0.13999999999999999,0.0794999999999999,1.0000000000000002,0.0,8,0.04375000000000001,0.0
CPI-22OCT,2022-07-04,129,2022-11-10,True,0.4,0.47199999999999986,0.25983841132519264,0.13999999999999999,0.07199999999999984,1.0000000000000002,0.0,8,0.04250000000000001,150.0
CPI-22OCT,2022-07-05,128,2022-11-10,True,0.4,0.4740000000000001,0.2604304129705285,0.14000000000000004,0.07400000000000007,0.9999999999999999,0.0,8,0.047500000000000014,0.0
CPI-22OCT,2022-07-06,127,2022-11-10,True,0.4,0.4740000000000001,0.2604304129705285,0.14000000000000004,0.07400000000000007,0.9999999999999999,0.0,8,0.047500000000000014,10.0
CPI-22OCT,2022-07-07,126,2022-11-10,True,0.4,0.4740000000000001,0.2604304129705285,0.14000000000000004,0.07400000000000007,0.9999999999999999,0.0,8,0.047500000000000014,0.0
CPI-22OCT,2022-07-08,125,2022-11-10,True,0.4,0.4740000000000001,0.2604304129705285,0.14000000000000004,0.07400000000000007,0.9999999999999999,0.0,8,0.047500000000000014,0.0
CPI-22OCT,2022-07-09,124,2022-11-10,True,0.4,0.4740000000000001,0.2604304129705285,0.14000000000000004,0.07400000000000007,0.9999999999999999,0.0,8,0.047500000000000014,0.0
CPI-22OCT,2022-07-10,123,2022-11-10,True,0.4,0.4740000000000001,0.2604304129705285,0.14000000000000004,0.07400000000000007,0.9999999999999999,0.0,8,0.047500000000000014,0.0
CPI-22OCT,2022-07-11,122,2022-11-10,True,0.4,0.4740000000000001,0.2604304129705285,0.14000000000000004,0.07400000000000007,0.9999999999999999,0.0,8,0.047500000000000014,0.0
CPI-22OCT,2022-07-12,121,2022-11-10,True,0.4,0.47099999999999986,0.2599211418873039,0.14999999999999994,0.07099999999999984,1.0000000000000002,0.0,8,0.04000000000000002,200.0
CPI-22OCT,2022-07-13,120,2022-11-10,True,0.4,0.5165,0.2531358331015188,0.1400000000000001,0.11649999999999994,1.0000000000000002,0.0,8,0.04374999999999997,75.0
CPI-22OCT,2022-07-14,119,2022-11-10,True,0.4,0.5165,0.2531358331015188,0.1400000000000001,0.11649999999999994,1.0000000000000002,0.0,8,0.04374999999999997,0.0
CPI-22OCT,2022-07-15,118,2022-11-10,True,0.4,0.509,0.2543992924518463,0.13000000000000014,0.10899999999999999,0.9999999999999999,0.0,8,0.044999999999999984,242.0
CPI-22OCT,2022-07-16,117,2022-11-10,True,0.4,0.5080000000000001,0.2546291420870753,0.14000000000000004,0.1080000000000001,0.9999999999999999,0.0,8,0.045,30.0
CPI-22OCT,2022-07-17,116,2022-11-10,True,0.4,0.5080000000000001,0.2546291420870753,0.14000000000000004,0.1080000000000001,0.9999999999999999,0.0,8,0.045,0.0
CPI-22OCT,2022-07-18,115,2022-11-10,True,0.4,0.5080000000000001,0.2546291420870753,0.14000000000000004,0.1080000000000001,0.9999999999999999,0.0,8,0.045,0.0
CPI-22OCT,2022-07-19,114,2022-11-10,True,0.4,0.5080000000000001,0.2546291420870753,0.14000000000000004,0.1080000000000001,0.9999999999999999,0.0,8,0.045,0.0
CPI-22OCT,2022-07-20,113,2022-11-10,True,0.4,0.5080000000000001,0.2546291420870753,0.14000000000000004,0.1080000000000001,0.9999999999999999,0.0,8,0.045,0.0
CPI-22OCT,2022-07-21,112,2022-11-10,True,0.4,0.5080000000000001,0.2546291420870753,0.14000000000000004,0.1080000000000001,0.9999999999999999,0.0,8,0.045,0.0
CPI-22OCT,2022-07-22,111,2022-11-10,True,0.4,0.5080000000000001,0.2546291420870753,0.14000000000000004,0.1080000000000001,0.9999999999999999,0.0,8,0.045,100.0
CPI-22OCT,2022-07-23,110,2022-11-10,True,0.4,0.507,0.2534778096796641,0.14,0.10699999999999998,1.0,0.0,8,0.042499999999999996,20.0
CPI-22OCT,2022-07-24,109,2022-11-10,True,0.4,0.507,0.2534778096796641,0.14,0.10699999999999998,1.0,0.0,8,0.042499999999999996,0.0
CPI-22OCT,2022-07-25,108,2022-11-10,True,0.4,0.507,0.2534778096796641,0.14,0.10699999999999998,1.0,0.0,8,0.042499999999999996,0.0
CPI-22OCT,2022-07-26,107,2022-11-10,True,0.4,0.507,0.2534778096796641,0.14,0.10699999999999998,1.0,0.0,8,0.042499999999999996,0.0
CPI-22OCT,2022-07-27,106,2022-11-10,True,0.4,0.5009999999999999,0.25298023638221223,0.13999999999999999,0.10099999999999987,1.0000000000000002,0.0,8,0.04250000000000001,173.0
CPI-22OCT,2022-07-29,104,2022-11-10,True,0.4,0.5049999999999999,0.25627134057478995,0.13999999999999999,0.10499999999999987,1.0000000000000002,0.0,8,0.045000000000000005,200.0
CPI-22OCT,2022-07-30,103,2022-11-10,True,0.4,0.5049999999999999,0.25627134057478995,0.13999999999999999,0.10499999999999987,1.0000000000000002,0.0,8,0.045000000000000005,0.0
CPI-22OCT,2022-07-31,102,2022-11-10,True,0.4,0.5049999999999999,0.25627134057478995,0.13999999999999999,0.10499999999999987,1.0000000000000002,0.0,8,0.045000000000000005,0.0
CPI-22OCT,2022-08-01,101,2022-11-10,True,0.4,0.5055,0.2569430870835018,0.13999999999999999,0.10549999999999993,1.0000000000000002,0.0,8,0.04375,0.0
CPI-22OCT,2022-08-02,100,2022-11-10,True,0.4,0.487,0.25125883069058486,0.17000000000000004,0.08699999999999997,1.0,0.0,8,0.04500000000000001,0.0
CPI-22OCT,2022-08-03,99,2022-11-10,True,0.4,0.487,0.25125883069058486,0.17000000000000004,0.08699999999999997,1.0,0.0,8,0.04500000000000001,0.0
CPI-22OCT,2022-08-04,98,2022-11-10,True,0.4,0.48649999999999993,0.2517295175381703,0.17000000000000004,0.08649999999999991,1.0,0.0,8,0.04375000000000001,0.0
CPI-22OCT,2022-08-05,97,2022-11-10,True,0.4,0.48649999999999993,0.2517295175381703,0.17000000000000004,0.08649999999999991,1.0,0.0,8,0.04375000000000001,0.0
CPI-22OCT,2022-08-06,96,2022-11-10,True,0.4,0.48649999999999993,0.2517295175381703,0.17000000000000004,0.08649999999999991,1.0,0.0,8,0.04375000000000001,0.0
CPI-22OCT,2022-08-07,95,2022-11-10,True,0.4,0.487,0.2518551170812299,0.17000000000000004,0.08699999999999997,1.0,0.0,8,0.04250000000000001,0.0
CPI-22OCT,2022-08-08,94,2022-11-10,True,0.4,0.48649999999999993,0.2517295175381703,0.17000000000000004,0.08649999999999991,1.0,0.0,8,0.04375000000000001,0.0
CPI-22OCT,2022-08-09,93,2022-11-10,True,0.4,0.48649999999999993,0.2517295175381703,0.17000000000000004,0.08649999999999991,1.0,0.0,8,0.04375000000000001,0.0
CPI-22OCT,2022-08-10,92,2022-11-10,True,0.4,0.42349999999999993,0.24879258429462883,0.13999999999999999,0.02349999999999991,1.0000000000000002,0.0,8,0.03375,1007.0
CPI-22OCT,2022-08-11,91,2022-11-10,True,0.4,0.423,0.24873881884418442,0.12999999999999998,0.022999999999999965,1.0000000000000002,0.0,8,0.035,0.0
CPI-22OCT,2022-08-12,90,2022-11-10,True,0.4,0.42249999999999993,0.24888501361070334,0.12499999999999997,0.02249999999999991,1.0000000000000002,0.0,8,0.036250000000000004,0.0
CPI-22OCT,2022-08-13,89,2022-11-10,True,0.4,0.42449999999999993,0.24969931918209146,0.12999999999999998,0.02449999999999991,1.0000000000000002,0.0,8,0.03875000000000001,129.0
CPI-22OCT,2022-08-14,88,2022-11-10,True,0.4,0.42549999999999993,0.24899748994718798,0.12999999999999998,0.02549999999999991,1.0000000000000002,0.0,8,0.03875000000000001,0.0
CPI-22OCT,2022-08-15,87,2022-11-10,True,0.4,0.4259999999999999,0.24884533349050364,0.13499999999999998,0.025999999999999857,1.0000000000000002,0.0,8,0.037500000000000006,0.0
CPI-22OCT,2022-08-16,86,2022-11-10,True,0.4,0.4249999999999999,0.24934915279583364,0.12999999999999998,0.024999999999999856,1.0000000000000002,0.0,8,0.037500000000000006,50.0
CPI-22OCT,2022-08-17,85,2022-11-10,True,0.4,0.42449999999999993,0.24969931918209146,0.12999999999999998,0.02449999999999991,1.0000000000000002,0.0,8,0.03875000000000001,0.0
CPI-22OCT,2022-08-18,84,2022-11-10,True,0.4,0.42449999999999993,0.24969931918209146,0.12999999999999998,0.02449999999999991,1.0000000000000002,0.0,8,0.03875000000000001,0.0
CPI-22OCT,2022-08-19,83,2022-11-10,True,0.4,0.42449999999999993,0.24969931918209146,0.12999999999999998,0.02449999999999991,1.0000000000000002,0.0,8,0.03875000000000001,0.0
CPI-22OCT,2022-08-20,82,2022-11-10,True,0.4,0.42449999999999993,0.24969931918209146,0.12999999999999998,0.02449999999999991,1.0000000000000002,0.0,8,0.03875000000000001,0.0
CPI-22OCT,2022-08-21,81,2022-11-10,True,0.4,0.42449999999999993,0.24969931918209146,0.12999999999999998,0.02449999999999991,1.0000000000000002,0.0,8,0.03875000000000001,0.0
CPI-22OCT,2022-08-22,80,2022-11-10,True,0.4,0.43100000000000005,0.24927695441015002,0.14,0.031000000000000028,1.0,0.0,8,0.04,300.0
CPI-22OCT,2022-08-23,79,2022-11-10,True,0.4,0.42849999999999994,0.2472604901718024,0.12999999999999998,0.028499999999999914,1.0000000000000002,0.0,8,0.04125,241.0
CPI-22OCT,2022-08-24,78,2022-11-10,True,0.4,0.42849999999999994,0.2472604901718024,0.12999999999999998,0.028499999999999914,1.0000000000000002,0.0,8,0.04125,0.0
CPI-22OCT,2022-08-25,77,2022-11-10,True,0.4,0.42849999999999994,0.2472604901718024,0.12999999999999998,0.028499999999999914,1.0000000000000002,0.0,8,0.04125,0.0
CPI-22OCT,2022-08-26,76,2022-11-10,True,0.4,0.38450000000000006,0.24064444726608591,0.10500000000000004,0.015499999999999958,1.0,0.0,8,0.04125000000000001,50.0
CPI-22OCT,2022-08-27,75,2022-11-10,True,0.4,0.38450000000000006,0.24064444726608591,0.10500000000000004,0.015499999999999958,1.0,0.0,8,0.04125000000000001,0.0
CPI-22OCT,2022-08-28,74,2022-11-10,True,0.4,0.3845,0.24022853702256106,0.10000000000000003,0.015500000000000014,1.0,0.0,8,0.04875000000000001,0.0
CPI-22OCT,2022-08-29,73,2022-11-10,True,0.4,0.38400000000000006,0.24029981273400944,0.11000000000000004,0.01599999999999996,1.0,0.0,8,0.0325,60.0
CPI-22OCT,2022-08-30,72,2022-11-10,True,0.4,0.3844999999999999,0.24085213306093015,0.10999999999999996,0.015500000000000125,1.0000000000000002,0.0,8,0.04375,0.0
CPI-22OCT,2022-08-31,71,2022-11-10,True,0.4,0.3865,0.24303857718477534,0.10999999999999999,0.013500000000000012,1.0,0.0,8,0.03875000000000001,0.0
CPI-22OCT,2022-09-01,70,2022-11-10,True,0.4,0.3855,0.24339217325131882,0.10500000000000004,0.014500000000000013,1.0,0.0,8,0.036250000000000004,0.0
CPI-22OCT,2022-09-02,69,2022-11-10,True,0.4,0.383,0.24209708796266013,0.10499999999999998,0.017000000000000015,1.0,0.0,8,0.045,81.0
CPI-22OCT,2022-09-03,68,2022-11-10,True,0.4,0.383,0.24209708796266013,0.10499999999999998,0.017000000000000015,1.0,0.0,8,0.045,0.0
CPI-22OCT,2022-09-04,67,2022-11-10,True,0.4,0.383,0.24209708796266013,0.10499999999999998,0.017000000000000015,1.0,0.0,8,0.045,0.0
CPI-22OCT,2022-09-05,66,2022-11-10,True,0.4,0.3835,0.24305914917978302,0.10499999999999998,0.016500000000000015,1.0,0.0,8,0.041249999999999995,0.0
CPI-22OCT,2022-09-06,65,2022-11-10,True,0.4,0.3835,0.24305914917978302,0.10499999999999998,0.016500000000000015,1.0,0.0,8,0.041249999999999995,0.0
CPI-22OCT,2022-09-07,64,2022-11-10,True,0.4,0.3715,0.24111770984313868,0.09999999999999998,0.028500000000000025,1.0,0.0,8,0.03625,577.0
CPI-22OCT,2022-09-08,63,2022-11-10,True,0.4,0.3715,0.24111770984313868,0.09999999999999998,0.028500000000000025,1.0,0.0,8,0.03625,0.0
CPI-22OCT,2022-09-09,62,2022-11-10,True,0.4,0.3715,0.24111770984313868,0.09999999999999998,0.028500000000000025,1.0,0.0,8,0.03625,0.0
CPI-22OCT,2022-09-10,61,2022-11-10,True,0.4,0.36750000000000005,0.23472057856097747,0.09999999999999998,0.03249999999999997,1.0,0.0,8,0.041249999999999995,80.0
CPI-22OCT,2022-09-11,60,2022-11-10,True,0.4,0.36750000000000005,0.23472057856097747,0.09999999999999998,0.03249999999999997,1.0,0.0,8,0.041249999999999995,0.0
CPI-22OCT,2022-09-12,59,2022-11-10,True,0.4,0.35750000000000004,0.22835006021457493,0.09999999999999998,0.04249999999999998,1.0,0.0,8,0.03874999999999999,247.0
CPI-22OCT,2022-09-13,58,2022-11-10,True,0.4,0.49050000000000005,0.2866352211435294,0.08500000000000008,0.09050000000000002,1.0,0.0,8,0.04624999999999999,1306.0
CPI-22OCT,2022-09-14,57,2022-11-10,True,0.4,0.48850000000000005,0.2855131345490081,0.08499999999999996,0.08850000000000002,1.0,0.0,8,0.04624999999999998,65.0
CPI-22OCT,2022-09-15,56,2022-11-10,True,0.4,0.47650000000000003,0.2903407480874843,0.09000000000000008,0.07650000000000001,1.0,0.0,8,0.043750000000000004,742.0
CPI-22OCT,2022-09-16,55,2022-11-10,True,0.4,0.47700000000000004,0.2899499956889119,0.09000000000000008,0.07700000000000001,1.0,0.0,8,0.0425,0.0
CPI-22OCT,2022-09-17,54,2022-11-10,True,0.4,0.4680000000000001,0.2813823022153312,0.08500000000000003,0.06800000000000006,0.9999999999999999,0.0,8,0.04000000000000001,656.0
CPI-22OCT,2022-09-18,53,2022-11-10,True,0.4,0.4650000000000001,0.28226760352544894,0.07500000000000002,0.06500000000000006,0.9999999999999999,0.0,8,0.047500000000000014,0.0
CPI-22OCT,2022-09-19,52,2022-11-10,True,0.4,0.4640000000000001,0.28284978345404477,0.07000000000000002,0.06400000000000006,0.9999999999999999,0.0,8,0.04500000000000001,0.0
CPI-22OCT,2022-09-20,51,2022-11-10,True,0.4,0.45100000000000007,0.2774869366294565,0.07999999999999997,0.051000000000000045,0.9999999999999999,0.0,8,0.04750000000000001,1062.0
CPI-22OCT,2022-09-21,50,2022-11-10,True,0.4,0.44099999999999995,0.2702202805120296,0.08499999999999995,0.040999999999999925,1.0000000000000002,0.0,8,0.03500000000000001,391.0
CPI-22OCT,2022-09-22,49,2022-11-10,True,0.4,0.43900000000000006,0.2669812727514797,0.08499999999999998,0.039000000000000035,0.9999999999999999,0.0,8,0.02749999999999999,170.0
CPI-22OCT,2022-09-23,48,2022-11-10,True,0.4,0.43800000000000006,0.266,0.07499999999999997,0.038000000000000034,0.9999999999999999,0.0,8,0.03,60.0
CPI-22OCT,2022-09-24,47,2022-11-10,True,0.4,0.3985,0.22101527096560544,0.09499999999999997,0.0015000000000000013,1.0,0.0,8,0.04375000000000001,2746.0
CPI-22OCT,2022-09-25,46,2022-11-10,True,0.4,0.4,0.22135943621178658,0.09999999999999998,0.0,1.0,0.0,8,0.037500000000000006,0.0
CPI-22OCT,2022-09-26,45,2022-11-10,True,0.4,0.4010000000000001,0.22890827857462911,0.10999999999999999,0.0010000000000000564,1.0,0.0,8,0.035,173.0
CPI-22OCT,2022-09-27,44,2022-11-10,True,0.4,0.4145,0.2223505115802525,0.125,0.014499999999999957,1.0,0.009999999999999995,8,0.041249999999999995,286.0
CPI-22OCT,2022-09-28,43,2022-11-10,True,0.4,0.41900000000000004,0.22724216158098834,0.09999999999999998,0.019000000000000017,1.0,0.0,8,0.04749999999999999,130.0
CPI-22OCT,2022-09-29,42,2022-11-10,True,0.4,0.42400000000000004,0.2322154172315008,0.10499999999999998,0.02400000000000002,1.0,0.0,8,0.030000000000000002,0.0
CPI-22OCT,2022-09-30,41,2022-11-10,True,0.4,0.4255,0.23216319691113838,0.11499999999999999,0.025499999999999967,1.0,0.0,8,0.04124999999999999,99.0
CPI-22OCT,2022-10-01,40,2022-11-10,True,0.4,0.4335,0.2352185154276763,0.10499999999999998,0.033499999999999974,1.0,0.0,8,0.041249999999999995,368.0
CPI-22OCT,2022-10-02,39,2022-11-10,True,0.4,0.4185,0.2154245807701619,0.11499999999999999,0.01849999999999996,1.0,0.0,8,0.03624999999999999,4149.0
CPI-22OCT,2022-10-03,38,2022-11-10,True,0.4,0.41850000000000004,0.21215030049472,0.11499999999999999,0.018500000000000016,1.0,0.0,8,0.03874999999999999,911.0
CPI-22OCT,2022-10-04,37,2022-11-10,True,0.4,0.5185,0.23304023257798215,0.10999999999999999,0.11849999999999994,1.0,0.0,8,0.036250000000000004,10471.0
CPI-22OCT,2022-10-05,36,2022-11-10,True,0.4,0.5225000000000001,0.23225793850803036,0.10999999999999999,0.12250000000000005,1.0,0.0,8,0.03375,3538.0
CPI-22OCT,2022-10-06,35,2022-11-10,True,0.4,0.5335000000000001,0.23796585889576685,0.105,0.13350000000000006,0.9999999999999999,0.009999999999999995,8,0.04624999999999999,1803.0
CPI-22OCT,2022-10-07,34,2022-11-10,True,0.4,0.5485,0.24103474853223966,0.10999999999999999,0.14849999999999997,1.0,0.0,8,0.04375,1669.0
CPI-22OCT,2022-10-08,33,2022-11-10,True,0.4,0.55,0.24269322199023194,0.10999999999999999,0.15000000000000002,1.0,0.0,8,0.042499999999999996,0.0
CPI-22OCT,2022-10-09,32,2022-11-10,True,0.4,0.5405000000000001,0.23876714598118395,0.10999999999999999,0.14050000000000007,1.0,0.010000000000000009,8,0.03874999999999999,1304.0
CPI-22OCT,2022-10-10,31,2022-11-10,True,0.4,0.5375000000000001,0.23883833444403352,0.11499999999999999,0.13750000000000007,1.0,0.0,8,0.036250000000000004,543.0
CPI-22OCT,2022-10-11,30,2022-11-10,True,0.4,0.561,0.24572138694057544,0.115,0.16100000000000003,0.9999999999999999,0.009999999999999995,8,0.03499999999999999,1744.0
CPI-22OCT,2022-10-12,29,2022-11-10,True,0.4,0.5680000000000001,0.2363810483097154,0.14,0.16800000000000004,1.0,0.0,8,0.039999999999999994,4784.0
CPI-22OCT,2022-10-13,28,2022-11-10,True,0.4,0.6249999999999999,0.2063371028196335,0.12,0.22499999999999987,1.0,0.0,8,0.025000000000000005,41114.0
CPI-22OCT,2022-10-14,27,2022-11-10,True,0.4,0.639,0.2014422994308792,0.09000000000000008,0.239,1.0,0.0,8,0.029999999999999978,2574.0
CPI-22OCT,2022-10-15,26,2022-11-10,True,0.4,0.6345,0.19328670414697438,0.09000000000000008,0.23449999999999993,1.0,0.0,7,0.027142857142857125,4865.0
CPI-22OCT,2022-10-16,25,2022-11-10,True,0.4,0.6275000000000002,0.19259737796761411,0.09500000000000008,0.22750000000000015,1.0,0.0,7,0.029999999999999978,3376.0
CPI-22OCT,2022-10-17,24,2022-11-10,True,0.4,0.6425000000000003,0.20283922204544175,0.05000000000000006,0.24250000000000027,0.9999999999999998,0.0,8,0.023750000000000007,10753.0
CPI-22OCT,2022-10-18,23,2022-11-10,True,0.4,0.6125,0.19129492936301268,0.06500000000000006,0.21250000000000002,1.0,0.0,8,0.021249999999999988,11230.0
CPI-22OCT,2022-10-19,22,2022-11-10,True,0.4,0.6160000000000001,0.19658077220318373,0.07000000000000006,0.21600000000000008,1.0,0.0,8,0.022499999999999996,5420.0
CPI-22OCT,2022-10-20,21,2022-11-10,True,0.4,0.613,0.19086906506817708,0.06500000000000006,0.21299999999999997,1.0,0.0,8,0.02500000000000001,869.0
CPI-22OCT,2022-10-21,20,2022-11-10,True,0.4,0.6140000000000001,0.19184368636991944,0.08000000000000008,0.21400000000000008,0.9999999999999999,0.0,8,0.027499999999999993,4318.0
CPI-22OCT,2022-10-22,19,2022-11-10,True,0.4,0.6170000000000001,0.19547634127945,0.08000000000000007,0.21700000000000008,1.0,0.0,8,0.01999999999999999,2849.0
CPI-22OCT,2022-10-23,18,2022-11-10,True,0.4,0.6070000000000001,0.17132133550728584,0.10500000000000011,0.20700000000000007,0.9999999999999999,0.0,7,0.025714285714285707,5022.0
CPI-22OCT,2022-10-24,17,2022-11-10,True,0.4,0.6090000000000001,0.17697174915788116,0.09499999999999997,0.20900000000000007,1.0,0.0,8,0.0225,5079.0
CPI-22OCT,2022-10-25,16,2022-11-10,True,0.4,0.614,0.17579533554676588,0.08000000000000007,0.21399999999999997,1.0,0.0,8,0.027499999999999997,3391.0
CPI-22OCT,2022-10-26,15,2022-11-10,True,0.4,0.60675,0.1697555227378479,0.10499999999999998,0.20675,1.0,0.0,7,0.02857142857142858,4229.0
CPI-22OCT,2022-10-27,14,2022-11-10,True,0.4,0.6090000000000001,0.16738876903783004,0.07499999999999996,0.20900000000000007,1.0,0.0,8,0.014999999999999994,1132.0
CPI-22OCT,2022-10-28,13,2022-11-10,True,0.4,0.6065,0.17444984952702025,0.07999999999999996,0.20650000000000002,1.0,0.0,6,0.021666666666666664,1000.0
CPI-22OCT,2022-10-29,12,2022-11-10,True,0.4,0.6170000000000001,0.14075155416548693,0.125,0.21700000000000008,1.0,0.0,5,0.016000000000000007,657.0
CPI-22OCT,2022-10-30,11,2022-11-10,True,0.4,0.6052500000000001,0.16381372805720526,0.08499999999999996,0.20525000000000004,1.0,0.0,6,0.015000000000000008,2724.0
CPI-22OCT,2022-10-31,10,2022-11-10,True,0.4,0.6445000000000001,0.1736944155694132,0.06499999999999995,0.24450000000000005,1.0,0.0,8,0.028749999999999998,12274.0
CPI-22OCT,2022-11-01,9,2022-11-10,True,0.4,0.6369999999999999,0.1622682963489788,0.06999999999999995,0.23699999999999988,1.0,0.0,7,0.03428571428571431,14516.0
CPI-22OCT,2022-11-02,8,2022-11-10,True,0.4,0.6500000000000001,0.1452583904633395,0.11,0.2500000000000001,0.9999999999999999,0.0,5,0.02400000000000001,4563.0
CPI-22OCT,2022-11-03,7,2022-11-10,True,0.4,0.6265,0.1443874994589213,0.04999999999999993,0.22649999999999992,1.0,0.0,6,0.02166666666666668,8061.0
CPI-22OCT,2022-11-04,6,2022-11-10,True,0.4,0.634,0.1573022568178855,0.04499999999999993,0.23399999999999999,1.0,0.0,8,0.02249999999999999,9161.0
CPI-22OCT,2022-11-05,5,2022-11-10,True,0.4,0.6445000000000001,0.14166774509393448,0.04499999999999993,0.24450000000000005,1.0,0.0,8,0.023749999999999993,16155.0
CPI-22OCT,2022-11-06,4,2022-11-10,True,0.4,0.6575000000000002,0.1474576210305863,0.03999999999999993,0.2575000000000002,0.9999999999999999,0.0,7,0.027142857142857142,9186.0
CPI-22OCT,2022-11-07,3,2022-11-10,True,0.4,0.665,0.1402676013910554,0.010000000000000009,0.265,1.0,0.0,8,0.025000000000000012,12621.0
CPI-22OCT,2022-11-08,2,2022-11-10,True,0.4,0.67,0.1439618004888797,0.030000000000000027,0.27,1.0,0.0,7,0.028571428571428574,6266.0
CPI-22OCT,2022-11-09,1,2022-11-10,True,0.4,0.6900000000000001,0.13892443989449807,0.010000000000000009,0.29000000000000004,1.0,0.0,8,0.02250000000000001,6280.0
CPI-22OCT,2022-11-10,0,2022-11-10,True,0.4,0.6520000000000001,0.14864723340849642,0.04000000000000004,0.2520000000000001,0.9999999999999999,0.0050000000000000044,8,0.10625,14715.0
CPI-22SEP,2022-05-16,150,2022-10-13,True,0.4,0.4515,0.22890554820711537,0.13,0.05149999999999999,1.0,0.0,4,0.03750000000000002,0.0
CPI-22SEP,2022-05-17,149,2022-10-13,True,0.4,0.4515,0.22890554820711537,0.13,0.05149999999999999,1.0,0.0,4,0.03750000000000002,0.0
CPI-22SEP,2022-05-18,148,2022-10-13,True,0.4,0.4515,0.22890554820711537,0.13,0.05149999999999999,1.0,0.0,4,0.03750000000000002,0.0
CPI-22SEP,2022-05-19,147,2022-10-13,True,0.4,0.4515,0.22890554820711537,0.13,0.05149999999999999,1.0,0.0,4,0.03750000000000002,0.0
CPI-22SEP,2022-05-20,146,2022-10-13,True,0.4,0.4390000000000001,0.21743734729802058,0.13,0.03900000000000009,1.0,0.0,8,0.03250000000000001,100.0
CPI-22SEP,2022-05-21,145,2022-10-13,True,0.4,0.4515,0.22890554820711537,0.13,0.05149999999999999,1.0,0.0,4,0.03750000000000002,0.0
CPI-22SEP,2022-05-22,144,2022-10-13,True,0.4,0.4515,0.22890554820711537,0.13,0.05149999999999999,1.0,0.0,4,0.03750000000000002,0.0
CPI-22SEP,2022-05-23,143,2022-10-13,True,0.4,0.4515,0.22890554820711537,0.13,0.05149999999999999,1.0,0.0,4,0.03750000000000002,0.0
CPI-22SEP,2022-05-24,142,2022-10-13,True,0.4,0.4515,0.22890554820711537,0.13,0.05149999999999999,1.0,0.0,4,0.03750000000000002,0.0
CPI-22SEP,2022-05-25,141,2022-10-13,True,0.4,0.4515,0.22890554820711537,0.13,0.05149999999999999,1.0,0.0,4,0.03750000000000002,0.0
CPI-22SEP,2022-05-26,140,2022-10-13,True,0.4,0.4515,0.22890554820711537,0.13,0.05149999999999999,1.0,0.0,4,0.03750000000000002,0.0
CPI-22SEP,2022-05-27,139,2022-10-13,True,0.4,0.4515,0.22890554820711537,0.13,0.05149999999999999,1.0,0.0,4,0.03750000000000002,0.0
CPI-22SEP,2022-05-28,138,2022-10-13,True,0.4,0.4515,0.22890554820711537,0.13,0.05149999999999999,1.0,0.0,4,0.03750000000000002,0.0
CPI-22SEP,2022-05-29,137,2022-10-13,True,0.4,0.4515,0.22890554820711537,0.13,0.05149999999999999,1.0,0.0,4,0.03750000000000002,0.0
CPI-22SEP,2022-05-30,136,2022-10-13,True,0.4,0.4515,0.22890554820711537,0.13,0.05149999999999999,1.0,0.0,4,0.03750000000000002,0.0
CPI-22SEP,2022-05-31,135,2022-10-13,True,0.4,0.4515,0.22890554820711537,0.13,0.05149999999999999,1.0,0.0,4,0.03750000000000002,0.0
CPI-22SEP,2022-06-01,134,2022-10-13,True,0.4,0.4415,0.22164780621517552,0.12999999999999998,0.04149999999999998,1.0000000000000002,0.0,8,0.03125000000000001,78.0
CPI-22SEP,2022-06-02,133,2022-10-13,True,0.4,0.45449999999999996,0.23340897583426398,0.13,0.05449999999999994,1.0,0.0,4,0.032500000000000015,0.0
CPI-22SEP,2022-06-03,132,2022-10-13,True,0.4,0.45449999999999996,0.23340897583426398,0.13,0.05449999999999994,1.0,0.0,4,0.032500000000000015,0.0
CPI-22SEP,2022-06-04,131,2022-10-13,True,0.4,0.45449999999999996,0.23340897583426398,0.13,0.05449999999999994,1.0,0.0,4,0.032500000000000015,0.0
CPI-22SEP,2022-06-05,130,2022-10-13,True,0.4,0.45449999999999996,0.23340897583426398,0.13,0.05449999999999994,1.0,0.0,4,0.032500000000000015,0.0
CPI-22SEP,2022-06-06,129,2022-10-13,True,0.4,0.45449999999999996,0.23340897583426398,0.13,0.05449999999999994,1.0,0.0,4,0.032500000000000015,0.0
CPI-22SEP,2022-06-07,128,2022-10-13,True,0.4,0.45449999999999996,0.23340897583426398,0.13,0.05449999999999994,1.0,0.0,4,0.032500000000000015,0.0
CPI-22SEP,2022-06-08,127,2022-10-13,True,0.4,0.45449999999999996,0.23340897583426398,0.13,0.05449999999999994,1.0,0.0,4,0.032500000000000015,0.0
CPI-22SEP,2022-06-09,126,2022-10-13,True,0.4,0.45449999999999996,0.23340897583426398,0.13,0.05449999999999994,1.0,0.0,4,0.032500000000000015,0.0
CPI-22SEP,2022-06-10,125,2022-10-13,True,0.4,0.6095,0.26487685818130663,0.10999999999999999,0.20950000000000002,1.0,0.0,8,0.036250000000000004,2790.0
CPI-22SEP,2022-06-11,124,2022-10-13,True,0.4,0.6095,0.26487685818130663,0.10999999999999999,0.20950000000000002,1.0,0.0,8,0.036250000000000004,0.0
CPI-22SEP,2022-06-12,123,2022-10-13,True,0.4,0.6090000000000001,0.26517729917924726,0.11499999999999999,0.20900000000000007,1.0,0.0,8,0.035,0.0
CPI-22SEP,2022-06-13,122,2022-10-13,True,0.4,0.6080000000000001,0.2636967955815922,0.105,0.20800000000000007,0.9999999999999999,0.0,8,0.04250000000000001,1.0
CPI-22SEP,2022-06-14,121,2022-10-13,True,0.4,0.6080000000000001,0.2636967955815922,0.105,0.20800000000000007,0.9999999999999999,0.0,8,0.04250000000000001,1.0
CPI-22SEP,2022-06-15,120,2022-10-13,True,0.4,0.6104999999999998,0.26821586455689006,0.10499999999999995,0.2104999999999998,1.0000000000000002,0.0,8,0.04375000000000001,747.0
CPI-22SEP,2022-06-16,119,2022-10-13,True,0.4,0.6014999999999998,0.27358316834191393,0.11999999999999997,0.2014999999999998,1.0000000000000002,0.0,8,0.03875000000000002,747.0
CPI-22SEP,2022-06-17,118,2022-10-13,True,0.4,0.5965000000000001,0.27006989835966544,0.12000000000000001,0.19650000000000012,0.9999999999999999,0.0,8,0.043750000000000025,78.0
CPI-22SEP,2022-06-18,117,2022-10-13,True,0.4,0.5965000000000001,0.27006989835966544,0.12000000000000001,0.19650000000000012,0.9999999999999999,0.0,8,0.043750000000000025,1.0
CPI-22SEP,2022-06-19,116,2022-10-13,True,0.4,0.5965000000000001,0.27006989835966544,0.12000000000000001,0.19650000000000012,0.9999999999999999,0.0,8,0.043750000000000025,0.0
CPI-22SEP,2022-06-20,115,2022-10-13,True,0.4,0.5934999999999999,0.2679696811208313,0.11999999999999997,0.1934999999999999,1.0000000000000002,0.0,8,0.04375000000000001,130.0
CPI-22SEP,2022-06-22,113,2022-10-13,True,0.4,0.5934999999999999,0.2679696811208313,0.11999999999999997,0.1934999999999999,1.0000000000000002,0.0,8,0.04375000000000001,0.0
CPI-22SEP,2022-06-23,112,2022-10-13,True,0.4,0.6045,0.2755535338187482,0.12,0.20450000000000002,1.0,0.0,8,0.04125000000000001,500.0
CPI-22SEP,2022-06-24,111,2022-10-13,True,0.4,0.6045,0.2755535338187482,0.12,0.20450000000000002,1.0,0.0,8,0.04125000000000001,0.0
CPI-22SEP,2022-06-25,110,2022-10-13,True,0.4,0.6045,0.2755535338187482,0.12,0.20450000000000002,1.0,0.0,8,0.04125000000000001,0.0
CPI-22SEP,2022-06-26,109,2022-10-13,True,0.4,0.6045,0.2755535338187482,0.12,0.20450000000000002,1.0,0.0,8,0.04125000000000001,0.0
CPI-22SEP,2022-06-27,108,2022-10-13,True,0.4,0.6045,0.2755535338187482,0.12,0.20450000000000002,1.0,0.0,8,0.04125000000000001,0.0
CPI-22SEP,2022-06-28,107,2022-10-13,True,0.4,0.6045,0.2755535338187482,0.12,0.20450000000000002,1.0,0.0,8,0.04125000000000001,0.0
CPI-22SEP,2022-06-29,106,2022-10-13,True,0.4,0.601,0.2744066325729027,0.12,0.20099999999999996,1.0,0.0,8,0.04250000000000002,100.0
CPI-22SEP,2022-06-30,105,2022-10-13,True,0.4,0.601,0.2744066325729027,0.12,0.20099999999999996,1.0,0.0,8,0.04250000000000002,0.0
CPI-22SEP,2022-07-01,104,2022-10-13,True,0.4,0.601,0.2744066325729027,0.12,0.20099999999999996,1.0,0.0,8,0.04250000000000002,0.0
CPI-22SEP,2022-07-02,103,2022-10-13,True,0.4,0.601,0.2744066325729027,0.12,0.20099999999999996,1.0,0.0,8,0.04250000000000002,335.0
CPI-22SEP,2022-07-03,102,2022-10-13,True,0.4,0.601,0.2744066325729027,0.12,0.20099999999999996,1.0,0.0,8,0.04250000000000002,0.0
CPI-22SEP,2022-07-04,101,2022-10-13,True,0.4,0.599,0.2734940584363763,0.12,0.19899999999999995,1.0,0.0,8,0.04250000000000002,93.0
CPI-22SEP,2022-07-05,100,2022-10-13,True,0.4,0.599,0.2734940584363763,0.12,0.19899999999999995,1.0,0.0,8,0.04250000000000002,0.0
CPI-22SEP,2022-07-06,99,2022-10-13,True,0.4,0.599,0.2734940584363763,0.12,0.19899999999999995,1.0,0.0,8,0.04250000000000002,0.0
CPI-22SEP,2022-07-07,98,2022-10-13,True,0.4,0.599,0.2734940584363763,0.12,0.19899999999999995,1.0,0.0,8,0.04250000000000002,0.0
CPI-22SEP,2022-07-08,97,2022-10-13,True,0.4,0.599,0.2734940584363763,0.12,0.19899999999999995,1.0,0.0,8,0.04250000000000002,0.0
CPI-22SEP,2022-07-09,96,2022-10-13,True,0.4,0.599,0.2734940584363763,0.12,0.19899999999999995,1.0,0.0,8,0.04250000000000002,0.0
CPI-22SEP,2022-07-10,95,2022-10-13,True,0.4,0.599,0.2734940584363763,0.12,0.19899999999999995,1.0,0.0,8,0.04250000000000002,0.0
CPI-22SEP,2022-07-11,94,2022-10-13,True,0.4,0.6025,0.27118950938412056,0.135,0.2025,1.0,0.0,8,0.038750000000000014,120.0
CPI-22SEP,2022-07-12,93,2022-10-13,True,0.4,0.6005,0.27322106434167925,0.12,0.2005,1.0,0.0,8,0.041250000000000016,188.0
CPI-22SEP,2022-07-13,92,2022-10-13,True,0.4,0.6079999999999999,0.2561952380509833,0.10499999999999995,0.20799999999999985,1.0000000000000002,0.0,8,0.04249999999999998,1254.0
CPI-22SEP,2022-07-14,91,2022-10-13,True,0.4,0.6084999999999998,0.25569073115777974,0.10999999999999996,0.2084999999999998,1.0000000000000002,0.0,8,0.04374999999999998,188.0
CPI-22SEP,2022-07-15,90,2022-10-13,True,0.4,0.5969999999999999,0.25727611626421915,0.10999999999999996,0.19699999999999984,1.0000000000000002,0.0,8,0.04250000000000001,608.0
CPI-22SEP,2022-07-16,89,2022-10-13,True,0.4,0.5929999999999999,0.25913509989964695,0.10499999999999995,0.19299999999999984,1.0000000000000002,0.0,8,0.04250000000000001,56.0
CPI-22SEP,2022-07-17,88,2022-10-13,True,0.4,0.5929999999999999,0.25913509989964695,0.10499999999999995,0.19299999999999984,1.0000000000000002,0.0,8,0.04250000000000001,0.0
CPI-22SEP,2022-07-18,87,2022-10-13,True,0.4,0.5929999999999999,0.25913509989964695,0.10499999999999995,0.19299999999999984,1.0000000000000002,0.0,8,0.04250000000000001,0.0
CPI-22SEP,2022-07-19,86,2022-10-13,True,0.4,0.5929999999999999,0.25913509989964695,0.10499999999999995,0.19299999999999984,1.0000000000000002,0.0,8,0.04250000000000001,0.0
CPI-22SEP,2022-07-20,85,2022-10-13,True,0.4,0.5929999999999999,0.25913509989964695,0.10499999999999995,0.19299999999999984,1.0000000000000002,0.0,8,0.04250000000000001,0.0
CPI-22SEP,2022-07-21,84,2022-10-13,True,0.4,0.5929999999999999,0.25913509989964695,0.10499999999999995,0.19299999999999984,1.0000000000000002,0.0,8,0.04250000000000001,0.0
CPI-22SEP,2022-07-22,83,2022-10-13,True,0.4,0.5929999999999999,0.25913509989964695,0.10499999999999995,0.19299999999999984,1.0000000000000002,0.0,8,0.04250000000000001,0.0
CPI-22SEP,2022-07-23,82,2022-10-13,True,0.4,0.5929999999999999,0.25913509989964695,0.10499999999999995,0.19299999999999984,1.0000000000000002,0.0,8,0.04250000000000001,0.0
CPI-22SEP,2022-07-24,81,2022-10-13,True,0.4,0.5929999999999999,0.25913509989964695,0.10499999999999995,0.19299999999999984,1.0000000000000002,0.0,8,0.04250000000000001,0.0
CPI-22SEP,2022-07-25,80,2022-10-13,True,0.4,0.5929999999999999,0.25913509989964695,0.10499999999999995,0.19299999999999984,1.0000000000000002,0.0,8,0.04250000000000001,0.0
CPI-22SEP,2022-07-26,79,2022-10-13,True,0.4,0.5929999999999999,0.25913509989964695,0.10499999999999995,0.19299999999999984,1.0000000000000002,0.0,8,0.04250000000000001,0.0
CPI-22SEP,2022-07-27,78,2022-10-13,True,0.4,0.5880000000000001,0.2575965838282799,0.105,0.18800000000000006,0.9999999999999999,0.0,8,0.045000000000000026,308.0
CPI-22SEP,2022-07-28,77,2022-10-13,True,0.4,0.7020000000000001,0.16246845847733035,0.6250000000000001,0.30200000000000005,0.9999999999999999,0.0,5,0.04400000000000002,0.0
CPI-22SEP,2022-07-29,76,2022-10-13,True,0.4,0.5919999999999999,0.2635071156534487,0.10999999999999996,0.19199999999999984,1.0000000000000002,0.0,8,0.04500000000000001,510.0
CPI-22SEP,2022-07-30,75,2022-10-13,True,0.4,0.5919999999999999,0.2635071156534487,0.10999999999999996,0.19199999999999984,1.0000000000000002,0.0,8,0.04500000000000001,0.0
CPI-22SEP,2022-07-31,74,2022-10-13,True,0.4,0.5919999999999999,0.2635071156534487,0.10999999999999996,0.19199999999999984,1.0000000000000002,0.0,8,0.04500000000000001,20.0
CPI-22SEP,2022-08-01,73,2022-10-13,True,0.4,0.5929999999999999,0.26163142013145135,0.10499999999999995,0.19299999999999984,1.0000000000000002,0.0,8,0.04500000000000001,0.0
CPI-22SEP,2022-08-02,72,2022-10-13,True,0.4,0.5674999999999999,0.2584448683955633,0.125,0.16749999999999987,1.0,0.0,8,0.04374999999999998,0.0
CPI-22SEP,2022-08-03,71,2022-10-13,True,0.4,0.5674999999999999,0.2584448683955633,0.125,0.16749999999999987,1.0,0.0,8,0.04374999999999998,0.0
CPI-22SEP,2022-08-04,70,2022-10-13,True,0.4,0.5674999999999999,0.2584448683955633,0.125,0.16749999999999987,1.0,0.0,8,0.04374999999999998,0.0
CPI-22SEP,2022-08-05,69,2022-10-13,True,0.4,0.563,0.2567703253882738,0.13000000000000012,0.16299999999999992,1.0,0.0,8,0.044999999999999984,91.0
CPI-22SEP,2022-08-06,68,2022-10-13,True,0.4,0.563,0.2567703253882738,0.13000000000000012,0.16299999999999992,1.0,0.0,8,0.044999999999999984,0.0
CPI-22SEP,2022-08-07,67,2022-10-13,True,0.4,0.563,0.2567703253882738,0.13000000000000012,0.16299999999999992,1.0,0.0,8,0.044999999999999984,0.0
CPI-22SEP,2022-08-08,66,2022-10-13,True,0.4,0.5605,0.258049898275508,0.11499999999999999,0.16049999999999998,1.0,0.0,8,0.04374999999999998,134.0
CPI-22SEP,2022-08-09,65,2022-10-13,True,0.4,0.5609999999999999,0.25764122340960893,0.1200000000000001,0.16099999999999992,1.0,0.0,8,0.044999999999999984,50.0
CPI-22SEP,2022-08-10,64,2022-10-13,True,0.4,0.40099999999999986,0.3130479196544836,0.07499999999999994,0.0009999999999998344,1.0000000000000002,0.0,11,0.030909090909090917,525.0
CPI-22SEP,2022-08-11,63,2022-10-13,True,0.4,0.4105,0.31771016666137714,0.07499999999999996,0.010499999999999954,1.0,0.0,11,0.03363636363636366,886.0
CPI-22SEP,2022-08-12,62,2022-10-13,True,0.4,0.41550000000000004,0.3187628428785263,0.08999999999999997,0.015500000000000014,1.0,0.0,11,0.03727272727272729,290.0
CPI-22SEP,2022-08-13,61,2022-10-13,True,0.4,0.41750000000000004,0.3185023547793643,0.08499999999999996,0.017500000000000016,1.0,0.0,11,0.03727272727272729,177.0
CPI-22SEP,2022-08-14,60,2022-10-13,True,0.4,0.42250000000000004,0.3174015595424824,0.10499999999999998,0.02250000000000002,1.0,0.0,11,0.03727272727272729,152.0
CPI-22SEP,2022-08-15,59,2022-10-13,True,0.4,0.4120000000000001,0.32133471645622114,0.095,0.012000000000000066,0.9999999999999998,0.0,11,0.03636363636363638,964.0
CPI-22SEP,2022-08-16,58,2022-10-13,True,0.4,0.4045000000000001,0.3286787945700179,0.08499999999999998,0.0045000000000000595,0.9999999999999998,0.0,11,0.0390909090909091,2285.0
CPI-22SEP,2022-08-17,57,2022-10-13,True,0.4,0.406,0.3282742755684643,0.08999999999999997,0.006000000000000005,1.0,0.0,11,0.04000000000000001,0.0
CPI-22SEP,2022-08-18,56,2022-10-13,True,0.4,0.40249999999999997,0.32717541166780856,0.09499999999999997,0.0024999999999999467,1.0,0.0,11,0.03545454545454547,184.0
CPI-22SEP,2022-08-19,55,2022-10-13,True,0.4,0.4064999999999999,0.32879743003861817,0.08999999999999996,0.006499999999999895,1.0000000000000002,0.0,11,0.04090909090909092,156.0
CPI-22SEP,2022-08-20,54,2022-10-13,True,0.4,0.3990000000000001,0.3287841237042933,0.07499999999999996,0.0009999999999999454,1.0,0.0,9,0.04333333333333333,0.0
CPI-22SEP,2022-08-21,53,2022-10-13,True,0.4,0.3990000000000001,0.3287841237042933,0.07499999999999996,0.0009999999999999454,1.0,0.0,9,0.04333333333333333,0.0
CPI-22SEP,2022-08-22,52,2022-10-13,True,0.4,0.3955000000000001,0.32516111391124247,0.07999999999999996,0.0044999999999999485,1.0,0.0,11,0.04272727272727273,948.0
CPI-22SEP,2022-08-23,51,2022-10-13,True,0.4,0.38850000000000007,0.3257571948553094,0.07999999999999996,0.011499999999999955,1.0,0.0,9,0.042222222222222223,10.0
CPI-22SEP,2022-08-24,50,2022-10-13,True,0.4,0.39949999999999997,0.32442217864998074,0.08499999999999996,0.000500000000000056,1.0,0.0,11,0.04272727272727273,304.0
CPI-22SEP,2022-08-25,49,2022-10-13,True,0.4,0.39849999999999997,0.3248811321083452,0.08999999999999997,0.0015000000000000568,1.0,0.0,11,0.044545454545454555,79.0
CPI-22SEP,2022-08-26,48,2022-10-13,True,0.4,0.33999999999999997,0.32031234756093935,0.06999999999999999,0.06000000000000005,1.0000000000000002,0.0,11,0.040000000000000015,221.0
CPI-22SEP,2022-08-27,47,2022-10-13,True,0.4,0.33799999999999997,0.31836457089318215,0.06999999999999999,0.062000000000000055,1.0000000000000002,0.0,9,0.04222222222222224,50.0
CPI-22SEP,2022-08-28,46,2022-10-13,True,0.4,0.33599999999999997,0.31560101394006956,0.06999999999999999,0.06400000000000006,1.0000000000000002,0.0,9,0.04444444444444445,0.0
CPI-22SEP,2022-08-29,45,2022-10-13,True,0.4,0.3405,0.3197025961733811,0.07500000000000001,0.0595,1.0,0.0,11,0.030000000000000016,40.0
CPI-22SEP,2022-08-30,44,2022-10-13,True,0.4,0.35,0.324037034920393,0.06000000000000004,0.050000000000000044,1.0000000000000002,0.0,11,0.04181818181818182,221.0
CPI-22SEP,2022-08-31,43,2022-10-13,True,0.4,0.349,0.32124601164839384,0.06000000000000004,0.051000000000000045,1.0000000000000002,0.0,9,0.03888888888888889,5.0
CPI-22SEP,2022-09-01,42,2022-10-13,True,0.4,0.3365,0.3254500729758714,0.06000000000000005,0.0635,1.0,0.0,11,0.04090909090909092,349.0
CPI-22SEP,2022-09-02,41,2022-10-13,True,0.4,0.32349999999999995,0.32248682143616353,0.05999999999999993,0.07650000000000007,1.0000000000000002,0.0,11,0.05181818181818183,436.0
CPI-22SEP,2022-09-03,40,2022-10-13,True,0.4,0.30500000000000005,0.30979832149319336,0.05499999999999994,0.09499999999999997,1.0,0.0,11,0.049090909090909095,624.0
CPI-22SEP,2022-09-04,39,2022-10-13,True,0.4,0.2955,0.3069686466074345,0.05999999999999994,0.10450000000000004,1.0,0.0,11,0.04636363636363636,179.0
CPI-22SEP,2022-09-05,38,2022-10-13,True,0.4,0.3075,0.30837274522888697,0.05999999999999994,0.09250000000000003,1.0,0.0,11,0.040909090909090916,357.0
CPI-22SEP,2022-09-06,37,2022-10-13,True,0.4,0.30749999999999994,0.31779513841467116,0.04500000000000003,0.09250000000000008,1.0000000000000002,0.039999999999999994,11,0.26272727272727275,2281.0
CPI-22SEP,2022-09-07,36,2022-10-13,True,0.4,0.253,0.30065096041755796,0.14,0.14700000000000002,1.0,0.024999999999999994,11,0.18272727272727274,70.0
CPI-22SEP,2022-09-08,35,2022-10-13,True,0.4,0.21850000000000006,0.30250247932868257,0.11500000000000002,0.18149999999999997,1.0,0.024999999999999994,11,0.1472727272727273,166.0
CPI-22SEP,2022-09-09,34,2022-10-13,True,0.4,0.20549999999999996,0.286216264387613,0.12999999999999998,0.19450000000000006,1.0000000000000002,0.0,11,0.11545454545454548,750.0
CPI-22SEP,2022-09-10,33,2022-10-13,True,0.4,0.18550000000000003,0.2859016439267183,0.11499999999999999,0.2145,1.0,0.0050000000000000044,11,0.13636363636363638,25.0
CPI-22SEP,2022-09-11,32,2022-10-13,True,0.4,0.17300000000000001,0.2863057805913112,0.08000000000000002,0.227,1.0,0.0,11,0.1527272727272727,500.0
CPI-22SEP,2022-09-12,31,2022-10-13,True,0.4,0.18249999999999997,0.2702660726025374,0.15,0.21750000000000005,1.0,0.015000000000000069,11,0.07,610.0
CPI-22SEP,2022-09-13,30,2022-10-13,True,0.4,0.244,0.21740285186721908,0.18000000000000005,0.15600000000000003,1.0,0.01,11,0.03454545454545455,17692.0
CPI-22SEP,2022-09-14,29,2022-10-13,True,0.4,0.23849999999999993,0.21602719736181367,0.165,0.1615000000000001,1.0000000000000002,0.01,11,0.03181818181818183,551.0
CPI-22SEP,2022-09-15,28,2022-10-13,True,0.4,0.237,0.21617354139672135,0.22,0.16300000000000003,1.0,0.010000000000000009,11,0.029090909090909098,3441.0
CPI-22SEP,2022-09-16,27,2022-10-13,True,0.4,0.2325,0.20998511852033705,0.18000000000000002,0.1675,1.0,0.004999999999999999,11,0.02727272727272728,1122.0
CPI-22SEP,2022-09-17,26,2022-10-13,True,0.4,0.2515,0.2273713922198657,0.16000000000000003,0.14850000000000002,1.0,0.0,11,0.02636363636363637,3874.0
CPI-22SEP,2022-09-18,25,2022-10-13,True,0.4,0.24800000000000003,0.24082358688467376,0.15500000000000003,0.152,1.0,0.0,11,0.02,4138.0
CPI-22SEP,2022-09-19,24,2022-10-13,True,0.4,0.24300000000000002,0.2403143774308978,0.14500000000000002,0.157,1.0,0.0,11,0.021818181818181816,1718.0
CPI-22SEP,2022-09-20,23,2022-10-13,True,0.4,0.2415,0.23754525884555136,0.14500000000000002,0.15850000000000003,1.0,0.0,11,0.028181818181818186,3142.0
CPI-22SEP,2022-09-21,22,2022-10-13,True,0.4,0.29250000000000004,0.2066246597093387,0.14500000000000002,0.10749999999999998,1.0,0.0,11,0.029999999999999985,7401.0
CPI-22SEP,2022-09-22,21,2022-10-13,True,0.4,0.264,0.2170345594600086,0.125,0.136,1.0,0.0,11,0.023636363636363632,6438.0
CPI-22SEP,2022-09-23,20,2022-10-13,True,0.4,0.2595,0.20422965014904176,0.12500000000000003,0.1405,1.0,0.005,11,0.029999999999999992,3293.0
CPI-22SEP,2022-09-24,19,2022-10-13,True,0.4,0.26749999999999996,0.2034545403769599,0.14,0.13250000000000006,1.0,0.0,11,0.02090909090909092,2239.0
CPI-22SEP,2022-09-25,18,2022-10-13,True,0.4,0.26849999999999996,0.20163767009167707,0.13499999999999998,0.13150000000000006,1.0,0.0,11,0.015454545454545464,170.0
CPI-22SEP,2022-09-26,17,2022-10-13,True,0.4,0.27049999999999996,0.20366578013991452,0.13500000000000006,0.12950000000000006,1.0,0.0,11,0.02454545454545455,1921.0
CPI-22SEP,2022-09-27,16,2022-10-13,True,0.4,0.2795,0.19398389108377012,0.15,0.1205,1.0,0.0,11,0.011818181818181821,3887.0
CPI-22SEP,2022-09-28,15,2022-10-13,True,0.4,0.28150000000000003,0.1936691766905617,0.16,0.1185,1.0,0.0,11,0.01545454545454546,3175.0
CPI-22SEP,2022-09-29,14,2022-10-13,True,0.4,0.281,0.19707612742288197,0.165,0.119,1.0,0.0,11,0.012727272727272733,4937.0
CPI-22SEP,2022-09-30,13,2022-10-13,True,0.4,0.28200000000000003,0.195386795869117,0.18499999999999997,0.118,1.0,0.0,11,0.014545454545454549,4952.0
CPI-22SEP,2022-10-01,12,2022-10-13,True,0.4,0.28350000000000003,0.19513520953431238,0.18999999999999997,0.11649999999999999,1.0,0.0,11,0.01545454545454546,130.0
CPI-22SEP,2022-10-02,11,2022-10-13,True,0.4,0.28350000000000003,0.17770129431154968,0.19499999999999998,0.11649999999999999,1.0,0.0,11,0.02090909090909091,6991.0
CPI-22SEP,2022-10-03,10,2022-10-13,True,0.4,0.277,0.17598579488129149,0.19499999999999995,0.123,1.0,0.005,11,0.015454545454545455,4186.0
CPI-22SEP,2022-10-04,9,2022-10-13,True,0.4,0.28450000000000003,0.1805816989619934,0.17999999999999997,0.11549999999999999,1.0,0.0,11,0.020909090909090912,6903.0
CPI-22SEP,2022-10-05,8,2022-10-13,True,0.4,0.28350000000000003,0.18405909377153848,0.19999999999999998,0.11649999999999999,1.0,0.0,11,0.02272727272727274,2234.0
CPI-22SEP,2022-10-06,7,2022-10-13,True,0.4,0.29400000000000004,0.18429324458590446,0.21500000000000002,0.10599999999999998,1.0,0.0,11,0.025454545454545452,2094.0
CPI-22SEP,2022-10-07,6,2022-10-13,True,0.4,0.29800000000000004,0.1946689497583012,0.195,0.10199999999999998,1.0,0.0,11,0.03272727272727274,6587.0
CPI-22SEP,2022-10-08,5,2022-10-13,True,0.4,0.30450000000000005,0.21961272731788567,0.22999999999999998,0.09549999999999997,1.0,0.0,11,0.026363636363636363,10578.0
CPI-22SEP,2022-10-09,4,2022-10-13,True,0.4,0.31500000000000006,0.22599778759979047,0.19499999999999995,0.08499999999999996,1.0,0.0,11,0.02727272727272728,7512.0
CPI-22SEP,2022-10-10,3,2022-10-13,True,0.4,0.28,0.20688160865577201,0.185,0.12,1.0,0.0,11,0.025454545454545466,12847.0
CPI-22SEP,2022-10-11,2,2022-10-13,True,0.4,0.2615,0.18885907444441216,0.16000000000000003,0.1385,1.0,0.0,11,0.024545454545454547,29074.0
CPI-22SEP,2022-10-12,1,2022-10-13,True,0.4,0.28600000000000003,0.1780561709124399,0.20500000000000002,0.11399999999999999,1.0,0.0,11,0.021818181818181806,29356.0
CPI-22SEP,2022-10-13,0,2022-10-13,True,0.4,0.2585,0.17154518355232246,0.19,0.14150000000000001,1.0,0.005000000000000001,11,0.03272727272727274,20249.0
CPI-23APR,2022-12-16,145,2023-05-10,True,0.4,0.31800000000000006,0.23446961423604554,0.15000000000000002,0.08199999999999996,1.0,0.0,9,0.042222222222222223,0.0
CPI-23APR,2022-12-23,138,2023-05-10,True,0.4,0.31800000000000006,0.23446961423604554,0.15000000000000002,0.08199999999999996,1.0,0.0,9,0.042222222222222223,0.0
CPI-23APR,2023-02-24,75,2023-05-10,True,0.4,0.3325,0.15904008928568922,0.245,0.0675,1.0,0.0,9,0.054444444444444455,0.0
CPI-23APR,2023-02-28,71,2023-05-10,True,0.4,0.34600000000000003,0.16088505213350307,0.265,0.05399999999999999,1.0,0.0,9,0.048888888888888905,1080.0
CPI-23APR,2023-03-07,64,2023-05-10,True,0.4,0.31,0.10862780491200216,0.48,0.09000000000000002,1.0,0.0,4,0.055000000000000035,93.0
CPI-23APR,2023-03-11,60,2023-05-10,True,0.4,0.3305,0.15039863696190867,0.25499999999999995,0.0695,1.0,0.0,7,0.05285714285714286,1080.0
CPI-23APR,2023-03-13,58,2023-05-10,True,0.4,0.32675000000000004,0.15675438590355292,0.24999999999999994,0.07324999999999998,1.0,0.0,8,0.045,20.0
CPI-23APR,2023-03-18,53,2023-05-10,True,0.4,0.29500000000000004,0.13774977313955908,0.17500000000000004,0.10499999999999998,1.0,0.0,6,0.053333333333333316,0.0
CPI-23APR,2023-03-19,52,2023-05-10,True,0.4,0.293,0.13766263109500704,0.17500000000000004,0.10700000000000004,1.0,0.0,6,0.053333333333333316,200.0
CPI-23APR,2023-03-22,49,2023-05-10,True,0.4,0.2955,0.14223132566351196,0.17500000000000004,0.10450000000000004,1.0,0.0,7,0.04999999999999998,113.0
CPI-23APR,2023-03-24,47,2023-05-10,True,0.4,0.3115,0.15237371820625759,0.19999999999999996,0.08850000000000002,1.0,0.0,7,0.04857142857142855,696.0
CPI-23APR,2023-03-25,46,2023-05-10,True,0.4,0.3105,0.13091886800610522,0.20499999999999996,0.08950000000000002,1.0,0.0,5,0.05399999999999999,160.0
CPI-23APR,2023-03-30,41,2023-05-10,True,0.4,0.31950000000000006,0.14720648762877264,0.24000000000000002,0.08049999999999996,1.0,0.0,7,0.05285714285714284,149.0
CPI-23APR,2023-03-31,40,2023-05-10,True,0.4,0.3215,0.13337072392395566,0.24500000000000002,0.07850000000000001,1.0,0.0,5,0.05399999999999999,226.0
CPI-23APR,2023-04-02,38,2023-05-10,True,0.4,0.33349999999999996,0.1175914537710968,0.24000000000000002,0.06650000000000006,1.0,0.0,4,0.05749999999999998,157.0
CPI-23APR,2023-04-03,37,2023-05-10,True,0.4,0.4100000000000001,0.17088007490635063,0.235,0.010000000000000064,1.0,0.0,9,0.055555555555555546,1688.0
CPI-23APR,2023-04-04,36,2023-05-10,True,0.4,0.45,0.1486606874731851,0.31499999999999995,0.04999999999999999,1.0,0.0,8,0.05499999999999999,376.0
CPI-23APR,2023-04-05,35,2023-05-10,True,0.4,0.467,0.14495171609884447,0.30000000000000004,0.067,1.0,0.0,8,0.0575,477.0
CPI-23APR,2023-04-06,34,2023-05-10,True,0.4,0.4635000000000001,0.13970594117645824,0.3000000000000001,0.06350000000000006,0.9999999999999999,0.0,7,0.05285714285714284,685.0
CPI-23APR,2023-04-07,33,2023-05-10,True,0.4,0.4525,0.14694812009685596,0.2899999999999999,0.05249999999999999,1.0,0.0,8,0.05875000000000001,328.0
CPI-23APR,2023-04-08,32,2023-05-10,True,0.4,0.4475,0.14139925742379272,0.2849999999999999,0.04749999999999999,1.0,0.0,6,0.06166666666666665,2413.0
CPI-23APR,2023-04-09,31,2023-05-10,True,0.4,0.446,0.14277254638059797,0.2899999999999999,0.045999999999999985,1.0,0.0,6,0.06333333333333332,962.0
CPI-23APR,2023-04-10,30,2023-05-10,True,0.4,0.4185,0.1597114585745181,0.33000000000000007,0.01849999999999996,1.0,0.0,7,0.05571428571428574,41.0
CPI-23APR,2023-04-11,29,2023-05-10,True,0.4,0.43149999999999994,0.15151815072789138,0.31000000000000005,0.03149999999999992,1.0,0.0,7,0.04428571428571427,5024.0
CPI-23APR,2023-04-12,28,2023-05-10,True,0.4,0.39250000000000007,0.1664143924064262,0.20499999999999996,0.007499999999999951,1.0,0.0,8,0.041250000000000016,12010.0
CPI-23APR,2023-04-13,27,2023-05-10,True,0.4,0.3880000000000001,0.19249935064825546,0.09999999999999999,0.0119999999999999,0.9999999999999999,0.0,8,0.04250000000000002,1692.0
CPI-23APR,2023-04-14,26,2023-05-10,True,0.4,0.4302500000000001,0.19999359364739663,0.11499999999999999,0.030250000000000055,1.0,0.0,8,0.03125000000000001,2304.0
CPI-23APR,2023-04-15,25,2023-05-10,True,0.4,0.42650000000000005,0.18089430615693797,0.37,0.026500000000000024,1.0,0.0,7,0.06714285714285714,1097.0
CPI-23APR,2023-04-16,24,2023-05-10,True,0.4,0.4355,0.16481732311865765,0.4099999999999999,0.035499999999999976,1.0,0.0,5,0.04799999999999999,1490.0
CPI-23APR,2023-04-17,23,2023-05-10,True,0.4,0.47750000000000004,0.1683560215733313,0.16500000000000004,0.07750000000000001,1.0,0.0,8,0.04375000000000001,7430.0
CPI-23APR,2023-04-18,22,2023-05-10,True,0.4,0.47550000000000003,0.16201774594160975,0.19500000000000006,0.07550000000000001,1.0,0.0,8,0.04375,974.0
CPI-23APR,2023-04-19,21,2023-05-10,True,0.4,0.43700000000000006,0.1504360329176491,0.2350000000000001,0.03700000000000003,1.0,0.0,8,0.04249999999999999,10325.0
CPI-23APR,2023-04-20,20,2023-05-10,True,0.4,0.41800000000000004,0.14756693396557374,0.255,0.018000000000000016,1.0,0.0,8,0.05,2618.0
CPI-23APR,2023-04-21,19,2023-05-10,True,0.4,0.42200000000000004,0.14393053880257656,0.245,0.02200000000000002,1.0,0.0,7,0.048571428571428585,771.0
CPI-23APR,2023-04-22,18,2023-05-10,True,0.4,0.4135,0.14445674092959457,0.26000000000000006,0.013499999999999956,1.0,0.0,6,0.06166666666666665,3122.0
CPI-23APR,2023-04-23,17,2023-05-10,True,0.4,0.394,0.160822883943797,0.235,0.006000000000000005,1.0,0.0,7,0.05142857142857144,1925.0
CPI-23APR,2023-04-24,16,2023-05-10,True,0.4,0.402,0.16277591959500642,0.22999999999999998,0.0020000000000000018,1.0,0.0,8,0.04499999999999999,3525.0
CPI-23APR,2023-04-25,15,2023-05-10,True,0.4,0.3945,0.16709204050462728,0.19999999999999996,0.005500000000000005,1.0,0.0,8,0.043750000000000004,18546.0
CPI-23APR,2023-04-26,14,2023-05-10,True,0.4,0.38600000000000007,0.16432893841317178,0.21499999999999997,0.013999999999999957,1.0,0.0,8,0.03749999999999999,5250.0
CPI-23APR,2023-04-27,13,2023-05-10,True,0.4,0.36600000000000005,0.16746342884343435,0.21500000000000008,0.033999999999999975,1.0,0.0,8,0.024999999999999994,2487.0
CPI-23APR,2023-04-28,12,2023-05-10,True,0.4,0.36550000000000005,0.1707622616388059,0.20000000000000007,0.034499999999999975,1.0,0.0,8,0.028750000000000008,3179.0
CPI-23APR,2023-04-29,11,2023-05-10,True,0.4,0.3545,0.1651658257630797,0.30500000000000005,0.04550000000000004,1.0,0.0,8,0.028750000000000005,6505.0
CPI-23APR,2023-04-30,10,2023-05-10,True,0.4,0.3415,0.1569323102487184,0.26,0.058499999999999996,1.0,0.0,7,0.03571428571428573,1724.0
CPI-23APR,2023-05-01,9,2023-05-10,True,0.4,0.34850000000000003,0.1552345000314041,0.24,0.05149999999999999,1.0,0.0,8,0.03625000000000001,13561.0
CPI-23APR,2023-05-02,8,2023-05-10,True,0.4,0.32500000000000007,0.15386682553429118,0.20500000000000002,0.07499999999999996,1.0,0.0,7,0.03428571428571428,7868.0
CPI-23APR,2023-05-03,7,2023-05-10,True,0.4,0.3445,0.13479521504860623,0.23499999999999996,0.05550000000000005,1.0,0.0,6,0.034999999999999996,8194.0
CPI-23APR,2023-05-04,6,2023-05-10,True,0.4,0.33449999999999996,0.13260750355843365,0.26999999999999996,0.06550000000000006,1.0,0.0,5,0.021999999999999985,1493.0
CPI-23APR,2023-05-05,5,2023-05-10,True,0.4,0.35600000000000004,0.12515590277729613,0.305,0.043999999999999984,1.0,0.0,7,0.020000000000000018,3096.0
CPI-23APR,2023-05-06,4,2023-05-10,True,0.4,0.36100000000000004,0.1227965797569297,0.32,0.03899999999999998,1.0,0.0,6,0.023333333333333345,450.0
CPI-23APR,2023-05-07,3,2023-05-10,True,0.4,0.37000000000000005,0.11736694594305504,0.3650000000000001,0.02999999999999997,0.9999999999999999,0.0,5,0.019999999999999993,1580.0
CPI-23APR,2023-05-08,2,2023-05-10,True,0.4,0.3915,0.11435799053848401,0.32499999999999996,0.008500000000000008,1.0,0.0,7,0.03285714285714287,23399.0
CPI-23APR,2023-05-09,1,2023-05-10,True,0.4,0.41275,0.12165499373227555,0.44500000000000006,0.012749999999999984,1.0,0.0,7,0.04285714285714286,39739.0
CPI-23APR,2023-05-10,0,2023-05-10,True,0.4,0.41250000000000003,0.12326293035621051,0.44500000000000006,0.012500000000000011,1.0,0.0,9,0.03444444444444445,1069.0
CPI-23AUG,2023-05-05,131,2023-09-13,True,0.6,0.322,0.19878631743658817,0.555,0.27799999999999997,1.0,0.0,4,0.89,0.0
CPI-23AUG,2023-05-26,110,2023-09-13,True,0.6,0.36650000000000005,0.14908973807744114,0.555,0.23349999999999993,1.0,0.0,3,0.89,0.0
CPI-23AUG,2023-06-30,75,2023-09-13,True,0.6,0.38325,0.305993361856103,0.044999999999999984,0.21675,1.0,0.0,6,0.7266666666666667,0.0
CPI-23AUG,2023-07-19,56,2023-09-13,True,0.6,0.16500000000000004,0.1336974195712094,0.12,0.43499999999999994,1.0,0.0,4,0.060000000000000026,0.0
CPI-23AUG,2023-07-20,55,2023-09-13,True,0.6,0.16500000000000004,0.13105342422081157,0.115,0.43499999999999994,1.0,0.0,4,0.05500000000000003,0.0
CPI-23AUG,2023-07-23,52,2023-09-13,True,0.6,0.15375000000000003,0.10652904533506345,0.265,0.4462499999999999,1.0,0.0,2,0.04500000000000001,0.0
CPI-23AUG,2023-07-24,51,2023-09-13,True,0.6,0.1945,0.13122404505272653,0.15000000000000002,0.40549999999999997,1.0,0.0,4,0.0525,1283.0
CPI-23AUG,2023-07-25,50,2023-09-13,True,0.6,0.29200000000000004,0.14572576985557498,0.56,0.30799999999999994,1.0,0.0,4,0.535,6.0
CPI-23AUG,2023-07-26,49,2023-09-13,True,0.6,0.3395,0.1615232181452561,0.11000000000000001,0.26049999999999995,1.0,0.0,6,0.05833333333333332,709.0
CPI-23AUG,2023-07-27,48,2023-09-13,True,0.6,0.2975,0.1784481717474292,0.085,0.3025,1.0,0.0,6,0.04833333333333336,753.0
CPI-23AUG,2023-07-28,47,2023-09-13,True,0.6,0.29525,0.16229583327984734,0.235,0.30474999999999997,1.0,0.0,4,0.06250000000000003,51.0
CPI-23AUG,2023-07-29,46,2023-09-13,True,0.6,0.297,0.1751884699402332,0.08,0.303,1.0,0.0,6,0.0566666666666667,61.0
CPI-23AUG,2023-07-30,45,2023-09-13,True,0.6,0.32949999999999996,0.17854901287881714,0.125,0.2705,1.0,0.0,6,0.054999999999999966,12.0
CPI-23AUG,2023-07-31,44,2023-09-13,True,0.6,0.3265,0.17901885375568685,0.12,0.27349999999999997,1.0,0.0,6,0.06499999999999997,35.0
CPI-23AUG,2023-08-01,43,2023-09-13,True,0.6,0.3955,0.2023110229325135,0.14,0.20449999999999996,1.0,0.0,8,0.10624999999999998,1334.0
CPI-23AUG,2023-08-02,42,2023-09-13,True,0.6,0.353,0.18997631431312692,0.125,0.247,1.0,0.0,6,0.12999999999999998,1397.0
CPI-23AUG,2023-08-03,41,2023-09-13,True,0.6,0.46599999999999997,0.20160357139693733,0.5700000000000001,0.134,1.0,0.030000000000000027,6,0.37666666666666665,431.0
CPI-23AUG,2023-08-04,40,2023-09-13,True,0.6,0.4695,0.1960095660930864,0.5700000000000001,0.1305,1.0,0.0,6,0.425,2476.0
CPI-23AUG,2023-08-05,39,2023-09-13,True,0.6,0.42950000000000005,0.20069815644394945,0.10499999999999997,0.17049999999999993,1.0,0.0,8,0.13874999999999998,2474.0
CPI-23AUG,2023-08-06,38,2023-09-13,True,0.6,0.41374999999999995,0.1668035895896728,0.2,0.18625000000000003,1.0,0.0,5,0.08000000000000003,1544.0
CPI-23AUG,2023-08-07,37,2023-09-13,True,0.6,0.43225,0.16123720879499248,0.245,0.16774999999999995,1.0,0.0,5,0.06799999999999999,2900.0
CPI-23AUG,2023-08-08,36,2023-09-13,True,0.6,0.5025,0.15245901088489325,0.09999999999999998,0.09750000000000003,1.0,0.0,5,0.182,4675.0
CPI-23AUG,2023-08-09,35,2023-09-13,True,0.6,0.456,0.22992172581119863,0.3,0.14399999999999996,1.0,0.20999999999999996,9,0.15333333333333332,1627.0
CPI-23AUG,2023-08-10,34,2023-09-13,True,0.6,0.5785000000000001,0.1748935390459007,0.285,0.021499999999999853,1.0,0.0,8,0.14625,11222.0
CPI-23AUG,2023-08-11,33,2023-09-13,True,0.6,0.587,0.14605136082899056,0.36,0.013000000000000012,1.0,0.004999999999999893,8,0.04625000000000001,5949.0
CPI-23AUG,2023-08-12,32,2023-09-13,True,0.6,0.581,0.14845538050202156,0.3649999999999999,0.019000000000000017,1.0,0.0,8,0.0425,2455.0
CPI-23AUG,2023-08-13,31,2023-09-13,True,0.6,0.598,0.13227244611029157,0.405,0.0020000000000000018,1.0,0.0,6,0.036666666666666674,2878.0
CPI-23AUG,2023-08-14,30,2023-09-13,True,0.6,0.5895,0.12385374439232753,0.41000000000000003,0.010499999999999954,1.0,0.0,7,0.0385714285714286,1587.0
CPI-23AUG,2023-08-15,29,2023-09-13,True,0.6,0.626,0.12459534501738018,0.36499999999999994,0.026000000000000023,1.0,0.0,7,0.04285714285714286,6112.0
CPI-23AUG,2023-08-16,28,2023-09-13,True,0.6,0.6035,0.14190754032115419,0.31500000000000006,0.0035000000000000586,1.0,0.004999999999999893,7,0.05714285714285711,56786.0
CPI-23AUG,2023-08-17,27,2023-09-13,True,0.6,0.617,0.12965724044572288,0.315,0.017000000000000015,1.0,0.0,7,0.05714285714285713,3811.0
CPI-23AUG,2023-08-18,26,2023-09-13,True,0.6,0.602,0.12647529403009897,0.32000000000000006,0.0020000000000000018,1.0,0.0,6,0.05999999999999997,15404.0
CPI-23AUG,2023-08-19,25,2023-09-13,True,0.6,0.619,0.10362914647916385,0.30999999999999994,0.019000000000000017,1.0,0.0,4,0.06,0.0
CPI-23AUG,2023-08-20,24,2023-09-13,True,0.6,0.622,0.12536347155371855,0.29000000000000004,0.02200000000000002,1.0,0.0,7,0.040000000000000015,8188.0
CPI-23AUG,2023-08-21,23,2023-09-13,True,0.6,0.622,0.11923086848631102,0.30000000000000004,0.02200000000000002,1.0,0.0,6,0.026666666666666655,5218.0
CPI-23AUG,2023-08-22,22,2023-09-13,True,0.6,0.6345,0.10516534600332941,0.255,0.034499999999999975,1.0,0.0,4,0.037500000000000006,1705.0
CPI-23AUG,2023-08-23,21,2023-09-13,True,0.6,0.62625,0.13076099380166856,0.255,0.026249999999999996,1.0,0.0,6,0.030000000000000016,2103.0
CPI-23AUG,2023-08-24,20,2023-09-13,True,0.6,0.6305,0.1393547631048182,0.27,0.03049999999999997,1.0,0.010000000000000009,9,0.027777777777777797,6710.0
CPI-23AUG,2023-08-25,19,2023-09-13,True,0.6,0.6329999999999999,0.1272242115322394,0.27,0.03299999999999992,1.0,0.0050000000000000044,7,0.030000000000000006,3910.0
CPI-23AUG,2023-08-26,18,2023-09-13,True,0.6,0.621,0.11612062693595829,0.29499999999999993,0.02100000000000002,1.0,0.0,4,0.0325,10.0
CPI-23AUG,2023-08-27,17,2023-09-13,True,0.6,0.66625,0.10451525008342082,0.30000000000000004,0.06625000000000003,1.0,0.0,3,0.023333333333333314,2300.0
CPI-23AUG,2023-08-28,16,2023-09-13,True,0.6,0.642,0.10879338215167318,0.2599999999999999,0.04200000000000004,1.0,0.0,6,0.023333333333333327,4405.0
CPI-23AUG,2023-08-29,15,2023-09-13,True,0.6,0.638,0.11171839597846003,0.245,0.038000000000000034,1.0,0.0,5,0.03,785.0
CPI-23AUG,2023-08-30,14,2023-09-13,True,0.6,0.6499999999999999,0.09591663046625437,0.27,0.04999999999999993,1.0,0.0,4,0.03999999999999997,295.0
CPI-23AUG,2023-08-31,13,2023-09-13,True,0.6,0.648,0.09271461589199405,0.27,0.04800000000000004,1.0,0.0,4,0.029999999999999968,1201.0
CPI-23AUG,2023-09-01,12,2023-09-13,True,0.6,0.6430000000000001,0.10271806072935762,0.29000000000000004,0.04300000000000015,1.0,0.0,6,0.02666666666666666,12602.0
CPI-23AUG,2023-09-02,11,2023-09-13,True,0.6,0.63875,0.08298154915401375,0.715,0.03875000000000006,1.0,0.0,3,0.019999999999999973,53.0
CPI-23AUG,2023-09-03,10,2023-09-13,True,0.6,0.6634999999999999,0.06646615680178897,0.47,0.06349999999999989,1.0,0.0,2,0.02500000000000001,106.0
CPI-23AUG,2023-09-04,9,2023-09-13,True,0.6,0.6639999999999999,0.06711184694225004,0.47,0.06399999999999995,1.0,0.0,2,0.030000000000000013,1548.0
CPI-23AUG,2023-09-05,8,2023-09-13,True,0.6,0.6439999999999999,0.1037496987947435,0.29999999999999993,0.04399999999999993,1.0,0.0050000000000000044,9,0.016666666666666677,9925.0
CPI-23AUG,2023-09-06,7,2023-09-13,True,0.6,0.6475,0.10046765648705058,0.27500000000000013,0.04749999999999999,1.0,0.0,6,0.028333333333333308,10341.0
CPI-23AUG,2023-09-07,6,2023-09-13,True,0.6,0.6484999999999999,0.09898358449763271,0.29500000000000004,0.04849999999999988,1.0,0.0,5,0.021999999999999995,5305.0
CPI-23AUG,2023-09-08,5,2023-09-13,True,0.6,0.646,0.09531002045955081,0.29999999999999993,0.04600000000000004,1.0,0.0,4,0.020000000000000014,12007.0
CPI-23AUG,2023-09-09,4,2023-09-13,True,0.6,0.6489999999999999,0.09109884741312589,0.2899999999999999,0.04899999999999993,1.0,0.0,3,0.026666666666666686,61.0
CPI-23AUG,2023-09-10,3,2023-09-13,True,0.6,0.6485,0.09432788559063536,0.2799999999999999,0.04849999999999999,1.0,0.0,4,0.017500000000000012,246.0
CPI-23AUG,2023-09-11,2,2023-09-13,True,0.6,0.642,0.09293008124391151,0.30500000000000005,0.04200000000000004,1.0,0.0,4,0.02999999999999999,4748.0
CPI-23AUG,2023-09-12,1,2023-09-13,True,0.6,0.641,0.09653496775780265,0.29999999999999993,0.041000000000000036,1.0,0.0,6,0.019999999999999993,8790.0
CPI-23AUG,2023-09-13,0,2023-09-13,True,0.6,0.6370000000000001,0.1040720903989153,0.29000000000000004,0.037000000000000144,1.0,0.0,9,0.017777777777777788,6090.0
CPI-23DEC,2023-11-29,43,2024-01-11,True,0.3,0.13,0.08426149773176358,0.55,0.16999999999999998,1.0,0.0,2,0.7,0.0
CPI-23DEC,2023-12-03,39,2024-01-11,True,0.3,0.19750000000000004,0.12346558224865747,0.55,0.10249999999999995,1.0,0.0,3,0.6833333333333332,0.0
CPI-23DEC,2023-12-08,34,2024-01-11,True,0.3,0.10250000000000001,0.21821720830401983,0.125,0.19749999999999998,1.0,0.0,5,0.57,0.0
CPI-23DEC,2023-12-12,30,2024-01-11,True,0.3,0.191,0.11497391008398383,0.19,0.10899999999999999,1.0,0.0,7,0.06857142857142857,3565.0
CPI-23DEC,2023-12-13,29,2024-01-11,True,0.3,0.18450000000000003,0.10774854987423266,0.17000000000000004,0.11549999999999996,1.0,0.0,6,0.051666666666666666,7634.0
CPI-23DEC,2023-12-14,28,2024-01-11,True,0.3,0.19499999999999998,0.08587782018658834,0.18,0.10500000000000001,1.0,0.0,4,0.05000000000000002,2745.0
CPI-23DEC,2023-12-15,27,2024-01-11,True,0.3,0.24874999999999997,0.06372548548265444,0.9349999999999999,0.05125000000000002,1.0,0.0,2,0.04500000000000001,0.0
CPI-23DEC,2023-12-16,26,2024-01-11,True,0.3,0.20475000000000002,0.09362124491802057,0.6749999999999999,0.09524999999999997,1.0,0.009999999999999898,4,0.052500000000000005,100.0
CPI-23DEC,2023-12-18,24,2024-01-11,True,0.3,0.19900000000000004,0.10148398888494672,0.225,0.10099999999999995,1.0,0.009999999999999898,6,0.053333333333333344,3652.0
CPI-23DEC,2023-12-19,23,2024-01-11,True,0.3,0.23,0.08426149773176358,0.31,0.06999999999999998,1.0,0.0,4,0.065,7448.0
CPI-23DEC,2023-12-20,22,2024-01-11,True,0.3,0.2335,0.08141099434351604,0.31500000000000006,0.06649999999999998,0.9999999999999999,0.0,3,0.06333333333333334,0.0
CPI-23DEC,2023-12-21,21,2024-01-11,True,0.3,0.22650000000000003,0.06743700764417118,0.395,0.07349999999999995,1.0,0.0,2,0.04500000000000001,0.0
CPI-23DEC,2023-12-22,20,2024-01-11,True,0.3,0.233,0.10361467077590895,0.34,0.06699999999999998,1.0,0.0,6,0.04166666666666668,400.0
CPI-23DEC,2023-12-23,19,2024-01-11,True,0.3,0.23150000000000004,0.06291065092653232,0.405,0.06849999999999995,1.0,0.0,2,0.035,7.0
CPI-23DEC,2023-12-24,18,2024-01-11,True,0.3,0.22800000000000004,0.08009993757800317,0.41000000000000003,0.07199999999999995,1.0,0.0,4,0.02750000000000001,202.0
CPI-23DEC,2023-12-25,17,2024-01-11,True,0.3,0.22050000000000003,0.09396674943829866,0.405,0.07949999999999996,1.0,0.0,3,0.036666666666666646,180.0
CPI-23DEC,2023-12-26,16,2024-01-11,True,0.3,0.23200000000000004,0.06225752966509353,0.405,0.06799999999999995,1.0,0.0,2,0.03999999999999995,0.0
CPI-23DEC,2023-12-27,15,2024-01-11,True,0.3,0.2265,0.1074604578438041,0.345,0.07349999999999998,1.0,0.0,4,0.04000000000000002,629.0
CPI-23DEC,2023-12-28,14,2024-01-11,True,0.3,0.2325,0.0647591692349431,0.425,0.06749999999999998,1.0,0.0,2,0.04500000000000004,0.0
CPI-23DEC,2023-12-31,11,2024-01-11,True,0.3,0.2325,0.06398241946034865,0.42,0.06749999999999998,1.0,0.0,2,0.03500000000000003,0.0
CPI-23DEC,2024-01-01,10,2024-01-11,True,0.3,0.2335,0.06346455703776717,0.425,0.06649999999999998,1.0,0.0,2,0.025000000000000022,81.0
CPI-23DEC,2024-01-02,9,2024-01-11,True,0.3,0.249,0.0632376470150495,0.34,0.05099999999999999,1.0,0.0,2,0.03999999999999999,50.0
CPI-23DEC,2024-01-03,8,2024-01-11,True,0.3,0.23925000000000002,0.1030627842627978,0.39,0.06074999999999997,0.9999999999999999,0.0,6,0.03833333333333333,300.0
CPI-23DEC,2024-01-04,7,2024-01-11,True,0.3,0.2335,0.10453587900811855,0.38499999999999995,0.06649999999999998,1.0,0.0,4,0.04249999999999998,614.0
CPI-23DEC,2024-01-05,6,2024-01-11,True,0.3,0.1625,0.1413108276106258,0.36,0.13749999999999998,1.0,0.0,3,0.043333333333333356,924.0
CPI-23DEC,2024-01-07,4,2024-01-11,True,0.3,0.21100000000000002,0.131829435256319,0.44,0.08899999999999997,1.0,0.0,3,0.02333333333333335,0.0
CPI-23DEC,2024-01-08,3,2024-01-11,True,0.3,0.244,0.07787168933572713,0.39999999999999997,0.055999999999999994,1.0,0.0,4,0.04500000000000001,4108.0
CPI-23DEC,2024-01-09,2,2024-01-11,True,0.3,0.23975,0.09344751200540333,0.40499999999999997,0.06025,1.0,0.0,4,0.04000000000000001,1044.0
CPI-23DEC,2024-01-10,1,2024-01-11,True,0.3,0.24250000000000002,0.08912771734987944,0.445,0.05749999999999997,1.0,0.0,7,0.027142857142857146,3335.0
CPI-23DEC,2024-01-11,0,2024-01-11,True,0.3,0.23950000000000005,0.08938540149263749,0.42,0.06049999999999994,1.0,0.0,7,0.024285714285714296,955.0
CPI-23FEB,2022-11-24,110,2023-03-14,True,0.4,0.3460000000000001,0.19283153269110323,0.21499999999999997,0.05399999999999994,1.0,0.0,9,0.04222222222222221,1.0
CPI-23FEB,2022-11-30,104,2023-03-14,True,0.4,0.3245,0.18748266586540738,0.21499999999999997,0.07550000000000001,1.0,0.0,6,0.03999999999999999,301.0
CPI-23FEB,2022-12-08,96,2023-03-14,True,0.4,0.291,0.1285262619078296,0.46499999999999997,0.10900000000000004,1.0,0.0,4,0.04499999999999997,253.0
CPI-23FEB,2022-12-16,88,2023-03-14,True,0.4,0.34249999999999997,0.22032646232352573,0.17999999999999994,0.05750000000000005,1.0,0.0,9,0.04777777777777778,353.0
CPI-23FEB,2022-12-21,83,2023-03-14,True,0.4,0.3307500000000001,0.21758202476307642,0.17999999999999994,0.06924999999999992,1.0,0.0,8,0.04125000000000001,390.0
CPI-23FEB,2022-12-23,81,2023-03-14,True,0.4,0.3340000000000001,0.21620360774048153,0.17999999999999994,0.06599999999999995,1.0,0.0,9,0.042222222222222223,0.0
CPI-23FEB,2023-01-14,59,2023-03-14,True,0.4,0.3135,0.2897718930469275,0.06500000000000006,0.08650000000000002,1.0,0.0,2,0.875,253.0
CPI-23FEB,2023-01-24,49,2023-03-14,True,0.4,0.29825,0.29100590629744955,0.019999999999999962,0.10175000000000001,1.0,0.0,3,0.8833333333333333,0.0
CPI-23FEB,2023-02-02,40,2023-03-14,True,0.4,0.24325000000000002,0.22851025688139254,0.19500000000000006,0.15675,1.0,0.09499999999999997,4,0.74,0.0
CPI-23FEB,2023-02-06,36,2023-03-14,True,0.4,0.44400000000000006,0.40467764949401397,0.09500000000000004,0.04400000000000004,0.9999999999999999,0.0,6,0.7616666666666667,0.0
CPI-23FEB,2023-02-07,35,2023-03-14,True,0.4,0.5925,0.09794769012079864,0.52,0.1925,1.0,0.0,2,0.825,0.0
CPI-23FEB,2023-02-08,34,2023-03-14,True,0.4,0.5025000000000001,0.2548896820194964,0.22999999999999998,0.10250000000000004,1.0,0.14999999999999997,5,0.708,0.0
CPI-23FEB,2023-02-09,33,2023-03-14,True,0.4,0.314,0.29762224379236174,0.29,0.08600000000000002,1.0,0.06999999999999995,3,0.7166666666666667,0.0
CPI-23FEB,2023-02-12,30,2023-03-14,True,0.4,0.43850000000000006,0.32660029087555936,0.09500000000000004,0.038500000000000034,0.9999999999999999,0.0,5,0.7959999999999999,0.0
CPI-23FEB,2023-02-13,29,2023-03-14,True,0.4,0.4875,0.1984785882658379,0.17500000000000004,0.08749999999999997,1.0,0.0,9,0.0611111111111111,1161.0
CPI-23FEB,2023-02-14,28,2023-03-14,True,0.4,0.47200000000000003,0.19497692171126307,0.18500000000000005,0.07200000000000001,1.0,0.0,9,0.0488888888888889,1218.0
CPI-23FEB,2023-02-15,27,2023-03-14,True,0.4,0.49300000000000005,0.16047118121332568,0.24,0.09300000000000003,1.0,0.0,9,0.031111111111111114,6845.0
CPI-23FEB,2023-02-16,26,2023-03-14,True,0.4,0.49050000000000005,0.15414198000544826,0.20500000000000007,0.09050000000000002,1.0,0.0,9,0.02999999999999999,292.0
CPI-23FEB,2023-02-17,25,2023-03-14,True,0.4,0.48650000000000004,0.15481521243082028,0.21999999999999997,0.08650000000000002,1.0,0.0,9,0.034444444444444444,2017.0
CPI-23FEB,2023-02-18,24,2023-03-14,True,0.4,0.47600000000000003,0.15858436240689058,0.265,0.07600000000000001,1.0,0.0,8,0.032500000000000015,4180.0
CPI-23FEB,2023-02-19,23,2023-03-14,True,0.4,0.45325000000000004,0.15875118109796854,0.33499999999999996,0.05325000000000002,1.0,0.0,8,0.03125,1959.0
CPI-23FEB,2023-02-20,22,2023-03-14,True,0.4,0.4665,0.14638220520268166,0.29499999999999993,0.0665,1.0,0.0,9,0.030000000000000002,1362.0
CPI-23FEB,2023-02-21,21,2023-03-14,True,0.4,0.44650000000000006,0.14066893758040544,0.355,0.04650000000000004,1.0,0.0,9,0.034444444444444465,7385.0
CPI-23FEB,2023-02-22,20,2023-03-14,True,0.4,0.4455,0.13145246289058266,0.43000000000000005,0.045499999999999985,1.0,0.0,9,0.032222222222222235,12907.0
CPI-23FEB,2023-02-23,19,2023-03-14,True,0.4,0.437,0.12740094191174572,0.42,0.03699999999999998,1.0,0.0,9,0.02,8274.0
CPI-23FEB,2023-02-24,18,2023-03-14,True,0.4,0.42700000000000005,0.13141917668285708,0.395,0.027000000000000024,1.0,0.004999999999999999,9,0.01666666666666667,13628.0
CPI-23FEB,2023-02-25,17,2023-03-14,True,0.4,0.428,0.10777754868245983,0.39000000000000007,0.02799999999999997,1.0,0.0,4,0.010000000000000009,1765.0
CPI-23FEB,2023-02-26,16,2023-03-14,True,0.4,0.4385,0.1481308543146903,0.39000000000000007,0.03849999999999998,1.0,0.0,5,0.01800000000000001,1134.0
CPI-23FEB,2023-02-27,15,2023-03-14,True,0.4,0.4185,0.1384115240866887,0.37,0.01849999999999996,1.0,0.0,7,0.02000000000000001,15832.0
CPI-23FEB,2023-02-28,14,2023-03-14,True,0.4,0.4225,0.13131545986668897,0.375,0.022499999999999964,1.0,0.004999999999999999,8,0.01750000000000001,4328.0
CPI-23FEB,2023-03-01,13,2023-03-14,True,0.4,0.43025,0.13600528482378912,0.37,0.03025,1.0,0.0,6,0.013333333333333343,227.0
CPI-23FEB,2023-03-02,12,2023-03-14,True,0.4,0.41750000000000004,0.11850632894491331,0.38,0.017500000000000016,1.0,0.0,5,0.014000000000000012,3403.0
CPI-23FEB,2023-03-03,11,2023-03-14,True,0.4,0.40249999999999997,0.10650704202070398,0.38,0.0024999999999999467,1.0,0.0,5,0.014000000000000012,1311.0
CPI-23FEB,2023-03-04,10,2023-03-14,True,0.4,0.4205,0.1188686249605,0.45999999999999996,0.020499999999999963,1.0,0.0,7,0.01571428571428571,2070.0
CPI-23FEB,2023-03-05,9,2023-03-14,True,0.4,0.421,0.10420652570736633,0.45499999999999996,0.020999999999999963,1.0,0.0,4,0.019999999999999983,2209.0
CPI-23FEB,2023-03-06,8,2023-03-14,True,0.4,0.4265,0.11066955317520714,0.46499999999999997,0.026499999999999968,1.0,0.0,5,0.014000000000000007,774.0
CPI-23FEB,2023-03-07,7,2023-03-14,True,0.4,0.412,0.12188519188154072,0.42000000000000004,0.011999999999999955,1.0,0.0,6,0.016666666666666666,13969.0
CPI-23FEB,2023-03-08,6,2023-03-14,True,0.4,0.4160000000000001,0.12101239605924675,0.395,0.01600000000000007,1.0,0.0,7,0.011428571428571436,5096.0
CPI-23FEB,2023-03-09,5,2023-03-14,True,0.4,0.41450000000000004,0.11764246682214718,0.465,0.014500000000000013,1.0,0.0,7,0.01857142857142858,8461.0
CPI-23FEB,2023-03-10,4,2023-03-14,True,0.4,0.41725,0.11849024221428531,0.455,0.017249999999999988,1.0,0.0,5,0.024000000000000014,7554.0
CPI-23FEB,2023-03-11,3,2023-03-14,True,0.4,0.41,0.10392304845413264,0.45,0.009999999999999953,1.0,0.0,4,0.020000000000000014,1334.0
CPI-23FEB,2023-03-13,1,2023-03-14,True,0.4,0.40700000000000003,0.12961867149450346,0.445,0.007000000000000006,1.0,0.0,15,0.020666666666666677,15457.0
CPI-23FEB,2023-03-14,0,2023-03-14,True,0.4,0.316,0.1937627415165258,0.355,0.08400000000000002,1.0,0.16000000000000003,7,0.17142857142857146,1085.0
CPI-23JAN,2022-11-24,82,2023-02-14,True,0.5,0.36200000000000004,0.18236227680087785,0.15000000000000002,0.13799999999999996,1.0,0.0,8,0.04250000000000001,1.0
CPI-23JAN,2022-11-26,80,2023-02-14,True,0.5,0.4015,0.12061405390749456,0.15000000000000002,0.09849999999999998,1.0,0.0,4,0.05749999999999999,100.0
CPI-23JAN,2022-11-27,79,2023-02-14,True,0.5,0.3555,0.18552560470188476,0.14500000000000002,0.14450000000000002,1.0,0.0,7,0.04428571428571428,265.0
CPI-23JAN,2022-11-30,76,2023-02-14,True,0.5,0.35075,0.11174496632958461,0.28,0.14925,1.0,0.0,2,0.05500000000000002,50.0
CPI-23JAN,2022-12-03,73,2023-02-14,True,0.5,0.44649999999999995,0.08653178606731748,0.14500000000000002,0.05350000000000005,1.0,0.0,3,0.04333333333333333,2.0
CPI-23JAN,2022-12-05,71,2023-02-14,True,0.5,0.3765,0.08542686930936894,0.275,0.1235,1.0,0.0,2,0.035,20.0
CPI-23JAN,2022-12-08,68,2023-02-14,True,0.5,0.3400000000000001,0.1841195263952197,0.135,0.15999999999999992,1.0,0.0,8,0.04249999999999999,1143.0
CPI-23JAN,2022-12-11,65,2023-02-14,True,0.5,0.33325,0.19237187294404556,0.11499999999999999,0.16675,1.0,0.0,7,0.04714285714285714,50.0
CPI-23JAN,2022-12-13,63,2023-02-14,True,0.5,0.23650000000000004,0.2022813634519997,0.07,0.26349999999999996,1.0,0.0,9,0.041111111111111126,472.0
CPI-23JAN,2022-12-16,60,2023-02-14,True,0.5,0.23675000000000002,0.2065476639906634,0.1,0.26325,1.0,0.0,7,0.04571428571428572,20.0
CPI-23JAN,2022-12-19,57,2023-02-14,True,0.5,0.28400000000000003,0.10883014288330232,0.14,0.21599999999999997,1.0,0.0,2,0.05,22.0
CPI-23JAN,2022-12-22,54,2023-02-14,True,0.5,0.23575000000000002,0.16373587725358177,0.07,0.26425,1.0,0.0,3,0.03666666666666669,40.0
CPI-23JAN,2022-12-23,53,2023-02-14,True,0.5,0.22800000000000004,0.204,0.07,0.27199999999999996,1.0,0.0,9,0.04222222222222224,25.0
CPI-23JAN,2022-12-25,51,2023-02-14,True,0.5,0.1615,0.20455500482755243,0.21000000000000002,0.3385,1.0,0.0,5,0.5259999999999999,0.0
CPI-23JAN,2022-12-26,50,2023-02-14,True,0.5,0.17825000000000002,0.2582429815115989,0.125,0.32175,1.0,0.0,5,0.384,0.0
CPI-23JAN,2022-12-27,49,2023-02-14,True,0.5,0.22650000000000003,0.2052991719418274,0.07,0.27349999999999997,1.0,0.0,9,0.038888888888888896,0.0
CPI-23JAN,2023-01-01,44,2023-02-14,True,0.5,0.42475000000000007,0.06837351460909406,0.095,0.07524999999999993,1.0,0.0,2,0.034999999999999996,3.0
CPI-23JAN,2023-01-02,43,2023-02-14,True,0.5,0.227,0.19175765956018548,0.07,0.273,1.0,0.0,7,0.04000000000000002,290.0
CPI-23JAN,2023-01-03,42,2023-02-14,True,0.5,0.25849999999999995,0.21442422904140288,0.22,0.24150000000000005,1.0,0.0,6,0.165,0.0
CPI-23JAN,2023-01-05,40,2023-02-14,True,0.5,0.2475,0.20023423783159564,0.07000000000000002,0.2525,1.0,0.0,9,0.043333333333333335,2169.0
CPI-23JAN,2023-01-06,39,2023-02-14,True,0.5,0.24600000000000002,0.19642810389554752,0.07000000000000002,0.254,1.0,0.0,9,0.03555555555555555,710.0
CPI-23JAN,2023-01-09,36,2023-02-14,True,0.5,0.252,0.19671298889498884,0.075,0.248,1.0,0.0,8,0.042499999999999996,900.0
CPI-23JAN,2023-01-10,35,2023-02-14,True,0.5,0.2495,0.19261295387382438,0.07000000000000002,0.2505,1.0,0.0,8,0.03875,1905.0
CPI-23JAN,2023-01-11,34,2023-02-14,True,0.5,0.23099999999999998,0.17674557985986525,0.045,0.269,1.0,0.0,7,0.039999999999999994,708.0
CPI-23JAN,2023-01-12,33,2023-02-14,True,0.5,0.27,0.16155494421403513,0.07500000000000001,0.22999999999999998,1.0,0.0,8,0.034999999999999996,5905.0
CPI-23JAN,2023-01-13,32,2023-02-14,True,0.5,0.264,0.15749285698088025,0.08000000000000002,0.236,1.0,0.0,8,0.03500000000000002,4946.0
CPI-23JAN,2023-01-14,31,2023-02-14,True,0.5,0.30175,0.17736808478415728,0.505,0.19824999999999998,1.0,0.0,4,0.03000000000000002,92.0
CPI-23JAN,2023-01-15,30,2023-02-14,True,0.5,0.29875,0.12790988038458953,0.07,0.20124999999999998,1.0,0.0,6,0.03166666666666667,280.0
CPI-23JAN,2023-01-16,29,2023-02-14,True,0.5,0.25975000000000004,0.15578009340092205,0.215,0.24024999999999996,1.0,0.0,5,0.03600000000000002,600.0
CPI-23JAN,2023-01-17,28,2023-02-14,True,0.5,0.258,0.14434680460612903,0.115,0.242,1.0,0.0,5,0.028000000000000018,135.0
CPI-23JAN,2023-01-18,27,2023-02-14,True,0.5,0.3045,0.16071636506591352,0.13,0.1955,1.0,0.0,6,0.03166666666666667,3514.0
CPI-23JAN,2023-01-19,26,2023-02-14,True,0.5,0.3085,0.1580435066682589,0.13,0.1915,1.0,0.0,6,0.034999999999999976,1443.0
CPI-23JAN,2023-01-20,25,2023-02-14,True,0.5,0.31325000000000003,0.16639392266546277,0.125,0.18674999999999997,1.0,0.0,7,0.029999999999999995,935.0
CPI-23JAN,2023-01-22,23,2023-02-14,True,0.5,0.3325,0.1664143924064262,0.16499999999999998,0.16749999999999998,1.0,0.0,7,0.02714285714285714,557.0
CPI-23JAN,2023-01-23,22,2023-02-14,True,0.5,0.36,0.15132745950421558,0.11000000000000001,0.14,1.0,0.0,7,0.034285714285714274,3869.0
CPI-23JAN,2023-01-24,21,2023-02-14,True,0.5,0.36300000000000004,0.151099305094365,0.12,0.13699999999999996,1.0,0.0,7,0.03142857142857142,3780.0
CPI-23JAN,2023-01-25,20,2023-02-14,True,0.5,0.382,0.15929846201391903,0.12,0.118,1.0,0.0,8,0.027500000000000004,2374.0
CPI-23JAN,2023-01-26,19,2023-02-14,True,0.5,0.4005,0.1524786870352706,0.145,0.09949999999999998,1.0,0.0,8,0.03124999999999999,3481.0
CPI-23JAN,2023-01-27,18,2023-02-14,True,0.5,0.405,0.1538668255342912,0.16,0.09499999999999997,1.0,0.0,9,0.02222222222222222,3260.0
CPI-23JAN,2023-01-28,17,2023-02-14,True,0.5,0.3975,0.15522161576275387,0.16,0.10249999999999998,1.0,0.0,5,0.022000000000000006,162.0
CPI-23JAN,2023-01-29,16,2023-02-14,True,0.5,0.36650000000000005,0.12856029713717995,0.325,0.13349999999999995,1.0,0.0,3,0.02999999999999999,36.0
CPI-23JAN,2023-01-30,15,2023-02-14,True,0.5,0.4,0.13453624047073712,0.23999999999999996,0.09999999999999998,1.0,0.0,7,0.02857142857142856,16245.0
CPI-23JAN,2023-01-31,14,2023-02-14,True,0.5,0.3845,0.12251428488139658,0.23500000000000001,0.11549999999999999,1.0,0.0,5,0.02000000000000001,2132.0
CPI-23JAN,2023-02-01,13,2023-02-14,True,0.5,0.41,0.13638181696985857,0.25,0.09000000000000002,1.0,0.0,8,0.017500000000000005,8858.0
CPI-23JAN,2023-02-02,12,2023-02-14,True,0.5,0.4205,0.12700295272158046,0.29000000000000004,0.07950000000000002,1.0,0.0,7,0.021428571428571436,10157.0
CPI-23JAN,2023-02-03,11,2023-02-14,True,0.5,0.42400000000000004,0.13085870242364472,0.29,0.07599999999999996,1.0,0.0,7,0.017142857142857158,2205.0
CPI-23JAN,2023-02-04,10,2023-02-14,True,0.5,0.412,0.12044085685513867,0.305,0.08800000000000002,1.0,0.0,5,0.023999999999999997,200.0
CPI-23JAN,2023-02-05,9,2023-02-14,True,0.5,0.4285,0.12820978901784372,0.31499999999999995,0.07150000000000001,1.0,0.0,7,0.03285714285714285,1277.0
CPI-23JAN,2023-02-06,8,2023-02-14,True,0.5,0.441,0.13007305639524275,0.355,0.059,1.0,0.0,8,0.02749999999999999,2732.0
CPI-23JAN,2023-02-07,7,2023-02-14,True,0.5,0.45225,0.1324101110187587,0.39499999999999996,0.047750000000000015,1.0,0.0,7,0.01714285714285712,8857.0
CPI-23JAN,2023-02-08,6,2023-02-14,True,0.5,0.45999999999999996,0.1315294643796591,0.415,0.040000000000000036,1.0,0.0,8,0.01750000000000001,14137.0
CPI-23JAN,2023-02-09,5,2023-02-14,True,0.5,0.45849999999999996,0.1297218177485962,0.42,0.04150000000000004,1.0,0.0,7,0.018571428571428565,2137.0
CPI-23JAN,2023-02-10,4,2023-02-14,True,0.5,0.47150000000000003,0.12820978901784374,0.445,0.02849999999999997,1.0,0.0,8,0.021250000000000012,2009.0
CPI-23JAN,2023-02-11,3,2023-02-14,True,0.5,0.4555,0.13553505081712258,0.43999999999999995,0.044499999999999984,1.0,0.0,7,0.028571428571428584,8460.0
CPI-23JAN,2023-02-12,2,2023-02-14,True,0.5,0.4615,0.13083481952446757,0.43999999999999995,0.03849999999999998,1.0,0.0,8,0.02500000000000001,5334.0
CPI-23JAN,2023-02-13,1,2023-02-14,True,0.5,0.463,0.13353276751419485,0.38500000000000006,0.03699999999999998,1.0,0.0,9,0.022222222222222223,40291.0
CPI-23JAN,2023-02-14,0,2023-02-14,True,0.5,0.463,0.13576081909004528,0.37999999999999995,0.03699999999999998,1.0,0.0,9,0.026666666666666658,13804.0
CPI-23JUL,2023-05-05,97,2023-08-10,True,0.2,0.21100000000000002,0.09939315871829411,0.0,0.01100000000000001,1.0,0.0,2,0.89,0.0
CPI-23JUL,2023-05-10,92,2023-08-10,True,0.2,0.22000000000000003,0.198997487421324,0.0,0.020000000000000018,1.0,0.0050000000000000044,2,0.885,0.0
CPI-23JUL,2023-05-11,91,2023-08-10,True,0.2,0.511,0.09939315871829406,0.44499999999999995,0.311,1.0,0.0,2,0.89,0.0
CPI-23JUL,2023-05-26,76,2023-08-10,True,0.2,0.31100000000000005,0.09939315871829409,0.44499999999999995,0.11100000000000004,1.0,0.0,2,0.89,0.0
CPI-23JUL,2023-06-08,63,2023-08-10,True,0.2,0.1395,0.08360472474687063,0.625,0.0605,1.0,0.0,2,0.595,0.0
CPI-23JUL,2023-06-13,58,2023-08-10,True,0.2,0.3225,0.26219029348928996,0.03499999999999992,0.1225,1.0,0.0,6,0.7516666666666666,0.0
CPI-23JUL,2023-06-14,57,2023-08-10,True,0.2,0.33125000000000004,0.2635069970607991,0.06999999999999995,0.13125000000000003,1.0,0.0,6,0.6433333333333333,0.0
CPI-23JUL,2023-06-16,55,2023-08-10,True,0.2,0.21350000000000002,0.17654390388795646,0.09999999999999992,0.013500000000000012,1.0,0.10500000000000004,4,0.64,5.0
CPI-23JUL,2023-06-18,53,2023-08-10,True,0.2,0.16699999999999998,0.1300423008101595,0.09999999999999992,0.03300000000000003,1.0,0.0,3,0.54,0.0
CPI-23JUL,2023-06-19,52,2023-08-10,True,0.2,0.19300000000000003,0.13019600608313606,0.06499999999999995,0.0069999999999999785,1.0,0.0,3,0.7066666666666667,0.0
CPI-23JUL,2023-06-21,50,2023-08-10,True,0.2,0.134,0.2361016730139793,0.19999999999999996,0.066,1.0,0.0,12,0.06666666666666667,0.0
CPI-23JUL,2023-06-22,49,2023-08-10,True,0.2,0.11600000000000002,0.17071613866298643,0.21999999999999997,0.08399999999999999,1.0,0.0,6,0.04666666666666668,204.0
CPI-23JUL,2023-06-23,48,2023-08-10,True,0.2,0.09550000000000002,0.12340887326282499,0.5,0.1045,1.0,0.0,4,0.05250000000000002,891.0
CPI-23JUL,2023-06-26,45,2023-08-10,True,0.2,0.23900000000000002,0.06617401302626282,0.71,0.03900000000000001,1.0,0.0,2,0.08000000000000002,10.0
CPI-23JUL,2023-06-28,43,2023-08-10,True,0.2,0.16350000000000003,0.2240373852730834,0.5449999999999999,0.03649999999999998,1.0,0.0,9,0.0688888888888889,30.0
CPI-23JUL,2023-06-30,41,2023-08-10,True,0.2,0.18900000000000003,0.18541574906139982,0.22999999999999998,0.010999999999999982,1.0,0.030000000000000027,6,0.13333333333333333,14.0
CPI-23JUL,2023-07-02,39,2023-08-10,True,0.2,0.20025,0.19153964994225087,0.235,0.0002500000000000002,1.0,0.0,6,0.09999999999999999,57.0
CPI-23JUL,2023-07-03,38,2023-08-10,True,0.2,0.22650000000000003,0.187743841443601,0.235,0.026500000000000024,1.0,0.0,8,0.05875,17.0
CPI-23JUL,2023-07-04,37,2023-08-10,True,0.2,0.20550000000000002,0.14635487692591592,0.255,0.005500000000000005,1.0,0.0,5,0.082,335.0
CPI-23JUL,2023-07-05,36,2023-08-10,True,0.2,0.14999999999999997,0.18268825906445108,0.059999999999999984,0.050000000000000044,1.0000000000000002,0.0,6,0.3316666666666666,152.0
CPI-23JUL,2023-07-06,35,2023-08-10,True,0.2,0.129,0.18264446337077941,0.18500000000000003,0.07100000000000001,1.0,0.0,8,0.0825,743.0
CPI-23JUL,2023-07-07,34,2023-08-10,True,0.2,0.1305,0.18198832380128124,0.19000000000000003,0.0695,1.0,0.0,8,0.08125,7.0
CPI-23JUL,2023-07-09,32,2023-08-10,True,0.2,0.13275,0.17752447014425923,0.19000000000000003,0.06725,1.0,0.0,7,0.08142857142857142,0.0
CPI-23JUL,2023-07-10,31,2023-08-10,True,0.2,0.126,0.18927229062913567,0.17500000000000004,0.07400000000000001,1.0,0.0,8,0.065,2481.0
CPI-23JUL,2023-07-11,30,2023-08-10,True,0.2,0.1315,0.18936142690632637,0.185,0.0685,1.0,0.0,8,0.07375,317.0
CPI-23JUL,2023-07-12,29,2023-08-10,True,0.2,0.1535,0.1851695169297582,0.265,0.046500000000000014,1.0,0.0,10,0.04700000000000001,1797.0
CPI-23JUL,2023-07-13,28,2023-08-10,True,0.2,0.16200000000000003,0.15085091978506462,0.265,0.03799999999999998,1.0,0.0,7,0.048571428571428536,765.0
CPI-23JUL,2023-07-14,27,2023-08-10,True,0.2,0.18450000000000003,0.17467040390403865,0.30499999999999994,0.015499999999999986,1.0,0.0,13,0.036153846153846154,1262.0
CPI-23JUL,2023-07-15,26,2023-08-10,True,0.2,0.17200000000000001,0.14488271118390908,0.30000000000000004,0.027999999999999997,0.9999999999999999,0.0,6,0.02833333333333332,92.0
CPI-23JUL,2023-07-16,25,2023-08-10,True,0.2,0.18275,0.13130094249471327,0.495,0.017250000000000015,1.0,0.0,4,0.027499999999999993,0.0
CPI-23JUL,2023-07-17,24,2023-08-10,True,0.2,0.17100000000000004,0.119829044893131,0.48000000000000004,0.02899999999999997,1.0,0.0,6,0.03333333333333333,3432.0
CPI-23JUL,2023-07-18,23,2023-08-10,True,0.2,0.16000000000000003,0.10392304845413265,0.46,0.03999999999999998,1.0,0.0,4,0.045000000000000005,1876.0
CPI-23JUL,2023-07-19,22,2023-08-10,True,0.2,0.15650000000000003,0.11383211321942505,0.42000000000000004,0.04349999999999998,1.0,0.0,6,0.02166666666666668,1037.0
CPI-23JUL,2023-07-20,21,2023-08-10,True,0.2,0.15100000000000002,0.1117989266495882,0.385,0.04899999999999999,1.0,0.0,6,0.02333333333333335,1226.0
CPI-23JUL,2023-07-21,20,2023-08-10,True,0.2,0.15550000000000003,0.12060161690458385,0.42000000000000004,0.044499999999999984,1.0,0.0,6,0.03166666666666669,401.0
CPI-23JUL,2023-07-22,19,2023-08-10,True,0.2,0.1255,0.14611553647713169,0.42499999999999993,0.07450000000000001,1.0,0.0,5,0.036,100.0
CPI-23JUL,2023-07-23,18,2023-08-10,True,0.2,0.1595,0.09332604138181369,0.43000000000000005,0.04050000000000001,1.0,0.0,4,0.022500000000000013,8.0
CPI-23JUL,2023-07-24,17,2023-08-10,True,0.2,0.17350000000000004,0.1031879353412985,0.435,0.026499999999999968,1.0,0.0,5,0.034000000000000016,2956.0
CPI-23JUL,2023-07-25,16,2023-08-10,True,0.2,0.1825,0.10021851126413722,0.465,0.017500000000000016,1.0,0.0,5,0.037999999999999985,8685.0
CPI-23JUL,2023-07-26,15,2023-08-10,True,0.2,0.19099999999999998,0.10256217626396198,0.495,0.009000000000000036,1.0,0.0,6,0.03333333333333334,4418.0
CPI-23JUL,2023-07-27,14,2023-08-10,True,0.2,0.2055,0.0949723644014405,0.43999999999999995,0.005499999999999977,1.0,0.0,4,0.03749999999999999,5374.0
CPI-23JUL,2023-07-28,13,2023-08-10,True,0.2,0.211,0.10382196299434912,0.41500000000000004,0.010999999999999982,1.0,0.0,5,0.03599999999999999,286.0
CPI-23JUL,2023-07-29,12,2023-08-10,True,0.2,0.207,0.09823950325607313,0.42,0.0069999999999999785,1.0,0.0,4,0.044999999999999984,751.0
CPI-23JUL,2023-07-30,11,2023-08-10,True,0.2,0.213,0.13465140177510224,0.39,0.012999999999999984,1.0,0.015000000000000013,7,0.044285714285714296,3465.0
CPI-23JUL,2023-07-31,10,2023-08-10,True,0.2,0.19825000000000004,0.11687359624825445,0.41999999999999993,0.0017499999999999738,1.0,0.0,6,0.034999999999999996,4212.0
CPI-23JUL,2023-08-01,9,2023-08-10,True,0.2,0.2015,0.09616522240394393,0.41999999999999993,0.0015000000000000013,1.0,0.0,4,0.04249999999999999,2408.0
CPI-23JUL,2023-08-02,8,2023-08-10,True,0.2,0.197,0.09534673565466202,0.43499999999999994,0.0030000000000000027,1.0,0.0,4,0.03999999999999999,400.0
CPI-23JUL,2023-08-03,7,2023-08-10,True,0.2,0.19125000000000003,0.10658769863356653,0.44499999999999995,0.00874999999999998,1.0,0.0,5,0.03199999999999999,150.0
CPI-23JUL,2023-08-04,6,2023-08-10,True,0.2,0.19225000000000003,0.11181429917501608,0.42999999999999994,0.007749999999999979,1.0,0.0,5,0.03799999999999999,3896.0
CPI-23JUL,2023-08-05,5,2023-08-10,True,0.2,0.19849999999999998,0.09406247923587811,0.42999999999999994,0.001500000000000029,1.0,0.0,4,0.03249999999999999,1493.0
CPI-23JUL,2023-08-06,4,2023-08-10,True,0.2,0.1945,0.08613797072139559,0.43499999999999994,0.005500000000000005,1.0,0.0,3,0.036666666666666646,305.0
CPI-23JUL,2023-08-07,3,2023-08-10,True,0.2,0.22899999999999998,0.14571890748972832,0.46499999999999997,0.02899999999999997,1.0,0.0,6,0.029999999999999985,274.0
CPI-23JUL,2023-08-08,2,2023-08-10,True,0.2,0.1965,0.09293949644795801,0.525,0.003500000000000003,1.0,0.0,5,0.021999999999999995,6634.0
CPI-23JUL,2023-08-09,1,2023-08-10,True,0.2,0.2025,0.1074418447347215,0.545,0.0025000000000000022,1.0,0.010000000000000002,8,0.03125,30505.0
CPI-23JUL,2023-08-10,0,2023-08-10,True,0.2,0.20350000000000001,0.133931885673278,0.525,0.003500000000000003,1.0,0.010000000000000002,13,0.02846153846153847,2540.0
CPI-23JUN,2023-02-24,138,2023-07-12,True,0.2,0.28750000000000003,0.1769003957033449,0.20999999999999996,0.08750000000000002,1.0,0.0,9,0.061111111111111116,0.0
CPI-23JUN,2023-04-13,90,2023-07-12,True,0.2,0.29900000000000004,0.09999499987499376,0.505,0.09900000000000003,1.0,0.0,2,0.8899999999999999,0.0
CPI-23JUN,2023-05-10,63,2023-07-12,True,0.2,0.20850000000000002,0.19717441517600603,0.015000000000000013,0.008500000000000008,1.0,0.04500000000000004,4,0.8450000000000001,0.0
CPI-23JUN,2023-05-23,50,2023-07-12,True,0.2,0.28099999999999997,0.1588678696275619,0.21999999999999997,0.08099999999999996,1.0,0.0,6,0.08333333333333331,0.0
CPI-23JUN,2023-05-25,48,2023-07-12,True,0.2,0.303,0.10766150658429409,0.42500000000000004,0.10299999999999998,1.0,0.0,3,0.08666666666666663,10.0
CPI-23JUN,2023-05-26,47,2023-07-12,True,0.2,0.29899999999999993,0.1581107206991354,0.18999999999999995,0.09899999999999992,1.0,0.0,6,0.08333333333333333,60.0
CPI-23JUN,2023-05-30,43,2023-07-12,True,0.2,0.242,0.1566397139936102,0.21499999999999997,0.04199999999999998,1.0,0.0,6,0.036666666666666674,160.0
CPI-23JUN,2023-06-01,41,2023-07-12,True,0.2,0.242,0.155679157243351,0.235,0.04199999999999998,1.0,0.0,6,0.04666666666666666,399.0
CPI-23JUN,2023-06-02,40,2023-07-12,True,0.2,0.23950000000000002,0.15577146722041235,0.48500000000000004,0.03950000000000001,1.0,0.0,4,0.042499999999999996,35.0
CPI-23JUN,2023-06-03,39,2023-07-12,True,0.2,0.24925,0.13336767786836506,0.48500000000000004,0.04924999999999999,1.0,0.0,4,0.03999999999999998,15.0
CPI-23JUN,2023-06-04,38,2023-07-12,True,0.2,0.22400000000000003,0.12980369794424196,0.4700000000000001,0.02400000000000002,1.0,0.0,3,0.046666666666666655,550.0
CPI-23JUN,2023-06-05,37,2023-07-12,True,0.2,0.24425,0.1607153928533294,0.235,0.044249999999999984,1.0,0.0,5,0.036,0.0
CPI-23JUN,2023-06-06,36,2023-07-12,True,0.2,0.2375,0.1514719445970111,0.24,0.03749999999999998,1.0,0.0,6,0.04166666666666668,576.0
CPI-23JUN,2023-06-07,35,2023-07-12,True,0.2,0.28650000000000003,0.1231574195897267,0.525,0.08650000000000002,1.0,0.0,5,0.041999999999999996,38.0
CPI-23JUN,2023-06-08,34,2023-07-12,True,0.2,0.23675,0.1478578286733577,0.5049999999999999,0.03674999999999998,1.0,0.0,5,0.048,992.0
CPI-23JUN,2023-06-09,33,2023-07-12,True,0.2,0.22924999999999998,0.14699298452647322,0.405,0.02924999999999997,1.0,0.0,5,0.046,0.0
CPI-23JUN,2023-06-11,31,2023-07-12,True,0.2,0.22824999999999998,0.13588391185125634,0.5049999999999999,0.02824999999999997,1.0,0.0,4,0.035,607.0
CPI-23JUN,2023-06-12,30,2023-07-12,True,0.2,0.2345,0.14852525037851308,0.24,0.034499999999999975,1.0,0.0,6,0.041666666666666664,977.0
CPI-23JUN,2023-06-13,29,2023-07-12,True,0.2,0.21350000000000002,0.1362635314381658,0.3450000000000001,0.013500000000000012,1.0,0.0,5,0.03799999999999999,3008.0
CPI-23JUN,2023-06-14,28,2023-07-12,True,0.2,0.197,0.13111445381802878,0.345,0.0030000000000000027,1.0,0.0,5,0.06800000000000003,1346.0
CPI-23JUN,2023-06-15,27,2023-07-12,True,0.2,0.21050000000000002,0.15601201876778598,0.32999999999999996,0.01050000000000001,1.0,0.0,8,0.056250000000000015,3538.0
CPI-23JUN,2023-06-16,26,2023-07-12,True,0.2,0.20600000000000002,0.14786480311419617,0.33999999999999997,0.006000000000000005,1.0,0.0,7,0.04571428571428572,687.0
CPI-23JUN,2023-06-17,25,2023-07-12,True,0.2,0.20750000000000002,0.139620020054432,0.33499999999999996,0.007500000000000007,1.0,0.0,4,0.05500000000000003,0.0
CPI-23JUN,2023-06-18,24,2023-07-12,True,0.2,0.20500000000000002,0.13756816492197604,0.635,0.0050000000000000044,1.0,0.0,4,0.052500000000000005,69.0
CPI-23JUN,2023-06-19,23,2023-07-12,True,0.2,0.197,0.13375724279454926,0.36,0.0030000000000000027,1.0,0.0,5,0.052000000000000025,1470.0
CPI-23JUN,2023-06-20,22,2023-07-12,True,0.2,0.19250000000000003,0.12038999127834506,0.42000000000000004,0.007499999999999979,1.0,0.0,7,0.03857142857142859,1957.0
CPI-23JUN,2023-06-21,21,2023-07-12,True,0.2,0.20149999999999998,0.09771258874884034,0.44999999999999996,0.0014999999999999736,1.0,0.0,4,0.04249999999999998,7957.0
CPI-23JUN,2023-06-22,20,2023-07-12,True,0.2,0.205,0.10988630487917957,0.44999999999999996,0.004999999999999977,1.0,0.0,5,0.047999999999999994,3172.0
CPI-23JUN,2023-06-23,19,2023-07-12,True,0.2,0.20299999999999999,0.10904586191139948,0.45499999999999996,0.002999999999999975,1.0,0.0,5,0.055999999999999994,1300.0
CPI-23JUN,2023-06-26,16,2023-07-12,True,0.2,0.2095,0.09609760662992602,0.6499999999999999,0.00949999999999998,1.0,0.0,3,0.04999999999999999,0.0
CPI-23JUN,2023-06-27,15,2023-07-12,True,0.2,0.21499999999999997,0.10897247358851686,0.6399999999999999,0.014999999999999958,1.0,0.0,5,0.03599999999999999,4.0
CPI-23JUN,2023-06-28,14,2023-07-12,True,0.2,0.19799999999999998,0.0999799979995999,0.43499999999999994,0.0020000000000000295,1.0,0.0,4,0.04999999999999999,957.0
CPI-23JUN,2023-06-29,13,2023-07-12,True,0.2,0.21925,0.08391625289537183,0.645,0.01924999999999999,1.0,0.0,2,0.05500000000000003,50.0
CPI-23JUN,2023-06-30,12,2023-07-12,True,0.2,0.19799999999999998,0.09947864092356709,0.44499999999999995,0.0020000000000000295,1.0,0.0,4,0.04999999999999999,790.0
CPI-23JUN,2023-07-01,11,2023-07-12,True,0.2,0.21024999999999996,0.0926414459084054,0.6549999999999999,0.010249999999999954,1.0,0.0,3,0.029999999999999985,10.0
CPI-23JUN,2023-07-02,10,2023-07-12,True,0.2,0.21699999999999997,0.081,0.6599999999999999,0.01699999999999996,1.0,0.0,2,0.04000000000000003,20.0
CPI-23JUN,2023-07-03,9,2023-07-12,True,0.2,0.193,0.09874715185766118,0.43999999999999995,0.007000000000000006,1.0,0.0,4,0.03999999999999998,1761.0
CPI-23JUN,2023-07-04,8,2023-07-12,True,0.2,0.1925,0.10341058939973216,0.41999999999999993,0.007500000000000007,1.0,0.0,4,0.05249999999999999,4821.0
CPI-23JUN,2023-07-05,7,2023-07-12,True,0.2,0.198,0.13340164916521835,0.39,0.0020000000000000018,1.0,0.0,7,0.03714285714285716,373.0
CPI-23JUN,2023-07-06,6,2023-07-12,True,0.2,0.19949999999999998,0.09027596579378146,0.3949999999999999,0.0005000000000000282,1.0,0.0,3,0.043333333333333314,296.0
CPI-23JUN,2023-07-07,5,2023-07-12,True,0.2,0.207,0.12268251709188233,0.35500000000000004,0.0069999999999999785,1.0,0.0,5,0.04,2056.0
CPI-23JUN,2023-07-08,4,2023-07-12,True,0.2,0.216,0.109288608738514,0.35000000000000003,0.015999999999999986,1.0,0.0,4,0.039999999999999994,325.0
CPI-23JUN,2023-07-09,3,2023-07-12,True,0.2,0.20600000000000002,0.09881295461628502,0.34999999999999987,0.006000000000000005,1.0,0.0,3,0.053333333333333316,0.0
CPI-23JUN,2023-07-10,2,2023-07-12,True,0.2,0.1915,0.10806363865796857,0.37,0.008500000000000008,1.0,0.0,5,0.029999999999999992,6904.0
CPI-23JUN,2023-07-11,1,2023-07-12,True,0.2,0.18900000000000003,0.10478072341800279,0.375,0.010999999999999982,1.0,0.0,5,0.048,13391.0
CPI-23JUN,2023-07-12,0,2023-07-12,True,0.2,0.17650000000000005,0.1148814606453104,0.37999999999999995,0.023499999999999965,1.0,0.0,9,0.029999999999999995,1365.0
CPI-23MAR,2022-11-24,139,2023-04-12,True,0.1,0.32500000000000007,0.20118399538730708,0.09500000000000008,0.22500000000000006,1.0,0.0,9,0.044444444444444446,50.0
CPI-23MAR,2022-12-08,125,2023-04-12,True,0.1,0.297,0.16306747069848113,0.09500000000000008,0.19699999999999998,1.0,0.0,5,0.052000000000000005,272.0
CPI-23MAR,2022-12-11,122,2023-04-12,True,0.1,0.30900000000000005,0.20129331831931233,0.09499999999999997,0.20900000000000005,1.0,0.0,9,0.04000000000000002,193.0
CPI-23MAR,2022-12-16,117,2023-04-12,True,0.1,0.33099999999999996,0.23116876951699164,0.09499999999999997,0.23099999999999996,1.0,0.0,9,0.04444444444444446,57.0
CPI-23MAR,2022-12-17,116,2023-04-12,True,0.1,0.3285,0.2119852589214637,0.10499999999999998,0.2285,1.0,0.0,5,0.04800000000000002,50.0
CPI-23MAR,2022-12-23,110,2023-04-12,True,0.1,0.33349999999999996,0.23071139980503783,0.10499999999999998,0.23349999999999996,1.0,0.0,9,0.04555555555555557,0.0
CPI-23MAR,2023-02-16,55,2023-04-12,True,0.1,0.525,0.10897247358851685,0.15000000000000002,0.42500000000000004,1.0,0.0,2,0.06000000000000001,0.0
CPI-23MAR,2023-02-21,50,2023-04-12,True,0.1,0.42,0.14781745499094484,0.5700000000000001,0.31999999999999995,1.0,0.0,2,0.48,0.0
CPI-23MAR,2023-02-23,48,2023-04-12,True,0.1,0.41200000000000003,0.1521709564930181,0.605,0.31200000000000006,1.0,0.0,4,0.56,0.0
CPI-23MAR,2023-02-24,47,2023-04-12,True,0.1,0.35050000000000003,0.1374763616044591,0.039999999999999925,0.25050000000000006,1.0,0.0,9,0.03444444444444443,0.0
CPI-23MAR,2023-02-27,44,2023-04-12,True,0.1,0.35100000000000003,0.13819913169047046,0.02499999999999991,0.251,1.0,0.0,9,0.028888888888888877,0.0
CPI-23MAR,2023-02-28,43,2023-04-12,True,0.1,0.3,0.14212670403551897,0.06999999999999995,0.19999999999999998,1.0,0.0,9,0.0288888888888889,1330.0
CPI-23MAR,2023-03-01,42,2023-04-12,True,0.1,0.2885,0.1265612499938271,0.07499999999999996,0.18849999999999997,1.0,0.0,5,0.03000000000000002,2500.0
CPI-23MAR,2023-03-02,41,2023-04-12,True,0.1,0.23850000000000005,0.08510434771502573,0.32999999999999996,0.13850000000000004,1.0,0.0,2,0.020000000000000018,0.0
CPI-23MAR,2023-03-03,40,2023-04-12,True,0.1,0.29449999999999993,0.1184050252311953,0.11999999999999997,0.19449999999999992,1.0000000000000002,0.0,4,0.03250000000000002,150.0
CPI-23MAR,2023-03-04,39,2023-04-12,True,0.1,0.35250000000000004,0.08181534085976787,0.685,0.25250000000000006,1.0,0.0,2,0.030000000000000013,40.0
CPI-23MAR,2023-03-06,37,2023-04-12,True,0.1,0.299,0.14421858410066296,0.07499999999999996,0.19899999999999998,1.0,0.0,9,0.02444444444444445,0.0
CPI-23MAR,2023-03-07,36,2023-04-12,True,0.1,0.2985,0.13765082636875087,0.06999999999999995,0.19849999999999998,1.0,0.0,6,0.02833333333333334,2438.0
CPI-23MAR,2023-03-08,35,2023-04-12,True,0.1,0.29100000000000004,0.12336531116971253,0.07499999999999996,0.19100000000000003,1.0,0.0,4,0.017500000000000016,0.0
CPI-23MAR,2023-03-10,33,2023-04-12,True,0.1,0.3180000000000001,0.12718490476467717,0.37000000000000005,0.2180000000000001,0.9999999999999999,0.0,7,0.022857142857142857,1124.0
CPI-23MAR,2023-03-13,30,2023-04-12,True,0.1,0.29700000000000004,0.14727864746798838,0.06999999999999995,0.19700000000000004,1.0,0.0,12,0.022499999999999992,3858.0
CPI-23MAR,2023-03-14,29,2023-04-12,True,0.1,0.2915,0.12440960573846377,0.04999999999999993,0.19149999999999998,1.0,0.0,9,0.027777777777777776,3418.0
CPI-23MAR,2023-03-15,28,2023-04-12,True,0.1,0.2675,0.13150570329837408,0.125,0.1675,1.0,0.0,7,0.027142857142857118,3938.0
CPI-23MAR,2023-03-16,27,2023-04-12,True,0.1,0.23,0.15,0.21499999999999997,0.13,1.0,0.004999999999999999,8,0.020000000000000004,7272.0
CPI-23MAR,2023-03-17,26,2023-04-12,True,0.1,0.21500000000000005,0.12718097341976903,0.22999999999999998,0.11500000000000005,1.0,0.0,6,0.030000000000000002,10664.0
CPI-23MAR,2023-03-18,25,2023-04-12,True,0.1,0.215,0.1186381051770467,0.19500000000000006,0.11499999999999999,1.0,0.0,5,0.024,2041.0
CPI-23MAR,2023-03-19,24,2023-04-12,True,0.1,0.21299999999999997,0.11104503590885997,0.19999999999999996,0.11299999999999996,1.0,0.0,5,0.027999999999999987,4576.0
CPI-23MAR,2023-03-20,23,2023-04-12,True,0.1,0.2255,0.11586522342791214,0.265,0.1255,1.0,0.0,7,0.020000000000000007,814.0
CPI-23MAR,2023-03-21,22,2023-04-12,True,0.1,0.2065,0.12086252520942957,0.12,0.10649999999999998,1.0,0.0,6,0.03833333333333334,17443.0
CPI-23MAR,2023-03-22,21,2023-04-12,True,0.1,0.21200000000000002,0.11469960767151734,0.16000000000000003,0.11200000000000002,1.0,0.0,5,0.03200000000000001,826.0
CPI-23MAR,2023-03-23,20,2023-04-12,True,0.1,0.21700000000000003,0.11004998864152597,0.125,0.11700000000000002,1.0,0.0,5,0.024,558.0
CPI-23MAR,2023-03-24,19,2023-04-12,True,0.1,0.22,0.11958260743101397,0.13,0.12,1.0,0.0,6,0.021666666666666667,5473.0
CPI-23MAR,2023-03-25,18,2023-04-12,True,0.1,0.2155,0.10587610684191215,0.14,0.11549999999999999,1.0,0.0,6,0.018333333333333313,102.0
CPI-23MAR,2023-03-26,17,2023-04-12,True,0.1,0.20400000000000001,0.08475848040166838,0.85,0.10400000000000001,1.0,0.0,4,0.019999999999999976,3000.0
CPI-23MAR,2023-03-27,16,2023-04-12,True,0.1,0.21550000000000005,0.09853806371144097,0.14500000000000005,0.11550000000000005,0.9999999999999999,0.0,4,0.02249999999999997,1203.0
CPI-23MAR,2023-03-28,15,2023-04-12,True,0.1,0.2205,0.10163537769890954,0.11999999999999988,0.1205,1.0,0.0,5,0.029999999999999964,6597.0
CPI-23MAR,2023-03-29,14,2023-04-12,True,0.1,0.217,0.09752435593224903,0.125,0.11699999999999999,1.0,0.0,4,0.024999999999999946,1837.0
CPI-23MAR,2023-03-30,13,2023-04-12,True,0.1,0.223,0.09418598621875764,0.09499999999999999,0.123,0.9999999999999999,0.0,4,0.019999999999999983,1021.0
CPI-23MAR,2023-03-31,12,2023-04-12,True,0.1,0.23450000000000001,0.09518271901978845,0.07500000000000007,0.1345,1.0,0.0,5,0.021999999999999992,3809.0
CPI-23MAR,2023-04-01,11,2023-04-12,True,0.1,0.239,0.07924014134263012,0.125,0.13899999999999998,1.0,0.0,3,0.020000000000000014,136.0
CPI-23MAR,2023-04-02,10,2023-04-12,True,0.1,0.18200000000000002,0.049759421218498925,0.07999999999999996,0.08200000000000002,1.0,0.0,2,0.02999999999999997,4.0
CPI-23MAR,2023-04-03,9,2023-04-12,True,0.1,0.24100000000000002,0.08196950652529268,0.13,0.14100000000000001,1.0,0.0,3,0.019999999999999993,317.0
CPI-23MAR,2023-04-04,8,2023-04-12,True,0.1,0.24700000000000003,0.12851459061133877,0.07999999999999996,0.14700000000000002,1.0,0.0,5,0.01800000000000001,522.0
CPI-23MAR,2023-04-05,7,2023-04-12,True,0.1,0.24950000000000003,0.09810581022549072,0.039999999999999925,0.14950000000000002,1.0,0.0,6,0.021666666666666678,5919.0
CPI-23MAR,2023-04-06,6,2023-04-12,True,0.1,0.25800000000000006,0.08506468127254693,0.039999999999999925,0.15800000000000006,1.0,0.0,5,0.03199999999999997,16388.0
CPI-23MAR,2023-04-07,5,2023-04-12,True,0.1,0.26049999999999995,0.09049723752689913,0.03500000000000003,0.16049999999999995,1.0,0.0,5,0.021999999999999985,11979.0
CPI-23MAR,2023-04-08,4,2023-04-12,True,0.1,0.2625,0.07644442425710327,0.06499999999999995,0.1625,1.0,0.0,3,0.023333333333333307,410.0
CPI-23MAR,2023-04-09,3,2023-04-12,True,0.1,0.2595,0.08723388103254377,0.040000000000000036,0.1595,1.0,0.0,5,0.029999999999999992,4799.0
CPI-23MAR,2023-04-10,2,2023-04-12,True,0.1,0.23550000000000004,0.10530788194622472,0.14499999999999993,0.13550000000000004,0.9999999999999999,0.0,6,0.02333333333333333,9082.0
CPI-23MAR,2023-04-11,1,2023-04-12,True,0.1,0.224,0.10258654882585727,0.15999999999999992,0.124,1.0,0.0,6,0.02666666666666666,33505.0
CPI-23MAR,2023-04-12,0,2023-04-12,True,0.1,0.21050000000000005,0.10972579459725958,0.2200000000000001,0.11050000000000004,0.9999999999999999,0.009999999999999998,9,0.021111111111111105,4440.0
CPI-23MAY,2023-02-24,109,2023-06-13,True,0.1,0.28550000000000003,0.16504469091733912,0.11499999999999999,0.18550000000000003,1.0,0.0,9,0.05888888888888888,0.0
CPI-23MAY,2023-02-28,105,2023-06-13,True,0.1,0.28800000000000003,0.16809521111560555,0.1100000000000001,0.18800000000000003,1.0,0.0,9,0.04888888888888887,0.0
CPI-23MAY,2023-03-13,92,2023-06-13,True,0.1,0.29050000000000004,0.17046920543018906,0.1100000000000001,0.19050000000000003,1.0,0.0,9,0.04999999999999998,429.0
CPI-23MAY,2023-03-27,78,2023-06-13,True,0.1,0.33375,0.2035274858587901,0.725,0.23374999999999999,1.0,0.04999999999999999,3,0.2833333333333334,0.0
CPI-23MAY,2023-04-12,62,2023-06-13,True,0.1,0.33999999999999986,0.19390719429665312,0.05000000000000003,0.23999999999999985,1.0000000000000002,0.0,8,0.06000000000000001,0.0
CPI-23MAY,2023-04-13,61,2023-06-13,True,0.1,0.33399999999999996,0.19324595726689858,0.05499999999999994,0.23399999999999996,1.0,0.0,8,0.05249999999999999,200.0
CPI-23MAY,2023-04-14,60,2023-06-13,True,0.1,0.32449999999999996,0.1713176873530576,0.050000000000000044,0.22449999999999995,1.0,0.0,6,0.051666666666666666,122.0
CPI-23MAY,2023-04-19,55,2023-06-13,True,0.1,0.311,0.19151762320998034,0.05999999999999994,0.211,1.0,0.0,8,0.05750000000000001,0.0
CPI-23MAY,2023-04-20,54,2023-06-13,True,0.1,0.2955,0.17096710209862012,0.06000000000000005,0.19549999999999998,1.0,0.0,6,0.051666666666666666,0.0
CPI-23MAY,2023-04-21,53,2023-06-13,True,0.1,0.3145,0.19733157375341634,0.06000000000000005,0.2145,1.0,0.0,8,0.046250000000000006,260.0
CPI-23MAY,2023-04-24,50,2023-06-13,True,0.1,0.315,0.19563997546513848,0.05999999999999994,0.215,1.0,0.0,8,0.05500000000000001,88.0
CPI-23MAY,2023-04-26,48,2023-06-13,True,0.1,0.30400000000000005,0.13521834195108293,0.17999999999999994,0.20400000000000004,1.0,0.0,4,0.03999999999999999,0.0
CPI-23MAY,2023-04-27,47,2023-06-13,True,0.1,0.28700000000000003,0.17444483368675612,0.47000000000000003,0.18700000000000003,0.9999999999999999,0.0,4,0.05000000000000002,52.0
CPI-23MAY,2023-04-29,45,2023-06-13,True,0.1,0.2875,0.19466317063070762,0.5,0.18749999999999997,1.0,0.0,6,0.048333333333333346,303.0
CPI-23MAY,2023-04-30,44,2023-06-13,True,0.1,0.31225,0.20127701682010293,0.24,0.21225000000000002,1.0,0.0,6,0.05166666666666667,178.0
CPI-23MAY,2023-05-01,43,2023-06-13,True,0.1,0.1675,0.18246575021082723,0.30500000000000005,0.0675,1.0,0.0049999999999999975,8,0.075,5948.0
CPI-23MAY,2023-05-02,42,2023-06-13,True,0.1,0.102,0.1632360254355637,0.19,0.001999999999999988,1.0,0.0,7,0.06142857142857142,1650.0
CPI-23MAY,2023-05-03,41,2023-06-13,True,0.1,0.12150000000000002,0.1509561194519785,0.13499999999999998,0.02150000000000002,0.9999999999999999,0.0,6,0.3383333333333333,1170.0
CPI-23MAY,2023-05-04,40,2023-06-13,True,0.1,0.14125000000000004,0.15185828097275433,0.17000000000000004,0.04125000000000004,1.0,0.0,5,0.27,50.0
CPI-23MAY,2023-05-05,39,2023-06-13,True,0.1,0.09825,0.1620476396002114,0.4,0.0017500000000000016,1.0,0.0,7,0.05857142857142855,0.0
CPI-23MAY,2023-05-07,37,2023-06-13,True,0.1,0.0625,0.12059747095192337,0.3699999999999999,0.037500000000000006,1.0,0.0,4,0.06249999999999998,222.0
CPI-23MAY,2023-05-08,36,2023-06-13,True,0.1,0.07775000000000001,0.18018722901471126,0.28,0.022249999999999992,1.0,0.0,7,0.04714285714285715,338.0
CPI-23MAY,2023-05-09,35,2023-06-13,True,0.1,0.059,0.16161373703989398,0.245,0.04100000000000001,1.0,0.0,6,0.03000000000000001,689.0
CPI-23MAY,2023-05-10,34,2023-06-13,True,0.1,0.09050000000000001,0.1663122064071065,0.26000000000000006,0.009499999999999995,1.0,0.0,7,0.04999999999999998,3202.0
CPI-23MAY,2023-05-11,33,2023-06-13,True,0.1,0.09100000000000001,0.18116015014345735,0.2850000000000001,0.008999999999999994,1.0,0.0,10,0.03599999999999997,505.0
CPI-23MAY,2023-05-12,32,2023-06-13,True,0.1,0.08900000000000001,0.13884883866997233,0.2899999999999999,0.010999999999999996,1.0,0.0,6,0.03333333333333335,1768.0
CPI-23MAY,2023-05-13,31,2023-06-13,True,0.1,0.10599999999999998,0.11341957503006259,0.2899999999999999,0.005999999999999978,1.0000000000000002,0.0,4,0.02500000000000001,117.0
CPI-23MAY,2023-05-14,30,2023-06-13,True,0.1,0.09,0.13784048752090225,0.3,0.010000000000000009,1.0,0.0,6,0.03666666666666669,394.0
CPI-23MAY,2023-05-15,29,2023-06-13,True,0.1,0.08899999999999998,0.14380194713563513,0.31999999999999995,0.011000000000000024,1.0,0.0,7,0.05142857142857144,310.0
CPI-23MAY,2023-05-16,28,2023-06-13,True,0.1,0.095,0.1291317157014496,0.325,0.0050000000000000044,1.0,0.0,5,0.040000000000000015,580.0
CPI-23MAY,2023-05-17,27,2023-06-13,True,0.1,0.0845,0.12210548718219015,0.44500000000000006,0.0155,1.0,0.0,6,0.028333333333333346,1084.0
CPI-23MAY,2023-05-18,26,2023-06-13,True,0.1,0.08700000000000001,0.11371455491712572,0.44000000000000006,0.012999999999999998,1.0,0.0,5,0.032000000000000015,125.0
CPI-23MAY,2023-05-19,25,2023-06-13,True,0.1,0.08650000000000001,0.11475081699055568,0.44500000000000006,0.013499999999999998,1.0,0.0,6,0.02500000000000001,940.0
CPI-23MAY,2023-05-20,24,2023-06-13,True,0.1,0.08050000000000002,0.08927345630141134,0.45000000000000007,0.01949999999999999,1.0,0.0,3,0.010000000000000009,142.0
CPI-23MAY,2023-05-21,23,2023-06-13,True,0.1,0.0695,0.08258177765100483,0.68,0.0305,1.0,0.0,2,0.010000000000000009,285.0
CPI-23MAY,2023-05-22,22,2023-06-13,True,0.1,0.08950000000000002,0.11063340363561089,0.44000000000000006,0.010499999999999982,1.0,0.0,5,0.02200000000000001,829.0
CPI-23MAY,2023-05-23,21,2023-06-13,True,0.1,0.10550000000000001,0.1449818954214629,0.43000000000000005,0.005500000000000005,1.0,0.0,10,0.02900000000000001,11025.0
CPI-23MAY,2023-05-24,20,2023-06-13,True,0.1,0.11700000000000002,0.12170045193013872,0.47,0.017000000000000015,1.0,0.0,6,0.04,2408.0
CPI-23MAY,2023-05-25,19,2023-06-13,True,0.1,0.12150000000000001,0.12323858973552076,0.45,0.021500000000000005,1.0,0.0,10,0.027000000000000003,1016.0
CPI-23MAY,2023-05-26,18,2023-06-13,True,0.1,0.1395,0.1374399869033754,0.41000000000000003,0.03950000000000001,1.0,0.0,10,0.032999999999999995,1032.0
CPI-23MAY,2023-05-27,17,2023-06-13,True,0.1,0.1405,0.10867267365810046,0.41000000000000003,0.04050000000000001,1.0,0.0,4,0.052500000000000005,0.0
CPI-23MAY,2023-05-28,16,2023-06-13,True,0.1,0.1575,0.08685476383020105,0.615,0.057499999999999996,1.0,0.0,3,0.04999999999999999,0.0
CPI-23MAY,2023-05-29,15,2023-06-13,True,0.1,0.1325,0.11486405007660144,0.405,0.0325,1.0,0.0,5,0.03399999999999998,24.0
CPI-23MAY,2023-05-30,14,2023-06-13,True,0.1,0.1325,0.10145811943851511,0.42500000000000004,0.0325,1.0,0.0,4,0.04250000000000001,4828.0
CPI-23MAY,2023-05-31,13,2023-06-13,True,0.1,0.09600000000000003,0.11740528097151338,0.45000000000000007,0.003999999999999976,1.0,0.0,6,0.04,13271.0
CPI-23MAY,2023-06-01,12,2023-06-13,True,0.1,0.07650000000000001,0.1148814606453104,0.415,0.023499999999999993,1.0,0.0,6,0.061666666666666696,4614.0
CPI-23MAY,2023-06-02,11,2023-06-13,True,0.1,0.08950000000000002,0.11806671842648969,0.41500000000000004,0.010499999999999982,1.0,0.0,6,0.065,10249.0
CPI-23MAY,2023-06-03,10,2023-06-13,True,0.1,0.095,0.10988630487917957,0.42999999999999994,0.0050000000000000044,1.0,0.0,5,0.06399999999999997,186.0
CPI-23MAY,2023-06-04,9,2023-06-13,True,0.1,0.08875000000000001,0.14495150050965322,0.43500000000000005,0.011249999999999996,1.0,0.0,6,0.05499999999999999,532.0
CPI-23MAY,2023-06-05,8,2023-06-13,True,0.1,0.097,0.10904586191139949,0.47,0.0030000000000000027,1.0,0.0,5,0.05600000000000001,3254.0
CPI-23MAY,2023-06-06,7,2023-06-13,True,0.1,0.138,0.13731715115017498,0.4600000000000001,0.038000000000000006,1.0,0.0,9,0.04222222222222221,19646.0
CPI-23MAY,2023-06-07,6,2023-06-13,True,0.1,0.12825,0.1462512820456628,0.44500000000000006,0.028249999999999997,1.0,0.0,6,0.04,2178.0
CPI-23MAY,2023-06-08,5,2023-06-13,True,0.1,0.12000000000000001,0.1307669683062202,0.43999999999999995,0.020000000000000004,1.0,0.0,7,0.05428571428571427,8629.0
CPI-23MAY,2023-06-09,4,2023-06-13,True,0.1,0.128,0.13607350954539243,0.44000000000000006,0.027999999999999997,1.0,0.0,9,0.03555555555555555,2208.0
CPI-23MAY,2023-06-10,3,2023-06-13,True,0.1,0.12350000000000001,0.14369324966747743,0.39,0.023500000000000007,1.0,0.0,8,0.03749999999999999,2567.0
CPI-23MAY,2023-06-11,2,2023-06-13,True,0.1,0.132,0.131057239403247,0.39,0.032,1.0,0.005000000000000001,7,0.038571428571428576,6245.0
CPI-23MAY,2023-06-12,1,2023-06-13,True,0.1,0.123,0.1388200273735746,0.39,0.022999999999999993,1.0,0.0,8,0.039999999999999994,18717.0
CPI-23MAY,2023-06-13,0,2023-06-13,True,0.1,0.13000000000000003,0.15394804318340655,0.395,0.030000000000000027,1.0,0.0,11,0.03636363636363637,463.0
CPI-23NOV,2023-08-29,105,2023-12-12,True,0.1,0.4047500000000001,0.18938040421331875,0.43999999999999995,0.3047500000000001,1.0,0.0,2,0.465,0.0
CPI-23NOV,2023-10-13,60,2023-12-12,True,0.1,0.16800000000000004,0.17909773867919163,0.0,0.06800000000000003,0.9999999999999999,0.03500000000000003,4,0.6525000000000001,0.0
CPI-23NOV,2023-10-15,58,2023-12-12,True,0.1,0.1345,0.1405693778886426,0.0,0.0345,1.0,0.03500000000000003,3,0.7200000000000001,3.0
CPI-23NOV,2023-10-16,57,2023-12-12,True,0.1,0.35575,0.3374602754399398,0.43499999999999994,0.25575000000000003,1.0,0.0,3,0.4533333333333333,0.0
CPI-23NOV,2023-10-17,56,2023-12-12,True,0.1,0.17900000000000002,0.11339753083731588,0.2749999999999999,0.07900000000000001,1.0,0.0,3,0.5533333333333333,0.0
CPI-23NOV,2023-10-19,54,2023-12-12,True,0.1,0.265,0.25666125535421197,0.29500000000000004,0.165,1.0,0.09,9,0.3888888888888889,0.0
CPI-23NOV,2023-10-20,53,2023-12-12,True,0.1,0.09200000000000001,0.0966229786334493,0.06,0.007999999999999993,1.0,0.0,2,0.8399999999999999,0.0
CPI-23NOV,2023-10-25,48,2023-12-12,True,0.1,0.2815,0.12209729726738426,0.6499999999999999,0.18149999999999997,1.0,0.0,3,0.49000000000000005,0.0
CPI-23NOV,2023-10-28,45,2023-12-12,True,0.1,0.261,0.08932524839036274,0.6699999999999999,0.161,1.0,0.0,2,0.5900000000000001,0.0
CPI-23NOV,2023-10-29,44,2023-12-12,True,0.1,0.351,0.3318870289722092,0.5549999999999999,0.251,1.0,0.0,3,0.6566666666666666,0.0
CPI-23NOV,2023-11-07,35,2023-12-12,True,0.1,0.15050000000000005,0.17406823374757385,0.055,0.050500000000000045,0.9999999999999999,0.0,4,0.6975,0.0
CPI-23NOV,2023-11-08,34,2023-12-12,True,0.1,0.126,0.15467385040788245,0.08000000000000002,0.025999999999999995,1.0,0.0,4,0.575,0.0
CPI-23NOV,2023-11-09,33,2023-12-12,True,0.1,0.11550000000000002,0.13457247118188773,0.08000000000000002,0.015500000000000014,1.0,0.0,3,0.71,3.0
CPI-23NOV,2023-11-12,30,2023-12-12,True,0.1,0.15400000000000003,0.17200000000000001,0.04000000000000004,0.05400000000000002,0.9999999999999999,0.0,4,0.72,0.0
CPI-23NOV,2023-11-13,29,2023-12-12,True,0.1,0.11900000000000001,0.0991917335265394,0.17500000000000004,0.019000000000000003,1.0,0.0,3,0.45333333333333337,275.0
CPI-23NOV,2023-11-14,28,2023-12-12,True,0.1,0.14500000000000002,0.18834808201837364,0.48,0.04500000000000001,1.0,0.010000000000000002,9,0.11555555555555556,5866.0
CPI-23NOV,2023-11-15,27,2023-12-12,True,0.1,0.10850000000000001,0.12914236330499762,0.51,0.008500000000000008,1.0,0.029999999999999995,9,0.060000000000000005,4551.0
CPI-23NOV,2023-11-16,26,2023-12-12,True,0.1,0.10099999999999999,0.13378714437493613,0.5,0.000999999999999987,1.0,0.0,7,0.03000000000000001,8662.0
CPI-23NOV,2023-11-17,25,2023-12-12,True,0.1,0.0885,0.08495734223714865,0.5049999999999999,0.01150000000000001,1.0,0.0,5,0.030000000000000016,11558.0
CPI-23NOV,2023-11-19,23,2023-12-12,True,0.1,0.12200000000000003,0.046000000000000006,0.8,0.02200000000000002,1.0,0.0,2,0.030000000000000002,312.0
CPI-23NOV,2023-11-20,22,2023-12-12,True,0.1,0.11800000000000001,0.1121427661510095,0.49,0.018000000000000002,1.0,0.0,4,0.030000000000000006,2806.0
CPI-23NOV,2023-11-21,21,2023-12-12,True,0.1,0.10225000000000001,0.1025057925192523,0.49999999999999994,0.002250000000000002,1.0,0.0,4,0.03750000000000002,2602.0
CPI-23NOV,2023-11-22,20,2023-12-12,True,0.1,0.08499999999999999,0.07599342076785333,0.5349999999999999,0.015000000000000013,1.0,0.0,3,0.04000000000000003,5148.0
CPI-23NOV,2023-11-23,19,2023-12-12,True,0.1,0.10225,0.0918283044600084,0.565,0.002249999999999988,1.0,0.0,3,0.036666666666666674,1550.0
CPI-23NOV,2023-11-24,18,2023-12-12,True,0.1,0.0845,0.06715467221273587,0.525,0.0155,1.0,0.0,2,0.054999999999999966,4050.0
CPI-23NOV,2023-11-26,16,2023-12-12,True,0.1,0.08300000000000002,0.06716397844082794,0.52,0.016999999999999987,1.0,0.0,2,0.039999999999999966,0.0
CPI-23NOV,2023-11-27,15,2023-12-12,True,0.1,0.07300000000000002,0.09094503834734473,0.52,0.026999999999999982,1.0,0.005000000000000001,6,0.03166666666666666,6643.0
CPI-23NOV,2023-11-28,14,2023-12-12,True,0.1,0.07300000000000001,0.08643494663618416,0.525,0.026999999999999996,1.0,0.0,5,0.03599999999999999,2866.0
CPI-23NOV,2023-11-29,13,2023-12-12,True,0.1,0.0665,0.08847457261835177,0.475,0.0335,1.0,0.0,4,0.047500000000000035,5512.0
CPI-23NOV,2023-11-30,12,2023-12-12,True,0.1,0.06150000000000001,0.09202037817787971,0.44999999999999996,0.03849999999999999,1.0,0.0,5,0.042,14681.0
CPI-23NOV,2023-12-01,11,2023-12-12,True,0.1,0.05500000000000001,0.09041570660012563,0.43500000000000005,0.045,1.0,0.0,4,0.029999999999999985,550.0
CPI-23NOV,2023-12-03,9,2023-12-12,True,0.1,0.04249999999999999,0.07378177281686854,0.5549999999999999,0.057500000000000016,1.0,0.0,3,0.02999999999999999,337.0
CPI-23NOV,2023-12-04,8,2023-12-12,True,0.1,0.05850000000000002,0.08560227800707175,0.44000000000000006,0.04149999999999999,1.0,0.0,3,0.04999999999999999,700.0
CPI-23NOV,2023-12-05,7,2023-12-12,True,0.1,0.05350000000000001,0.08595202150036961,0.4750000000000001,0.04649999999999999,1.0,0.0,4,0.032499999999999994,550.0
CPI-23NOV,2023-12-06,6,2023-12-12,True,0.1,0.06350000000000001,0.06570958834142854,0.43500000000000005,0.03649999999999999,1.0,0.0,2,0.04500000000000001,250.0
CPI-23NOV,2023-12-07,5,2023-12-12,True,0.1,0.05300000000000002,0.08118497397917919,0.43500000000000005,0.046999999999999986,1.0,0.0,3,0.04666666666666669,6.0
CPI-23NOV,2023-12-08,4,2023-12-12,True,0.1,0.05250000000000001,0.08656644846590393,0.42500000000000004,0.047499999999999994,1.0,0.0,4,0.027500000000000017,267.0
CPI-23NOV,2023-12-09,3,2023-12-12,True,0.1,0.07225000000000002,0.09188273776939823,0.525,0.027749999999999983,1.0,0.0,3,0.026666666666666686,525.0
CPI-23NOV,2023-12-10,2,2023-12-12,True,0.1,0.05850000000000002,0.09070694570979668,0.45500000000000007,0.04149999999999999,1.0,0.0,5,0.05,881.0
CPI-23NOV,2023-12-11,1,2023-12-12,True,0.1,0.055999999999999994,0.08284926070883195,0.46499999999999997,0.04400000000000001,1.0,0.0,5,0.03999999999999997,9998.0
CPI-23NOV,2023-12-12,0,2023-12-12,True,0.1,0.05850000000000001,0.102116355203268,0.47,0.041499999999999995,1.0,0.015,11,0.03272727272727272,5.0
CPI-23OCT,2023-08-12,94,2023-11-14,True,0.0,0.193,0.2363281616735509,0.55,0.193,1.0,0.004999999999999949,6,0.5716666666666667,0.0
CPI-23OCT,2023-08-16,90,2023-11-14,True,0.0,0.545,0.11608186766243901,0.85,0.545,1.0,0.0,4,0.225,0.0
CPI-23OCT,2023-08-17,89,2023-11-14,True,0.0,0.31100000000000005,0.09939315871829409,0.44499999999999995,0.31100000000000005,1.0,0.0,2,0.89,0.0
CPI-23OCT,2023-08-19,87,2023-11-14,True,0.0,0.31100000000000005,0.09939315871829409,0.44499999999999995,0.31100000000000005,1.0,0.0,2,0.89,0.0
CPI-23OCT,2023-08-20,86,2023-11-14,True,0.0,0.262,0.20434284915308387,0.585,0.262,1.0,0.0,5,0.5599999999999999,0.0
CPI-23OCT,2023-08-23,83,2023-11-14,True,0.0,0.31100000000000005,0.09939315871829409,0.44499999999999995,0.31100000000000005,1.0,0.0,2,0.89,0.0
CPI-23OCT,2023-08-29,77,2023-11-14,True,0.0,0.31100000000000005,0.09939315871829409,0.44499999999999995,0.31100000000000005,1.0,0.0,2,0.89,0.0
CPI-23OCT,2023-09-01,74,2023-11-14,True,0.0,0.11900000000000002,0.14085098508707705,0.55,0.11900000000000002,1.0,0.0,3,0.7200000000000001,0.0
CPI-23OCT,2023-09-07,68,2023-11-14,True,0.0,0.11700000000000003,0.1400392802038057,0.555,0.11700000000000003,0.9999999999999999,0.0,3,0.7066666666666667,0.0
CPI-23OCT,2023-09-12,63,2023-11-14,True,0.0,0.08150000000000002,0.09438087730043625,0.555,0.08150000000000002,0.9999999999999999,0.0,2,0.815,0.0
CPI-23OCT,2023-09-13,62,2023-11-14,True,0.0,0.265,0.08529361054615991,0.6000000000000001,0.265,1.0,0.0,2,0.54,50.0
CPI-23OCT,2023-09-21,54,2023-11-14,True,0.0,-0.02749999999999997,0.24898544134145675,0.0,0.02749999999999997,1.0,0.07999999999999996,4,0.835,0.0
CPI-23OCT,2023-09-23,52,2023-11-14,True,0.0,-0.02699999999999997,0.24853772349484493,0.0,0.02699999999999997,1.0,0.06999999999999995,3,0.8266666666666667,0.0
CPI-23OCT,2023-09-26,49,2023-11-14,True,0.0,0.2920000000000001,0.5569883302188655,0.0,0.2920000000000001,0.9999999999999999,0.009999999999999953,8,0.83375,0.0
CPI-23OCT,2023-09-27,48,2023-11-14,True,0.0,0.29550000000000004,0.09502499671139168,0.475,0.29550000000000004,1.0,0.0,2,0.835,0.0
CPI-23OCT,2023-09-30,45,2023-11-14,True,0.0,-0.189,0.09939315871829409,0.555,0.189,1.0,0.0,2,0.89,0.0
CPI-23OCT,2023-10-02,43,2023-11-14,True,0.0,0.29825,0.40414655448240555,0.27,0.29825,1.0,0.07500000000000007,10,0.4939999999999999,0.0
CPI-23OCT,2023-10-05,40,2023-11-14,True,0.0,0.23050000000000004,0.14567000377565728,0.55,0.23050000000000004,1.0,0.044999999999999984,3,0.82,0.0
CPI-23OCT,2023-10-06,39,2023-11-14,True,0.0,0.11300000000000003,0.28715152794300086,0.030000000000000027,0.11300000000000003,1.0,0.0,3,0.8533333333333334,0.0
CPI-23OCT,2023-10-07,38,2023-11-14,True,0.0,0.24900000000000005,0.24227876506206647,0.685,0.24900000000000005,1.0,0.0,8,0.165,0.0
CPI-23OCT,2023-10-10,35,2023-11-14,True,0.0,0.28450000000000003,0.09439147207242825,0.535,0.28450000000000003,1.0,0.0,2,0.725,0.0
CPI-23OCT,2023-10-12,33,2023-11-14,True,0.0,0.21300000000000005,0.1460513608289906,0.16999999999999996,0.21300000000000005,0.9999999999999999,0.0,6,0.18666666666666668,4850.0
CPI-23OCT,2023-10-13,32,2023-11-14,True,0.0,0.147,0.16152708751166164,0.1150000000000001,0.147,1.0,0.034999999999999996,8,0.12375000000000001,7211.0
CPI-23OCT,2023-10-14,31,2023-11-14,True,0.0,0.14,0.16217274740226856,0.1200000000000001,0.14,1.0,0.045000000000000005,7,0.12857142857142856,1346.0
CPI-23OCT,2023-10-15,30,2023-11-14,True,0.0,0.138,0.12432216214336042,0.10999999999999988,0.138,1.0,0.015000000000000006,6,0.08,3746.0
CPI-23OCT,2023-10-16,29,2023-11-14,True,0.0,0.15625,0.13369157602481915,0.17999999999999994,0.15625,1.0,0.035,4,0.08499999999999999,230.0
CPI-23OCT,2023-10-17,28,2023-11-14,True,0.0,0.12174999999999998,0.11764113863780817,0.17000000000000004,0.12174999999999998,1.0,0.009999999999999998,7,0.06571428571428571,5478.0
CPI-23OCT,2023-10-18,27,2023-11-14,True,0.0,0.12399999999999997,0.13499629624548964,0.135,0.12399999999999997,1.0,0.065,8,0.08875,260.0
CPI-23OCT,2023-10-19,26,2023-11-14,True,0.0,0.11150000000000002,0.14736943373712202,0.20000000000000007,0.11150000000000002,1.0,0.05499999999999999,10,0.08399999999999999,6412.0
CPI-23OCT,2023-10-20,25,2023-11-14,True,0.0,0.104,0.08296987405076618,0.19499999999999995,0.104,1.0,0.0,4,0.07000000000000003,12007.0
CPI-23OCT,2023-10-21,24,2023-11-14,True,0.0,0.11275,0.10148860773505566,0.24,0.11275,1.0,0.0,4,0.065,106.0
CPI-23OCT,2023-10-22,23,2023-11-14,True,0.0,0.1045,0.07503165998430264,0.21999999999999997,0.1045,1.0,0.0,3,0.09666666666666666,5414.0
CPI-23OCT,2023-10-23,22,2023-11-14,True,0.0,0.10149999999999999,0.0802978829110706,0.18499999999999994,0.10149999999999999,1.0,0.0,4,0.05750000000000002,626.0
CPI-23OCT,2023-10-24,21,2023-11-14,True,0.0,0.1045,0.08018572192105028,0.17499999999999993,0.1045,1.0,0.0,4,0.04250000000000002,6938.0
CPI-23OCT,2023-10-25,20,2023-11-14,True,0.0,0.10250000000000002,0.0827269605388715,0.19499999999999995,0.10250000000000002,1.0,0.0,4,0.05250000000000002,935.0
CPI-23OCT,2023-10-26,19,2023-11-14,True,0.0,0.09549999999999999,0.07700486997586582,0.17499999999999993,0.09549999999999999,1.0,0.0,4,0.037500000000000006,1928.0
CPI-23OCT,2023-10-27,18,2023-11-14,True,0.0,0.1015,0.08745141508289045,0.17499999999999993,0.1015,1.0,0.0,6,0.031666666666666676,500.0
CPI-23OCT,2023-10-29,16,2023-11-14,True,0.0,0.11850000000000001,0.1407400085263604,0.19999999999999996,0.11850000000000001,1.0,0.07,8,0.0875,396.0
CPI-23OCT,2023-10-30,15,2023-11-14,True,0.0,0.11449999999999999,0.09520898066884237,0.21500000000000008,0.11449999999999999,1.0,0.0,4,0.04999999999999999,220.0
CPI-23OCT,2023-10-31,14,2023-11-14,True,0.0,0.10875,0.10925171623365923,0.18000000000000005,0.10875,1.0,0.0,7,0.042857142857142864,311.0
CPI-23OCT,2023-11-01,13,2023-11-14,True,0.0,0.10149999999999999,0.08335316430706158,0.19000000000000006,0.10149999999999999,1.0,0.0,6,0.034999999999999996,1396.0
CPI-23OCT,2023-11-02,12,2023-11-14,True,0.0,0.1005,0.07106159300212739,0.21999999999999997,0.1005,1.0,0.0,3,0.05000000000000002,254.0
CPI-23OCT,2023-11-03,11,2023-11-14,True,0.0,0.089,0.06840321629865076,0.18999999999999995,0.089,1.0,0.0,3,0.08000000000000003,1680.0
CPI-23OCT,2023-11-04,10,2023-11-14,True,0.0,0.095,0.10500000000000002,0.20499999999999996,0.095,1.0,0.0,6,0.06666666666666668,1482.0
CPI-23OCT,2023-11-05,9,2023-11-14,True,0.0,0.088,0.06675327707311456,0.22999999999999998,0.088,1.0,0.0,3,0.09333333333333338,551.0
CPI-23OCT,2023-11-06,8,2023-11-14,True,0.0,0.0895,0.07238611745355598,0.22999999999999998,0.0895,1.0,0.0,4,0.08250000000000002,740.0
CPI-23OCT,2023-11-07,7,2023-11-14,True,0.0,0.09600000000000002,0.08534635317340747,0.22499999999999998,0.09600000000000002,1.0,0.0,6,0.06333333333333337,654.0
CPI-23OCT,2023-11-08,6,2023-11-14,True,0.0,0.09625,0.096557948921878,0.235,0.09625,1.0,0.0,6,0.06500000000000002,109.0
CPI-23OCT,2023-11-09,5,2023-11-14,True,0.0,0.09300000000000001,0.07315052973150639,0.245,0.09300000000000001,1.0,0.0,4,0.040000000000000015,971.0
CPI-23OCT,2023-11-10,4,2023-11-14,True,0.0,0.083,0.09333273809334001,0.22499999999999998,0.083,1.0,0.009999999999999998,8,0.031250000000000014,867.0
CPI-23OCT,2023-11-11,3,2023-11-14,True,0.0,0.07300000000000001,0.04869291529575941,0.22999999999999998,0.07300000000000001,1.0,0.0,2,0.050000000000000044,500.0
CPI-23OCT,2023-11-12,2,2023-11-14,True,0.0,0.07250000000000001,0.08058380730643099,0.17000000000000004,0.07250000000000001,1.0,0.0,3,0.13666666666666666,4498.0
CPI-23OCT,2023-11-13,1,2023-11-14,True,0.0,0.0965,0.11720814818091786,0.20999999999999996,0.0965,1.0,0.0,6,0.038333333333333344,5043.0
CPI-23OCT,2023-11-14,0,2023-11-14,True,0.0,0.089,0.09888882646689667,0.22999999999999998,0.089,1.0,0.009999999999999998,12,0.033333333333333354,2081.0
CPI-23SEP,2023-05-26,139,2023-10-12,True,0.4,0.36650000000000005,0.14908973807744114,0.0,0.033499999999999974,1.0,0.0,3,0.89,0.0
CPI-23SEP,2023-08-03,70,2023-10-12,True,0.4,0.2385,0.17368865823651236,0.07500000000000001,0.16150000000000003,1.0,0.0,4,0.6925,0.0
CPI-23SEP,2023-08-08,65,2023-10-12,True,0.4,0.177,0.09311820445004297,0.345,0.22300000000000003,1.0,0.0,2,0.77,0.0
CPI-23SEP,2023-08-10,63,2023-10-12,True,0.4,0.26749999999999996,0.09051933495115837,0.3,0.13250000000000006,1.0,0.0,2,0.675,500.0
CPI-23SEP,2023-08-11,62,2023-10-12,True,0.4,0.283,0.2476105813570979,0.32499999999999996,0.11700000000000005,1.0,0.0,5,0.442,100.0
CPI-23SEP,2023-08-12,61,2023-10-12,True,0.4,0.2215,0.20245431583446175,0.07500000000000001,0.17850000000000002,1.0,0.0,6,0.4383333333333333,0.0
CPI-23SEP,2023-08-14,59,2023-10-12,True,0.4,0.182,0.08930845424706443,0.325,0.21800000000000003,1.0,0.0,2,0.6200000000000001,3.0
CPI-23SEP,2023-08-15,58,2023-10-12,True,0.4,0.2955,0.26815061066497686,0.49,0.10450000000000004,1.0,0.015000000000000013,3,0.41333333333333333,12.0
CPI-23SEP,2023-08-16,57,2023-10-12,True,0.4,0.2809999999999999,0.2404974012333605,0.05,0.1190000000000001,1.0000000000000002,0.0,8,0.2975,1147.0
CPI-23SEP,2023-08-17,56,2023-10-12,True,0.4,0.1985,0.07776728103772179,0.295,0.2015,1.0,0.0,2,0.385,0.0
CPI-23SEP,2023-08-18,55,2023-10-12,True,0.4,0.04325000000000001,0.31680741389683414,0.05499999999999999,0.35675,1.0,0.0,5,0.35,0.0
CPI-23SEP,2023-08-19,54,2023-10-12,True,0.4,0.36349999999999993,0.13754181182462297,0.05000000000000002,0.03650000000000009,1.0,0.0,4,0.3075,0.0
CPI-23SEP,2023-08-20,53,2023-10-12,True,0.4,0.1825,0.3015688147007246,0.06,0.21750000000000003,1.0,0.05999999999999994,11,0.25909090909090915,40.0
CPI-23SEP,2023-08-21,52,2023-10-12,True,0.4,0.16650000000000004,0.12011556934885669,0.295,0.23349999999999999,1.0,0.04999999999999993,3,0.38999999999999996,708.0
CPI-23SEP,2023-08-23,50,2023-10-12,True,0.4,0.45350000000000007,0.12840463387276954,0.84,0.05350000000000005,1.0,0.0,4,0.2575,0.0
CPI-23SEP,2023-08-24,49,2023-10-12,True,0.4,0.255,0.15165750888103102,0.044999999999999984,0.14500000000000002,1.0,0.0,4,0.2425,500.0
CPI-23SEP,2023-08-25,48,2023-10-12,True,0.4,0.27649999999999997,0.16216581020671403,0.04500000000000001,0.12350000000000005,1.0,0.0,5,0.32199999999999995,0.0
CPI-23SEP,2023-08-26,47,2023-10-12,True,0.4,0.20850000000000002,0.08110332915485038,0.375,0.1915,1.0,0.0,2,0.485,0.0
CPI-23SEP,2023-08-29,44,2023-10-12,True,0.4,0.229,0.10935721283939162,0.20500000000000002,0.171,1.0,0.0,3,0.4533333333333333,0.0
CPI-23SEP,2023-08-30,43,2023-10-12,True,0.4,0.324,0.2580678205433603,0.2,0.07600000000000001,1.0,0.0,5,0.376,0.0
CPI-23SEP,2023-08-31,42,2023-10-12,True,0.4,0.2195,0.07854775617418999,0.425,0.18050000000000002,1.0,0.0,2,0.595,2.0
CPI-23SEP,2023-09-01,41,2023-10-12,True,0.4,0.18550000000000003,0.08508672046800253,0.235,0.2145,1.0,0.0,3,0.016666666666666597,813.0
CPI-23SEP,2023-09-03,39,2023-10-12,True,0.4,0.1915,0.07264812454564813,0.225,0.20850000000000002,1.0,0.0,2,0.054999999999999966,0.0
CPI-23SEP,2023-09-04,38,2023-10-12,True,0.4,0.192,0.08328265125462807,0.245,0.20800000000000002,1.0,0.0,3,0.03999999999999999,530.0
CPI-23SEP,2023-09-05,37,2023-10-12,True,0.4,0.233,0.10775435026020991,0.0,0.167,1.0,0.095,5,0.08599999999999998,823.0
CPI-23SEP,2023-09-06,36,2023-10-12,True,0.4,0.2255,0.09643521141160008,0.085,0.17450000000000002,1.0,0.0,4,0.037499999999999985,422.0
CPI-23SEP,2023-09-07,35,2023-10-12,True,0.4,0.224,0.09759098319004682,0.085,0.17600000000000002,1.0,0.0,4,0.03500000000000001,1040.0
CPI-23SEP,2023-09-08,34,2023-10-12,True,0.4,0.224,0.09759098319004682,0.085,0.17600000000000002,1.0,0.0,4,0.03500000000000001,16.0
CPI-23SEP,2023-09-09,33,2023-10-12,True,0.4,0.2255,0.09695230786319632,0.085,0.17450000000000002,1.0,0.0,4,0.04249999999999999,279.0
CPI-23SEP,2023-09-11,31,2023-10-12,True,0.4,0.231,0.08740137298692738,0.085,0.169,1.0,0.0,3,0.04666666666666664,200.0
CPI-23SEP,2023-09-12,30,2023-10-12,True,0.4,0.2035,0.1193220432275613,0.08000000000000002,0.19650000000000004,0.9999999999999999,0.0,7,0.03857142857142859,2875.0
CPI-23SEP,2023-09-13,29,2023-10-12,True,0.4,0.2995,0.1380208317610063,0.195,0.10050000000000003,1.0,0.3,9,0.18000000000000002,7450.0
CPI-23SEP,2023-09-14,28,2023-10-12,True,0.4,0.3455,0.16875944418017025,0.205,0.05450000000000005,1.0,0.205,6,0.18166666666666664,186.0
CPI-23SEP,2023-09-15,27,2023-10-12,True,0.4,0.2985,0.1544271672990216,0.255,0.10150000000000003,1.0,0.09500000000000008,5,0.144,3267.0
CPI-23SEP,2023-09-16,26,2023-10-12,True,0.4,0.3055,0.19344185172810974,0.23499999999999996,0.09450000000000003,1.0,0.050000000000000044,8,0.07374999999999998,802.0
CPI-23SEP,2023-09-17,25,2023-10-12,True,0.4,0.3165,0.17198183043565962,0.305,0.08350000000000002,1.0,0.040000000000000036,7,0.06142857142857141,3200.0
CPI-23SEP,2023-09-18,24,2023-10-12,True,0.4,0.16299999999999998,0.29653161720126914,0.24000000000000005,0.23700000000000004,1.0,0.24,7,0.3628571428571429,4140.0
CPI-23SEP,2023-09-19,23,2023-10-12,True,0.4,0.51075,0.3814078361806428,0.07,0.11075000000000002,1.0,0.0,5,0.304,8262.0
CPI-23SEP,2023-09-20,22,2023-10-12,True,0.4,0.043500000000000025,0.3699429009996002,0.28500000000000003,0.3565,1.0,0.19,7,0.5385714285714286,18063.0
CPI-23SEP,2023-09-21,21,2023-10-12,True,0.4,0.15150000000000002,0.34913858280058363,0.375,0.2485,1.0,0.30999999999999994,11,0.20090909090909087,12683.0
CPI-23SEP,2023-09-22,20,2023-10-12,True,0.4,0.3085,0.23553715205886314,0.45999999999999996,0.09150000000000003,1.0,0.040000000000000036,11,0.1,1293.0
CPI-23SEP,2023-09-23,19,2023-10-12,True,0.4,0.28,0.2078460969082653,0.61,0.12,1.0,0.04499999999999993,7,0.09285714285714282,1215.0
CPI-23SEP,2023-09-24,18,2023-10-12,True,0.4,0.08600000000000001,0.3649712317429964,0.38,0.314,1.0,0.3899999999999999,8,0.18375,3260.0
CPI-23SEP,2023-09-25,17,2023-10-12,True,0.4,0.2945,0.2207255082676219,0.41,0.10550000000000004,1.0,0.06000000000000005,8,0.08999999999999997,1039.0
CPI-23SEP,2023-09-26,16,2023-10-12,True,0.4,0.3255,0.18466117621200184,0.42,0.07450000000000001,1.0,0.010000000000000009,8,0.06124999999999996,4354.0
CPI-23SEP,2023-09-27,15,2023-10-12,True,0.4,0.32749999999999996,0.17830802001031812,0.41,0.07250000000000006,1.0,0.010000000000000009,8,0.05,4533.0
CPI-23SEP,2023-09-28,14,2023-10-12,True,0.4,0.3415,0.17952089014930828,0.4050000000000001,0.058499999999999996,1.0,0.0050000000000000044,10,0.05000000000000001,291.0
CPI-23SEP,2023-09-29,13,2023-10-12,True,0.4,0.15549999999999994,0.33387085826708507,0.37499999999999994,0.24450000000000008,1.0,0.405,10,0.178,2994.0
CPI-23SEP,2023-09-30,12,2023-10-12,True,0.4,0.3285,0.19426206526236664,0.415,0.07150000000000001,1.0,0.07999999999999985,10,0.10900000000000001,2729.0
CPI-23SEP,2023-10-01,11,2023-10-12,True,0.4,0.36124999999999996,0.17567281377606497,0.425,0.03875000000000006,1.0,0.0,9,0.07666666666666666,11355.0
CPI-23SEP,2023-10-02,10,2023-10-12,True,0.4,0.36474999999999996,0.13141513421215992,0.4200000000000001,0.03525000000000006,1.0,0.0050000000000000044,9,0.05111111111111111,350.0
CPI-23SEP,2023-10-03,9,2023-10-12,True,0.4,0.35700000000000004,0.1419542179718517,0.42,0.04299999999999998,1.0,0.004999999999999893,7,0.06428571428571427,2383.0
CPI-23SEP,2023-10-04,8,2023-10-12,True,0.4,0.35650000000000004,0.09673546402431737,0.375,0.04349999999999998,1.0,0.0,4,0.05749999999999998,1412.0
CPI-23SEP,2023-10-05,7,2023-10-12,True,0.4,0.34400000000000003,0.1160344776348823,0.4,0.055999999999999994,1.0,0.0,5,0.036000000000000004,1064.0
CPI-23SEP,2023-10-06,6,2023-10-12,True,0.4,0.33775,0.14330888841938594,0.375,0.06225000000000003,1.0,0.0050000000000000044,8,0.04625000000000001,4479.0
CPI-23SEP,2023-10-07,5,2023-10-12,True,0.4,0.34325000000000006,0.10243015913294289,0.785,0.05674999999999997,1.0,0.0,3,0.056666666666666664,1310.0
CPI-23SEP,2023-10-08,4,2023-10-12,True,0.4,0.34450000000000003,0.14122588289686847,0.8,0.055499999999999994,1.0,0.0,5,0.036000000000000004,212.0
CPI-23SEP,2023-10-09,3,2023-10-12,True,0.4,0.33975,0.11127640136165436,0.385,0.060250000000000026,1.0,0.0,5,0.05,3381.0
CPI-23SEP,2023-10-10,2,2023-10-12,True,0.4,0.33174999999999993,0.12259460632507453,0.33,0.06825000000000009,1.0,0.0,5,0.048,4833.0
CPI-23SEP,2023-10-11,1,2023-10-12,True,0.4,0.32750000000000007,0.11222187843731718,0.32500000000000007,0.07249999999999995,0.9999999999999999,0.029999999999999916,7,0.045714285714285714,9289.0
CPI-23SEP,2023-10-12,0,2023-10-12,True,0.4,0.33,0.1337908816025965,0.31000000000000005,0.07,1.0,0.029999999999999916,12,0.04000000000000001,3521.0
CPI-24APR,2024-03-14,62,2024-05-15,True,0.3,0.3245,0.3094345649729519,0.06999999999999995,0.024500000000000022,1.0,0.0,8,0.6812499999999999,0.0
CPI-24APR,2024-03-15,61,2024-05-15,True,0.3,0.3205,0.3118168532969313,0.06999999999999995,0.020500000000000018,1.0,0.0,8,0.6712499999999999,0.0
CPI-24APR,2024-03-16,60,2024-05-15,True,0.3,0.23575000000000002,0.18339693972364968,0.13000000000000006,0.06424999999999997,1.0,0.0,4,0.48999999999999994,0.0
CPI-24APR,2024-03-18,58,2024-05-15,True,0.3,0.262,0.2788476286433148,0.13000000000000006,0.03799999999999998,1.0,0.10500000000000001,8,0.53625,0.0
CPI-24APR,2024-03-20,56,2024-05-15,True,0.3,0.314,0.17493998971075767,0.23000000000000004,0.014000000000000012,1.0,0.0,2,0.77,0.0
CPI-24APR,2024-03-21,55,2024-05-15,True,0.3,0.285,0.29895651857753497,0.13000000000000006,0.015000000000000013,1.0,0.10500000000000004,8,0.5862499999999999,0.0
CPI-24APR,2024-03-25,51,2024-05-15,True,0.3,0.249,0.17146136591080802,0.20499999999999996,0.05099999999999999,1.0,0.0,2,0.7150000000000001,51.0
CPI-24APR,2024-03-27,49,2024-05-15,True,0.3,0.34099999999999997,0.27462519913511213,0.10999999999999999,0.04099999999999998,1.0,0.0,8,0.5800000000000001,0.0
CPI-24APR,2024-03-31,45,2024-05-15,True,0.3,0.328,0.19727138667328314,0.050000000000000044,0.028000000000000025,1.0,0.0,5,0.608,0.0
CPI-24APR,2024-04-01,44,2024-05-15,True,0.3,0.263,0.1274009419117457,0.09499999999999997,0.03699999999999998,1.0,0.0,3,0.5266666666666667,100.0
CPI-24APR,2024-04-02,43,2024-05-15,True,0.3,0.278,0.1386217876093076,0.465,0.021999999999999964,1.0,0.0,8,0.0775,181.0
CPI-24APR,2024-04-03,42,2024-05-15,True,0.3,0.28600000000000003,0.11490865937778579,0.44999999999999996,0.013999999999999957,1.0,0.0,5,0.07999999999999999,51.0
CPI-24APR,2024-04-04,41,2024-05-15,True,0.3,0.29050000000000004,0.14606419821434685,0.4750000000000001,0.009499999999999953,1.0,0.0,7,0.08571428571428573,785.0
CPI-24APR,2024-04-05,40,2024-05-15,True,0.3,0.28175000000000006,0.10224694371960463,0.615,0.018249999999999933,1.0,0.0,3,0.07000000000000002,0.0
CPI-24APR,2024-04-09,36,2024-05-15,True,0.3,0.3315,0.12271002404041816,0.41500000000000004,0.03150000000000003,1.0,0.0,8,0.04875000000000001,518.0
CPI-24APR,2024-04-10,35,2024-05-15,True,0.3,0.3990000000000001,0.12609123680890755,0.21999999999999997,0.09900000000000009,1.0,0.0050000000000000044,8,0.06125,4958.0
CPI-24APR,2024-04-11,34,2024-05-15,True,0.3,0.414,0.11749042514179614,0.21499999999999997,0.11399999999999999,1.0,0.0,7,0.03857142857142859,600.0
CPI-24APR,2024-04-12,33,2024-05-15,True,0.3,0.41550000000000004,0.11406029107450148,0.20499999999999996,0.11550000000000005,1.0,0.0,7,0.03571428571428573,5905.0
CPI-24APR,2024-04-13,32,2024-05-15,True,0.3,0.429,0.10610843510296437,0.16000000000000003,0.129,1.0,0.0,5,0.05599999999999998,5420.0
CPI-24APR,2024-04-14,31,2024-05-15,True,0.3,0.43899999999999995,0.1705256578934677,0.08999999999999986,0.13899999999999996,1.0,0.030000000000000027,8,0.1825,700.0
CPI-24APR,2024-04-15,30,2024-05-15,True,0.3,0.41950000000000004,0.11861597700141412,0.19999999999999996,0.11950000000000005,1.0,0.0,8,0.048750000000000016,25.0
CPI-24APR,2024-04-16,29,2024-05-15,True,0.3,0.41250000000000003,0.11132722039106162,0.20499999999999996,0.11250000000000004,1.0,0.0,8,0.033750000000000016,1014.0
CPI-24APR,2024-04-17,28,2024-05-15,True,0.3,0.4245,0.09354009835359381,0.16500000000000004,0.1245,1.0,0.0,5,0.04599999999999999,5965.0
CPI-24APR,2024-04-18,27,2024-05-15,True,0.3,0.41850000000000004,0.10479861640308047,0.17500000000000004,0.11850000000000005,1.0,0.0,7,0.031428571428571424,151.0
CPI-24APR,2024-04-20,25,2024-05-15,True,0.3,0.4115,0.07757415806826395,0.17499999999999993,0.11149999999999999,1.0,0.0,3,0.04999999999999999,1950.0
CPI-24APR,2024-04-21,24,2024-05-15,True,0.3,0.39949999999999997,0.09460311834183904,0.26,0.09949999999999998,1.0,0.0,5,0.03800000000000002,299.0
CPI-24APR,2024-04-22,23,2024-05-15,True,0.3,0.3815,0.10539331098319286,0.2649999999999999,0.08150000000000002,1.0,0.0,6,0.03499999999999998,7010.0
CPI-24APR,2024-04-23,22,2024-05-15,True,0.3,0.386,0.102,0.24,0.08600000000000002,1.0,0.0,5,0.03999999999999998,3438.0
CPI-24APR,2024-04-24,21,2024-05-15,True,0.3,0.385,0.10185774393731681,0.26,0.08500000000000002,1.0,0.0,6,0.03999999999999999,18297.0
CPI-24APR,2024-04-25,20,2024-05-15,True,0.3,0.388,0.09620810776644556,0.2899999999999999,0.08800000000000002,1.0,0.0,6,0.04333333333333334,4852.0
CPI-24APR,2024-04-26,19,2024-05-15,True,0.3,0.385,0.08411301920630361,0.2899999999999999,0.08500000000000002,1.0,0.0,4,0.04,1151.0
CPI-24APR,2024-04-28,17,2024-05-15,True,0.3,0.4255000000000001,0.05098774362530665,0.78,0.1255000000000001,1.0,0.0,2,0.044999999999999984,80.0
CPI-24APR,2024-04-29,16,2024-05-15,True,0.3,0.379,0.1056361680486376,0.33499999999999996,0.07900000000000001,1.0,0.0,7,0.04,1600.0
CPI-24APR,2024-04-30,15,2024-05-15,True,0.3,0.377,0.0988483687270559,0.375,0.07700000000000001,1.0,0.0,7,0.028571428571428584,5961.0
CPI-24APR,2024-05-01,14,2024-05-15,True,0.3,0.378,0.0990757286120067,0.39,0.07800000000000001,1.0,0.0,7,0.03142857142857144,504.0
CPI-24APR,2024-05-02,13,2024-05-15,True,0.3,0.3825,0.08511022265274601,0.42500000000000004,0.08250000000000002,1.0,0.0,3,0.02333333333333333,217.0
CPI-24APR,2024-05-03,12,2024-05-15,True,0.3,0.384,0.088,0.37,0.08400000000000002,1.0,0.0,4,0.04500000000000001,3495.0
CPI-24APR,2024-05-04,11,2024-05-15,True,0.3,0.384,0.08627861844049196,0.375,0.08400000000000002,1.0,0.0,4,0.040000000000000015,124.0
CPI-24APR,2024-05-05,10,2024-05-15,True,0.3,0.38399999999999995,0.07644605941446557,0.385,0.08399999999999996,1.0,0.0,2,0.04000000000000001,2.0
CPI-24APR,2024-05-06,9,2024-05-15,True,0.3,0.38500000000000006,0.08760707733967617,0.37,0.08500000000000008,1.0,0.0,5,0.032000000000000015,1720.0
CPI-24APR,2024-05-07,8,2024-05-15,True,0.3,0.3705,0.09684910944350496,0.34999999999999987,0.07050000000000001,1.0,0.0,5,0.062,14106.0
CPI-24APR,2024-05-08,7,2024-05-15,True,0.3,0.3745,0.0888805378021533,0.345,0.07450000000000001,1.0,0.0,3,0.08333333333333331,793.0
CPI-24APR,2024-05-09,6,2024-05-15,True,0.3,0.371,0.08401785524517988,0.36,0.07100000000000001,1.0,0.0,3,0.05333333333333332,2665.0
CPI-24APR,2024-05-10,5,2024-05-15,True,0.3,0.3755,0.09823314104720464,0.33499999999999996,0.07550000000000001,1.0,0.0,5,0.057999999999999996,3383.0
CPI-24APR,2024-05-11,4,2024-05-15,True,0.3,0.384,0.08333066662399863,0.41000000000000003,0.08400000000000002,1.0,0.0,3,0.04666666666666668,604.0
CPI-24APR,2024-05-12,3,2024-05-15,True,0.3,0.377,0.0968039255402383,0.3500000000000001,0.07700000000000001,1.0,0.0,5,0.048,290.0
CPI-24APR,2024-05-13,2,2024-05-15,True,0.3,0.37350000000000005,0.08454436705067936,0.3600000000000001,0.07350000000000007,1.0,0.0,3,0.04999999999999998,1252.0
CPI-24APR,2024-05-14,1,2024-05-15,True,0.3,0.374,0.11235657524150511,0.33000000000000007,0.07400000000000001,1.0,0.0,7,0.04857142857142859,20844.0
CPI-24APR,2024-05-15,0,2024-05-15,True,0.3,0.377,0.11345042970390197,0.31000000000000005,0.07700000000000001,1.0,0.0,8,0.037500000000000006,1899.0
CPI-24AUG,2024-07-20,53,2024-09-11,True,0.2,0.2,0.14142135623730953,0.5,0.0,1.0,0.0,2,0.5,0.0
CPI-24AUG,2024-08-01,41,2024-09-11,True,0.2,0.121,0.10797684937059426,0.575,0.07900000000000001,1.0,0.0,3,0.5066666666666667,0.0
CPI-24AUG,2024-08-12,30,2024-09-11,True,0.2,0.19250000000000003,0.13926144477205452,0.44999999999999996,0.007499999999999979,1.0,0.0,8,0.08625,1100.0
CPI-24AUG,2024-08-13,29,2024-09-11,True,0.2,0.13750000000000004,0.09871043511199817,0.23500000000000001,0.06249999999999997,1.0,0.0,3,0.5033333333333333,0.0
CPI-24AUG,2024-08-14,28,2024-09-11,True,0.2,0.18550000000000003,0.1527735251933397,0.47000000000000003,0.014499999999999985,1.0,0.0,8,0.13374999999999998,1200.0
CPI-24AUG,2024-08-16,26,2024-09-11,True,0.2,0.18350000000000005,0.14134266871684573,0.455,0.01649999999999996,1.0,0.0,8,0.10874999999999999,0.0
CPI-24AUG,2024-08-17,25,2024-09-11,True,0.2,0.19225,0.12550871483685902,0.565,0.007750000000000007,1.0,0.0,5,0.10599999999999996,0.0
CPI-24AUG,2024-08-19,23,2024-09-11,True,0.2,0.17900000000000005,0.12790230646864817,0.435,0.020999999999999963,1.0,0.0,8,0.07500000000000001,422.0
CPI-24AUG,2024-08-20,22,2024-09-11,True,0.2,0.18650000000000003,0.13934758699023103,0.7,0.013499999999999984,1.0,0.0,5,0.06000000000000001,22.0
CPI-24AUG,2024-08-21,21,2024-09-11,True,0.2,0.18150000000000002,0.07421421696683192,0.415,0.01849999999999999,1.0,0.0,2,0.09500000000000003,0.0
CPI-24AUG,2024-08-22,20,2024-09-11,True,0.2,0.183,0.07355949972641197,0.43,0.017000000000000015,1.0,0.0,2,0.11000000000000004,20.0
CPI-24AUG,2024-08-25,17,2024-09-11,True,0.2,0.23500000000000001,0.09473647660748208,0.88,0.035,1.0,0.0,4,0.04749999999999999,124.0
CPI-24AUG,2024-08-26,16,2024-09-11,True,0.2,0.16650000000000004,0.07907433211858324,0.71,0.033499999999999974,1.0,0.0,2,0.09999999999999998,271.0
CPI-24AUG,2024-08-27,15,2024-09-11,True,0.2,0.17250000000000004,0.10951598056904754,0.43,0.02749999999999997,1.0,0.0,7,0.05000000000000001,3.0
CPI-24AUG,2024-08-28,14,2024-09-11,True,0.2,0.17800000000000002,0.0686731388535576,0.48,0.021999999999999992,1.0,0.0,2,0.05000000000000003,300.0
CPI-24AUG,2024-08-29,13,2024-09-11,True,0.2,0.17100000000000004,0.11687172455303294,0.44000000000000006,0.02899999999999997,1.0,0.0,8,0.06500000000000002,5889.0
CPI-24AUG,2024-08-30,12,2024-09-11,True,0.2,0.1655,0.10129042402912529,0.4,0.0345,1.0,0.0,5,0.098,301.0
CPI-24AUG,2024-08-31,11,2024-09-11,True,0.2,0.17175,0.11309039525972132,0.43499999999999994,0.028249999999999997,1.0,0.0,7,0.061428571428571443,4.0
CPI-24AUG,2024-09-02,9,2024-09-11,True,0.2,0.17600000000000002,0.07227724399837061,0.42000000000000004,0.023999999999999994,1.0,0.0,2,0.11000000000000001,72.0
CPI-24AUG,2024-09-03,8,2024-09-11,True,0.2,0.14600000000000002,0.09738583059151881,0.18000000000000002,0.05399999999999999,1.0,0.0,4,0.20500000000000002,270.0
CPI-24AUG,2024-09-04,7,2024-09-11,True,0.2,0.16149999999999998,0.09522473418182904,0.33499999999999996,0.038500000000000034,1.0,0.0,4,0.12249999999999998,240.0
CPI-24AUG,2024-09-05,6,2024-09-11,True,0.2,0.17350000000000004,0.09406247923587811,0.43500000000000005,0.026499999999999968,1.0,0.0,4,0.07749999999999999,1148.0
CPI-24AUG,2024-09-06,5,2024-09-11,True,0.2,0.15800000000000003,0.1291743008496659,0.405,0.04199999999999998,1.0,0.0,6,0.06333333333333334,799.0
CPI-24AUG,2024-09-07,4,2024-09-11,True,0.2,0.17550000000000002,0.07176175861836165,0.42500000000000004,0.024499999999999994,1.0,0.0,2,0.11500000000000002,92.0
CPI-24AUG,2024-09-08,3,2024-09-11,True,0.2,0.16400000000000003,0.12300000000000001,0.42000000000000004,0.035999999999999976,1.0,0.0,4,0.07,94.0
CPI-24AUG,2024-09-09,2,2024-09-11,True,0.2,0.16400000000000003,0.09275774900244184,0.43000000000000005,0.035999999999999976,1.0,0.0,5,0.031999999999999994,1766.0
CPI-24AUG,2024-09-10,1,2024-09-11,True,0.2,0.1685,0.09928620246539799,0.505,0.0315,1.0,0.0,7,0.03857142857142859,7194.0
CPI-24AUG,2024-09-11,0,2024-09-11,True,0.2,0.1705,0.10334287590347,0.555,0.0295,1.0,0.0,8,0.06874999999999999,875.0
CPI-24FEB,2024-01-18,54,2024-03-12,True,0.4,0.28,0.2843413441622586,0.30000000000000004,0.12,1.0,0.0,4,0.7,0.0
CPI-24FEB,2024-02-09,32,2024-03-12,True,0.4,0.28600000000000003,0.22782449385437029,0.17500000000000002,0.11399999999999999,1.0,0.0,8,0.46249999999999997,0.0
CPI-24FEB,2024-02-10,31,2024-03-12,True,0.4,0.284,0.18826576959181932,0.23000000000000004,0.11600000000000005,1.0,0.0,6,0.47000000000000003,0.0
CPI-24FEB,2024-02-12,29,2024-03-12,True,0.4,0.32500000000000007,0.13105342422081157,0.30500000000000005,0.07499999999999996,1.0,0.0,8,0.04749999999999998,100.0
CPI-24FEB,2024-02-13,28,2024-03-12,True,0.4,0.22899999999999998,0.2774148518014131,0.37999999999999995,0.17100000000000004,1.0,0.365,8,0.1825,5837.0
CPI-24FEB,2024-02-14,27,2024-03-12,True,0.4,0.378,0.16708081876744554,0.4,0.02200000000000002,1.0,0.09999999999999999,8,0.08625000000000001,3251.0
CPI-24FEB,2024-02-15,26,2024-03-12,True,0.4,0.2525,0.2971426425136588,0.23500000000000001,0.14750000000000002,0.9999999999999999,0.37,7,0.2342857142857143,2648.0
CPI-24FEB,2024-02-16,25,2024-03-12,True,0.4,0.25249999999999995,0.2929057015491504,0.24,0.14750000000000008,1.0,0.3500000000000001,6,0.21500000000000005,484.0
CPI-24FEB,2024-02-19,22,2024-03-12,True,0.4,0.3984999999999999,0.13359547148013665,0.42999999999999994,0.0015000000000001124,1.0,0.0,5,0.057999999999999996,110.0
CPI-24FEB,2024-02-20,21,2024-03-12,True,0.4,0.42549999999999993,0.1077021355405732,0.44499999999999995,0.02549999999999991,1.0,0.19,6,0.1416666666666667,0.0
CPI-24FEB,2024-02-23,18,2024-03-12,True,0.4,0.41474999999999995,0.13093867839565207,0.46499999999999997,0.01474999999999993,1.0,0.035,7,0.07285714285714286,768.0
CPI-24FEB,2024-02-24,17,2024-03-12,True,0.4,0.29350000000000004,0.03328287848128526,0.96,0.10649999999999998,1.0,0.0,2,0.065,0.0
CPI-24FEB,2024-02-25,16,2024-03-12,True,0.4,0.42975,0.07747539932133296,0.7150000000000001,0.02975,1.0,0.0,2,0.08499999999999999,145.0
CPI-24FEB,2024-02-26,15,2024-03-12,True,0.4,0.42425,0.11683080715290811,0.43000000000000005,0.024249999999999994,1.0,0.0,6,0.065,29.0
CPI-24FEB,2024-02-27,14,2024-03-12,True,0.4,0.43199999999999994,0.10037928073063684,0.44000000000000006,0.03199999999999992,1.0,0.0,4,0.06999999999999998,5.0
CPI-24FEB,2024-02-28,13,2024-03-12,True,0.4,0.42050000000000004,0.11545453650679997,0.42999999999999994,0.020500000000000018,1.0,0.0,8,0.046250000000000006,1832.0
CPI-24FEB,2024-02-29,12,2024-03-12,True,0.4,0.46249999999999997,0.13836094102021715,0.2450000000000001,0.062499999999999944,1.0,0.0,8,0.15125000000000002,5389.0
CPI-24FEB,2024-03-01,11,2024-03-12,True,0.4,0.458,0.12180311982868094,0.30999999999999983,0.057999999999999996,1.0,0.0,8,0.0675,3620.0
CPI-24FEB,2024-03-02,10,2024-03-12,True,0.4,0.463,0.08444524853418339,0.30999999999999983,0.063,1.0,0.0,3,0.08666666666666666,27.0
CPI-24FEB,2024-03-04,8,2024-03-12,True,0.4,0.45699999999999996,0.1151129879726871,0.28,0.05699999999999994,1.0,0.0,6,0.07833333333333335,114.0
CPI-24FEB,2024-03-05,7,2024-03-12,True,0.4,0.4555,0.12111874338846158,0.2899999999999998,0.055499999999999994,1.0,0.0,8,0.07125000000000001,176.0
CPI-24FEB,2024-03-06,6,2024-03-12,True,0.4,0.45999999999999996,0.12165525060596442,0.27,0.05999999999999994,1.0,0.0,8,0.06250000000000004,261.0
CPI-24FEB,2024-03-07,5,2024-03-12,True,0.4,0.45949999999999996,0.08665881374678518,0.2849999999999999,0.05949999999999994,1.0,0.0,4,0.08250000000000002,587.0
CPI-24FEB,2024-03-08,4,2024-03-12,True,0.4,0.4495,0.11532454205415257,0.2799999999999999,0.04949999999999999,1.0,0.0,7,0.05571428571428575,1199.0
CPI-24FEB,2024-03-09,3,2024-03-12,True,0.4,0.46149999999999997,0.08347304954295129,0.30000000000000004,0.061499999999999944,1.0,0.0,4,0.0675,650.0
CPI-24FEB,2024-03-11,1,2024-03-12,True,0.4,0.45199999999999996,0.12716524682475164,0.30499999999999994,0.051999999999999935,1.0,0.0050000000000000044,10,0.06000000000000001,18518.0
CPI-24FEB,2024-03-12,0,2024-03-12,True,0.4,0.457,0.09247161726713772,0.345,0.056999999999999995,1.0,0.0,6,0.049999999999999996,2700.0
CPI-24JAN,2024-01-02,42,2024-02-13,True,0.3,0.15625,0.17153261351708018,0.15500000000000003,0.14375,1.0,0.0,4,0.1725,0.0
CPI-24JAN,2024-01-05,39,2024-02-13,True,0.3,0.101,0.10049378090210359,0.4,0.19899999999999998,1.0,0.0,3,0.08000000000000002,48.0
CPI-24JAN,2024-01-08,36,2024-02-13,True,0.3,0.0925,0.10580051984749414,0.38,0.2075,1.0,0.0,3,0.10999999999999999,123.0
CPI-24JAN,2024-01-10,34,2024-02-13,True,0.3,0.09399999999999999,0.10278132126023679,0.37,0.20600000000000002,1.0,0.0,3,0.04,0.0
CPI-24JAN,2024-01-11,33,2024-02-13,True,0.3,0.10650000000000001,0.12044812161258471,0.04,0.19349999999999998,1.0,0.0,6,0.04833333333333333,375.0
CPI-24JAN,2024-01-12,32,2024-02-13,True,0.3,0.122,0.12089665007765933,0.03500000000000001,0.178,0.9999999999999999,0.0,5,0.08399999999999999,8015.0
CPI-24JAN,2024-01-13,31,2024-02-13,True,0.3,0.12900000000000003,0.10889903580840372,0.075,0.17099999999999996,1.0,0.0,5,0.10800000000000001,340.0
CPI-24JAN,2024-01-14,30,2024-02-13,True,0.3,0.11250000000000002,0.14385322380815802,0.060000000000000005,0.18749999999999997,1.0,0.02499999999999991,6,0.09333333333333332,11.0
CPI-24JAN,2024-01-15,29,2024-02-13,True,0.3,0.125,0.09096702699330128,0.115,0.175,1.0,0.0,3,0.05999999999999999,141.0
CPI-24JAN,2024-01-16,28,2024-02-13,True,0.3,0.1285,0.07237230133137953,0.025,0.17149999999999999,1.0,0.0,3,0.06333333333333335,143.0
CPI-24JAN,2024-01-17,27,2024-02-13,True,0.3,0.1115,0.11321550247205549,0.0,0.1885,1.0,0.0050000000000000044,6,0.07333333333333332,1620.0
CPI-24JAN,2024-01-18,26,2024-02-13,True,0.3,0.12350000000000003,0.09272405297440357,0.025,0.17649999999999996,1.0,0.0,5,0.05800000000000001,1813.0
CPI-24JAN,2024-01-20,24,2024-02-13,True,0.3,0.13725,0.0556770823589024,0.030000000000000002,0.16274999999999998,1.0,0.0,2,0.045000000000000026,40.0
CPI-24JAN,2024-01-21,23,2024-02-13,True,0.3,-0.030000000000000006,0.07141428428542851,0.85,0.33,1.0,0.025000000000000022,2,0.275,0.0
CPI-24JAN,2024-01-23,21,2024-02-13,True,0.3,0.11100000000000002,0.09989494481704268,0.41000000000000003,0.18899999999999997,1.0,0.040000000000000036,3,0.13333333333333336,0.0
CPI-24JAN,2024-01-24,20,2024-02-13,True,0.3,0.1365,0.056504424605512096,0.030000000000000002,0.16349999999999998,1.0,0.0,2,0.04000000000000002,75.0
CPI-24JAN,2024-01-25,19,2024-02-13,True,0.3,0.136,0.07213875518748573,0.030000000000000002,0.16399999999999998,1.0,0.0,3,0.026666666666666682,0.0
CPI-24JAN,2024-01-26,18,2024-02-13,True,0.3,0.14800000000000002,0.05653317610041028,0.035,0.15199999999999997,1.0,0.0,2,0.020000000000000004,0.0
CPI-24JAN,2024-01-28,16,2024-02-13,True,0.3,0.14350000000000002,0.07653593927038461,0.055,0.15649999999999997,1.0,0.0,3,0.043333333333333356,2.0
CPI-24JAN,2024-01-29,15,2024-02-13,True,0.3,0.1275,0.18301297768191196,0.4,0.1725,1.0,0.14500000000000002,5,0.20400000000000001,41.0
CPI-24JAN,2024-01-30,14,2024-02-13,True,0.3,0.0985,0.148484847711812,0.0,0.20149999999999998,1.0,0.09999999999999999,5,0.18600000000000003,0.0
CPI-24JAN,2024-01-31,13,2024-02-13,True,0.3,0.14550000000000002,0.07266188822209343,0.045,0.15449999999999997,1.0,0.0,3,0.04333333333333336,0.0
CPI-24JAN,2024-02-01,12,2024-02-13,True,0.3,0.1285,0.12384567008983399,0.065,0.17149999999999999,1.0,0.06999999999999995,5,0.08400000000000002,278.0
CPI-24JAN,2024-02-02,11,2024-02-13,True,0.3,0.149,0.07745321168292507,0.075,0.151,1.0,0.0,3,0.0466666666666667,706.0
CPI-24JAN,2024-02-04,9,2024-02-13,True,0.3,0.10200000000000004,0.15619218930535547,0.0,0.19799999999999995,1.0,0.015000000000000013,4,0.115,855.0
CPI-24JAN,2024-02-05,8,2024-02-13,True,0.3,0.16050000000000003,0.09481429217159194,0.005000000000000005,0.13949999999999996,0.9999999999999999,0.0,4,0.06749999999999999,100.0
CPI-24JAN,2024-02-06,7,2024-02-13,True,0.3,0.19024999999999997,0.10448654219563397,0.5249999999999999,0.10975000000000001,1.0,0.0,3,0.08,0.0
CPI-24JAN,2024-02-07,6,2024-02-13,True,0.3,0.161,0.09475758544834287,0.0,0.13899999999999998,1.0,0.009999999999999995,4,0.060000000000000005,3512.0
CPI-24JAN,2024-02-08,5,2024-02-13,True,0.3,0.15050000000000002,0.12237136102863286,0.020000000000000004,0.14949999999999997,1.0,0.0,5,0.06399999999999999,550.0
CPI-24JAN,2024-02-09,4,2024-02-13,True,0.3,0.144,0.09414881836751857,0.005000000000000001,0.156,1.0,0.0050000000000000044,6,0.055000000000000014,7455.0
CPI-24JAN,2024-02-10,3,2024-02-13,True,0.3,0.1555,0.05540532465386337,0.030000000000000002,0.1445,1.0,0.0,2,0.075,286.0
CPI-24JAN,2024-02-12,1,2024-02-13,True,0.3,0.16349999999999998,0.08841804114545855,0.05,0.1365,1.0,0.0,6,0.044999999999999984,6261.0
CPI-24JAN,2024-02-13,0,2024-02-13,True,0.3,0.1695,0.07822883100238685,0.04000000000000001,0.13049999999999998,1.0,0.0,6,0.035,4417.0
CPI-24JUL,2024-07-10,35,2024-08-14,True,0.2,0.2195,0.11819369695546375,0.55,0.01949999999999999,1.0,0.0,8,0.07375,0.0
CPI-24JUL,2024-07-11,34,2024-08-14,True,0.2,0.21700000000000003,0.11274307074051158,0.54,0.017000000000000015,1.0,0.0,8,0.057499999999999996,100.0
CPI-24JUL,2024-07-12,33,2024-08-14,True,0.2,0.185,0.09937303457175897,0.3649999999999999,0.015000000000000013,1.0,0.0,4,0.12499999999999999,1400.0
CPI-24JUL,2024-07-16,29,2024-08-14,True,0.2,0.1545,0.06913573605596457,0.6599999999999999,0.04550000000000001,1.0,0.0,2,0.22499999999999998,1157.0
CPI-24JUL,2024-07-17,28,2024-08-14,True,0.2,0.17174999999999999,0.15965411833084672,0.43999999999999995,0.028250000000000025,1.0,0.0,6,0.11500000000000003,12.0
CPI-24JUL,2024-07-18,27,2024-08-14,True,0.2,0.1695,0.14324716402079307,0.44000000000000006,0.0305,1.0,0.0,8,0.07125,2271.0
CPI-24JUL,2024-07-19,26,2024-08-14,True,0.2,0.16849999999999998,0.1380498098513721,0.42999999999999994,0.03150000000000003,1.0,0.0,6,0.07666666666666665,1453.0
CPI-24JUL,2024-07-20,25,2024-08-14,True,0.2,0.15800000000000003,0.09505787710652917,0.43000000000000005,0.04199999999999998,1.0,0.0,3,0.09999999999999999,202.0
CPI-24JUL,2024-07-22,23,2024-08-14,True,0.2,0.15150000000000002,0.10391222257270799,0.44500000000000006,0.04849999999999999,1.0,0.0,4,0.10249999999999998,40.0
CPI-24JUL,2024-07-23,22,2024-08-14,True,0.2,0.16150000000000003,0.12754509006621934,0.45500000000000007,0.03849999999999998,1.0,0.0,8,0.06874999999999999,18.0
CPI-24JUL,2024-07-24,21,2024-08-14,True,0.2,0.1685,0.07847133234500357,0.525,0.0315,1.0,0.0,3,0.09666666666666666,2440.0
CPI-24JUL,2024-07-25,20,2024-08-14,True,0.2,0.1685,0.07847133234500357,0.525,0.0315,1.0,0.0,3,0.09666666666666666,147.0
CPI-24JUL,2024-07-26,19,2024-08-14,True,0.2,0.15150000000000002,0.06362193018134549,0.8200000000000001,0.04849999999999999,1.0,0.0,2,0.059999999999999984,0.0
CPI-24JUL,2024-07-27,18,2024-08-14,True,0.2,0.16699999999999998,0.08006872048434396,0.5199999999999999,0.03300000000000003,1.0,0.0,3,0.08666666666666666,0.0
CPI-24JUL,2024-07-29,16,2024-08-14,True,0.2,0.15850000000000003,0.08079449238654823,0.4600000000000001,0.04149999999999998,1.0,0.0,3,0.10333333333333332,4452.0
CPI-24JUL,2024-07-30,15,2024-08-14,True,0.2,0.14750000000000002,0.08120190884455858,0.41000000000000003,0.05249999999999999,1.0,0.0,3,0.09000000000000004,55.0
CPI-24JUL,2024-07-31,14,2024-08-14,True,0.2,0.155,0.09578622030334011,0.3949999999999999,0.04500000000000001,1.0,0.0,4,0.05999999999999999,2046.0
CPI-24JUL,2024-08-01,13,2024-08-14,True,0.2,0.15800000000000003,0.10552724766618335,0.41500000000000004,0.04199999999999998,1.0,0.0,6,0.053333333333333344,2600.0
CPI-24JUL,2024-08-03,11,2024-08-14,True,0.2,0.15000000000000002,0.07842193570679062,0.78,0.04999999999999999,1.0,0.0,3,0.0466666666666667,0.0
CPI-24JUL,2024-08-05,9,2024-08-14,True,0.2,0.15900000000000003,0.08257723657279893,0.45000000000000007,0.04099999999999998,1.0,0.0,3,0.05333333333333334,1833.0
CPI-24JUL,2024-08-06,8,2024-08-14,True,0.2,0.17100000000000004,0.11083320801997928,0.44000000000000006,0.02899999999999997,1.0,0.0,5,0.057999999999999996,2141.0
CPI-24JUL,2024-08-07,7,2024-08-14,True,0.2,0.16300000000000003,0.10691585476438936,0.45000000000000007,0.03699999999999998,1.0,0.0,6,0.05999999999999999,710.0
CPI-24JUL,2024-08-08,6,2024-08-14,True,0.2,0.17200000000000001,0.10205880657738459,0.485,0.027999999999999997,1.0,0.0,7,0.031428571428571424,5262.0
CPI-24JUL,2024-08-09,5,2024-08-14,True,0.2,0.168,0.08170679286326199,0.485,0.032,1.0,0.0,3,0.026666666666666682,467.0
CPI-24JUL,2024-08-10,4,2024-08-14,True,0.2,0.17450000000000002,0.09327245038059201,0.5,0.025499999999999995,1.0,0.0,6,0.02833333333333334,1600.0
CPI-24JUL,2024-08-11,3,2024-08-14,True,0.2,0.193,0.09192932067626737,0.64,0.007000000000000006,1.0,0.0,3,0.033333333333333354,1210.0
CPI-24JUL,2024-08-12,2,2024-08-14,True,0.2,0.17400000000000002,0.09393614852653902,0.49,0.025999999999999995,1.0,0.0,6,0.030000000000000016,2868.0
CPI-24JUL,2024-08-13,1,2024-08-14,True,0.2,0.17400000000000004,0.09013323471394999,0.4900000000000001,0.025999999999999968,0.9999999999999999,0.0,5,0.036000000000000004,1269.0
CPI-24JUL,2024-08-14,0,2024-08-14,True,0.2,0.16699999999999998,0.09597395480024776,0.45999999999999996,0.03300000000000003,1.0,0.005,8,0.032500000000000015,2251.0
CPI-24JUN,2024-05-22,50,2024-07-11,True,-0.1,0.12050000000000001,0.11588679821273863,0.16999999999999993,0.22050000000000003,1.0,0.0,3,0.5299999999999999,0.0
CPI-24JUN,2024-05-23,49,2024-07-11,True,-0.1,0.17600000000000002,0.12257242756835653,0.25,0.276,1.0,0.0,3,0.6733333333333333,0.0
CPI-24JUN,2024-05-24,48,2024-07-11,True,-0.1,0.17600000000000002,0.12257242756835653,0.25,0.276,1.0,0.0,3,0.6733333333333333,0.0
CPI-24JUN,2024-05-28,44,2024-07-11,True,-0.1,0.129,0.10843892290132728,0.31000000000000005,0.229,1.0,0.0,3,0.36000000000000004,0.0
CPI-24JUN,2024-05-30,42,2024-07-11,True,-0.1,0.14600000000000002,0.14101063789657858,0.32499999999999996,0.24600000000000002,1.0,0.0,4,0.405,0.0
CPI-24JUN,2024-06-05,36,2024-07-11,True,-0.1,0.1935,0.25081417424061186,0.56,0.2935,1.0,0.025000000000000022,7,0.5085714285714286,10.0
CPI-24JUN,2024-06-12,29,2024-07-11,True,-0.1,0.07050000000000001,0.1402845322906271,0.15999999999999992,0.1705,1.0,0.0,8,0.06375,7083.0
CPI-24JUN,2024-06-13,28,2024-07-11,True,-0.1,0.03950000000000001,0.07409284715814342,0.15500000000000003,0.1395,1.0,0.0,2,0.10499999999999998,100.0
CPI-24JUN,2024-06-16,25,2024-07-11,True,-0.1,0.04050000000000001,0.07422769025101078,0.15500000000000003,0.1405,1.0,0.0,2,0.09499999999999997,23.0
CPI-24JUN,2024-06-17,24,2024-07-11,True,-0.1,0.059000000000000004,0.10108906963663283,0.16500000000000004,0.159,1.0,0.0,4,0.095,323.0
CPI-24JUN,2024-06-18,23,2024-07-11,True,-0.1,0.0405,0.07622171606569876,0.16999999999999993,0.1405,1.0,0.0,2,0.10499999999999998,55.0
CPI-24JUN,2024-06-20,21,2024-07-11,True,-0.1,0.08399999999999999,0.14540976583434828,0.14500000000000002,0.184,1.0,0.0,6,0.06499999999999999,0.0
CPI-24JUN,2024-06-21,20,2024-07-11,True,-0.1,0.08575,0.14303649009955466,0.15999999999999992,0.18575000000000003,1.0,0.0,7,0.06999999999999999,1755.0
CPI-24JUN,2024-06-22,19,2024-07-11,True,-0.1,0.069,0.07168681887209112,0.45999999999999996,0.169,1.0,0.0,2,0.07999999999999999,20.0
CPI-24JUN,2024-06-23,18,2024-07-11,True,-0.1,0.059500000000000004,0.09170468908403756,0.1499999999999999,0.1595,1.0,0.0,3,0.08999999999999998,520.0
CPI-24JUN,2024-06-24,17,2024-07-11,True,-0.1,0.04400000000000002,0.0739188744503053,0.1499999999999999,0.14400000000000002,1.0,0.0,2,0.08999999999999997,78.0
CPI-24JUN,2024-06-25,16,2024-07-11,True,-0.1,0.05700000000000002,0.11511298797268707,0.16999999999999993,0.15700000000000003,1.0,0.0,6,0.09666666666666668,2700.0
CPI-24JUN,2024-06-26,15,2024-07-11,True,-0.1,0.05950000000000001,0.11920465594933782,0.16500000000000004,0.15950000000000003,1.0,0.0,6,0.10833333333333335,1200.0
CPI-24JUN,2024-06-27,14,2024-07-11,True,-0.1,0.06350000000000001,0.13310803882560962,0.16500000000000004,0.16350000000000003,1.0,0.0,5,0.11800000000000002,2052.0
CPI-24JUN,2024-06-28,13,2024-07-11,True,-0.1,0.057999999999999996,0.12702755606560334,0.17500000000000004,0.158,1.0,0.0,7,0.07142857142857142,0.0
CPI-24JUN,2024-06-30,11,2024-07-11,True,-0.1,0.04325000000000001,0.08119074762557615,0.16999999999999993,0.14325000000000002,1.0,0.0,2,0.08499999999999999,0.0
CPI-24JUN,2024-07-01,10,2024-07-11,True,-0.1,0.07100000000000001,0.13137351331223507,0.17500000000000004,0.171,1.0,0.0,5,0.06200000000000001,0.0
CPI-24JUN,2024-07-02,9,2024-07-11,True,-0.1,0.0605,0.14173831521504693,0.18500000000000005,0.1605,1.0,0.0,6,0.08,100.0
CPI-24JUN,2024-07-03,8,2024-07-11,True,-0.1,0.06,0.1388344337691482,0.17500000000000004,0.16,1.0,0.0,7,0.06285714285714285,500.0
CPI-24JUN,2024-07-04,7,2024-07-11,True,-0.1,0.09425000000000001,0.14223022709677433,0.47,0.19425000000000003,1.0,0.0,4,0.05500000000000001,0.0
CPI-24JUN,2024-07-05,6,2024-07-11,True,-0.1,0.06700000000000002,0.13905394636614957,0.16999999999999993,0.16700000000000004,1.0,0.0,6,0.060000000000000005,1720.0
CPI-24JUN,2024-07-06,5,2024-07-11,True,-0.1,0.06075000000000002,0.12998822062017773,0.16999999999999993,0.16075000000000003,1.0,0.0,7,0.054285714285714284,141.0
CPI-24JUN,2024-07-07,4,2024-07-11,True,-0.1,0.06150000000000001,0.06758513150094479,0.495,0.16150000000000003,1.0,0.0,2,0.02500000000000001,6.0
CPI-24JUN,2024-07-08,3,2024-07-11,True,-0.1,0.04249999999999999,0.10508924778491852,0.18500000000000005,0.1425,1.0,0.0,6,0.04833333333333333,5586.0
CPI-24JUN,2024-07-09,2,2024-07-11,True,-0.1,0.04150000000000001,0.09658027748976496,0.15999999999999992,0.14150000000000001,1.0,0.0,5,0.062,1260.0
CPI-24JUN,2024-07-10,1,2024-07-11,True,-0.1,0.04875,0.11016323116176287,0.135,0.14875,1.0,0.0,6,0.04166666666666668,3134.0
CPI-24JUN,2024-07-11,0,2024-07-11,True,-0.1,0.0465,0.10386409389197021,0.135,0.14650000000000002,1.0,0.0,8,0.03375000000000001,144.0
CPI-24MAR,2024-02-14,56,2024-04-10,True,0.4,0.3385,0.15513784193419733,0.08999999999999997,0.0615,1.0,0.0,4,0.6174999999999999,0.0
CPI-24MAR,2024-02-26,44,2024-04-10,True,0.4,0.20700000000000002,0.22594468349576186,0.08999999999999997,0.193,1.0,0.0,6,0.5733333333333334,10.0
CPI-24MAR,2024-02-27,43,2024-04-10,True,0.4,0.26249999999999996,0.2265915929596683,0.04999999999999999,0.13750000000000007,1.0,0.0,6,0.5983333333333334,39.0
CPI-24MAR,2024-02-28,42,2024-04-10,True,0.4,0.26249999999999996,0.2265915929596683,0.04999999999999999,0.13750000000000007,1.0,0.0,6,0.5983333333333334,7.0
CPI-24MAR,2024-03-02,39,2024-04-10,True,0.4,0.201,0.22582958176465723,0.11000000000000001,0.199,1.0,0.0,7,0.5114285714285715,0.0
CPI-24MAR,2024-03-04,37,2024-04-10,True,0.4,0.22225,0.20029337857253293,0.11000000000000001,0.17775000000000002,1.0,0.0,6,0.445,20.0
CPI-24MAR,2024-03-05,36,2024-04-10,True,0.4,0.213,0.2283221408449036,0.11000000000000001,0.18700000000000003,1.0,0.0,7,0.48857142857142855,29.0
CPI-24MAR,2024-03-06,35,2024-04-10,True,0.4,0.2035,0.2223460141311285,0.014999999999999986,0.19650000000000004,1.0,0.0,7,0.4614285714285714,109.0
CPI-24MAR,2024-03-07,34,2024-04-10,True,0.4,0.214,0.22891919971902752,0.12000000000000002,0.18600000000000003,1.0,0.0,7,0.4857142857142857,137.0
CPI-24MAR,2024-03-08,33,2024-04-10,True,0.4,0.16475000000000004,0.18532387191077138,0.0,0.23525,0.9999999999999999,0.010000000000000009,6,0.2533333333333333,832.0
CPI-24MAR,2024-03-09,32,2024-04-10,True,0.4,0.17875,0.09713875385241463,0.08499999999999999,0.22125000000000003,1.0,0.0,2,0.505,0.0
CPI-24MAR,2024-03-11,30,2024-04-10,True,0.4,0.23299999999999998,0.09636389365317281,0.0,0.16700000000000004,1.0,0.009999999999999995,5,0.14,4481.0
CPI-24MAR,2024-03-12,29,2024-04-10,True,0.4,0.237,0.09965440281292143,0.0050000000000000044,0.16300000000000003,1.0,0.025000000000000022,7,0.0642857142857143,933.0
CPI-24MAR,2024-03-13,28,2024-04-10,True,0.4,0.237,0.09915139938498094,0.0050000000000000044,0.16300000000000003,1.0,0.0,7,0.07142857142857142,4.0
CPI-24MAR,2024-03-14,27,2024-04-10,True,0.4,0.251,0.06264183905346331,0.035,0.14900000000000002,1.0,0.0,3,0.04999999999999999,0.0
CPI-24MAR,2024-03-15,26,2024-04-10,True,0.4,0.252,0.11660188677718727,0.125,0.14800000000000002,1.0,0.010000000000000002,7,0.16,1900.0
CPI-24MAR,2024-03-16,25,2024-04-10,True,0.4,0.25949999999999995,0.0854970759733922,0.15,0.14050000000000007,1.0,0.0,3,0.24333333333333332,0.0
CPI-24MAR,2024-03-18,23,2024-04-10,True,0.4,0.26199999999999996,0.11469960767151735,0.13,0.13800000000000007,1.0,0.010000000000000002,7,0.1285714285714286,29.0
CPI-24MAR,2024-03-19,22,2024-04-10,True,0.4,0.294,0.1037496987947435,0.205,0.10600000000000004,1.0,0.0,7,0.04285714285714287,3186.0
CPI-24MAR,2024-03-20,21,2024-04-10,True,0.4,0.29850000000000004,0.1060554100458812,0.23500000000000001,0.10149999999999998,1.0,0.0,7,0.0642857142857143,3829.0
CPI-24MAR,2024-03-21,20,2024-04-10,True,0.4,0.279,0.08977193325310533,0.16,0.121,1.0,0.0,4,0.14499999999999996,14061.0
CPI-24MAR,2024-03-22,19,2024-04-10,True,0.4,0.2685,0.09621720220417969,0.17,0.1315,1.0,0.0,4,0.12249999999999998,1440.0
CPI-24MAR,2024-03-25,16,2024-04-10,True,0.4,0.2695,0.09121266359448121,0.19000000000000003,0.1305,1.0,0.0,4,0.14750000000000002,0.0
CPI-24MAR,2024-03-26,15,2024-04-10,True,0.4,0.23750000000000004,0.061997983838186235,0.44999999999999996,0.16249999999999998,1.0,0.0,2,0.15499999999999994,200.0
CPI-24MAR,2024-03-27,14,2024-04-10,True,0.4,0.2665,0.08847457261835177,0.09,0.1335,1.0,0.0,5,0.049999999999999975,1141.0
CPI-24MAR,2024-03-28,13,2024-04-10,True,0.4,0.2685,0.06525143676579083,0.105,0.1315,1.0,0.0,2,0.03499999999999996,1176.0
CPI-24MAR,2024-03-29,12,2024-04-10,True,0.4,0.23450000000000001,0.1255378429000594,0.09,0.1655,1.0,0.0,5,0.048,793.0
CPI-24MAR,2024-03-30,11,2024-04-10,True,0.4,0.3145,0.04171031047594827,0.095,0.08550000000000002,1.0,0.0,2,0.035,352.0
CPI-24MAR,2024-03-31,10,2024-04-10,True,0.4,0.2705,0.07987333722838928,0.095,0.1295,1.0,0.0,4,0.062499999999999986,295.0
CPI-24MAR,2024-04-01,9,2024-04-10,True,0.4,0.27049999999999996,0.08414125028783444,0.1,0.12950000000000006,1.0,0.0,4,0.057499999999999975,278.0
CPI-24MAR,2024-04-02,8,2024-04-10,True,0.4,0.274,0.08440379138403675,0.12000000000000002,0.126,1.0,0.0,4,0.05,175.0
CPI-24MAR,2024-04-03,7,2024-04-10,True,0.4,0.2765,0.07872578992934907,0.085,0.1235,1.0,0.0,5,0.029999999999999992,4796.0
CPI-24MAR,2024-04-04,6,2024-04-10,True,0.4,0.27849999999999997,0.07340129426651822,0.09,0.12150000000000005,1.0,0.0,4,0.03249999999999999,6877.0
CPI-24MAR,2024-04-05,5,2024-04-10,True,0.4,0.282,0.07467261881037787,0.06999999999999999,0.11800000000000005,1.0,0.0,4,0.03000000000000002,7391.0
CPI-24MAR,2024-04-06,4,2024-04-10,True,0.4,0.284,0.06514598989960932,0.08499999999999999,0.11600000000000005,1.0,0.0,3,0.026666666666666672,429.0
CPI-24MAR,2024-04-07,3,2024-04-10,True,0.4,0.2815,0.0608912965866223,0.11,0.11850000000000005,1.0,0.0,2,0.015,2000.0
CPI-24MAR,2024-04-08,2,2024-04-10,True,0.4,0.28049999999999997,0.0704964538115216,0.095,0.11950000000000005,1.0,0.0,4,0.02250000000000001,9172.0
CPI-24MAR,2024-04-09,1,2024-04-10,True,0.4,0.2885,0.08073258326103532,0.12000000000000002,0.11150000000000004,1.0,0.0,6,0.028333333333333353,16555.0
CPI-24MAR,2024-04-10,0,2024-04-10,True,0.4,0.291,0.08954886933959581,0.11499999999999999,0.10900000000000004,1.0,0.0,7,0.0342857142857143,3894.0
CPI-24MAY,2024-04-12,61,2024-06-12,True,0.0,0.27575,0.2888328885359145,0.07499999999999996,0.27575,1.0,0.0,7,0.5842857142857143,0.0
CPI-24MAY,2024-04-19,54,2024-06-12,True,0.0,0.40249999999999997,0.09921567416492216,0.48,0.40249999999999997,1.0,0.0,2,0.7949999999999999,0.0
CPI-24MAY,2024-04-22,51,2024-06-12,True,0.0,0.24750000000000003,0.12447389284504602,0.375,0.24750000000000003,1.0,0.0,3,0.6833333333333335,800.0
CPI-24MAY,2024-04-23,50,2024-06-12,True,0.0,0.24625000000000002,0.26967283418987537,0.04999999999999993,0.24625000000000002,1.0,0.14499999999999996,6,0.6716666666666667,0.0
CPI-24MAY,2024-04-25,48,2024-06-12,True,0.0,0.2885,0.0819618813839702,0.4,0.2885,1.0,0.0,2,0.615,0.0
CPI-24MAY,2024-05-01,42,2024-06-12,True,0.0,0.2405,0.11878446868172624,0.375,0.2405,1.0,0.0,3,0.6499999999999999,0.0
CPI-24MAY,2024-05-02,41,2024-06-12,True,0.0,0.196,0.25146371507635057,0.07499999999999996,0.196,1.0,0.0,5,0.648,0.0
CPI-24MAY,2024-05-03,40,2024-06-12,True,0.0,0.20350000000000001,0.10694741698610584,0.395,0.20350000000000001,1.0,0.0,3,0.4033333333333333,0.0
CPI-24MAY,2024-05-05,38,2024-06-12,True,0.0,0.23450000000000001,0.07252413391416682,0.8049999999999999,0.23450000000000001,1.0,0.0,2,0.345,0.0
CPI-24MAY,2024-05-06,37,2024-06-12,True,0.0,0.14899999999999997,0.22315689547939135,0.04999999999999993,0.14899999999999997,1.0,0.195,7,0.5214285714285714,0.0
CPI-24MAY,2024-05-07,36,2024-06-12,True,0.0,0.12600000000000003,0.22521989254948152,0.45000000000000007,0.12600000000000003,1.0,0.195,5,0.45600000000000007,0.0
CPI-24MAY,2024-05-10,33,2024-06-12,True,0.0,0.23750000000000004,0.07171994143890527,0.765,0.23750000000000004,1.0,0.0,2,0.265,0.0
CPI-24MAY,2024-05-13,30,2024-06-12,True,0.0,0.07450000000000001,0.13638090042230988,0.040000000000000036,0.07450000000000001,1.0,0.0,3,0.7366666666666667,0.0
CPI-24MAY,2024-05-14,29,2024-06-12,True,0.0,0.218,0.12990765951243985,0.020000000000000018,0.218,1.0,0.0,8,0.06999999999999999,120.0
CPI-24MAY,2024-05-15,28,2024-06-12,True,0.0,0.155,0.13665650368716445,0.15500000000000003,0.155,1.0,0.0,8,0.06999999999999999,14488.0
CPI-24MAY,2024-05-16,27,2024-06-12,True,0.0,0.1445,0.12794432382876544,0.14500000000000002,0.1445,1.0,0.0,8,0.048749999999999995,4830.0
CPI-24MAY,2024-05-17,26,2024-06-12,True,0.0,0.15474999999999997,0.13671114621712455,0.13,0.15474999999999997,1.0,0.0,7,0.048571428571428585,3210.0
CPI-24MAY,2024-05-18,25,2024-06-12,True,0.0,0.133,0.07355949972641196,0.16000000000000003,0.133,1.0,0.0,2,0.030000000000000027,0.0
CPI-24MAY,2024-05-19,24,2024-06-12,True,0.0,0.15100000000000002,0.10629675441893793,0.16000000000000003,0.15100000000000002,1.0,0.0,5,0.044000000000000004,1342.0
CPI-24MAY,2024-05-21,22,2024-06-12,True,0.0,0.13000000000000003,0.11445523142259596,0.19500000000000006,0.13000000000000003,1.0,0.0,6,0.05333333333333332,8338.0
CPI-24MAY,2024-05-22,21,2024-06-12,True,0.0,0.146,0.1326046756340062,0.16999999999999993,0.146,1.0,0.0049999999999999975,8,0.049999999999999996,9385.0
CPI-24MAY,2024-05-23,20,2024-06-12,True,0.0,0.14000000000000004,0.09096702699330125,0.19999999999999996,0.14000000000000004,1.0,0.0,3,0.04999999999999998,11.0
CPI-24MAY,2024-05-24,19,2024-06-12,True,0.0,0.14925,0.1365171692498786,0.16999999999999993,0.14925,1.0,0.0,7,0.04857142857142858,1113.0
CPI-24MAY,2024-05-25,18,2024-06-12,True,0.0,0.14200000000000002,0.0934665715643834,0.19500000000000006,0.14200000000000002,1.0,0.0,3,0.03333333333333332,1170.0
CPI-24MAY,2024-05-26,17,2024-06-12,True,0.0,0.14325000000000004,0.09078511717236476,0.18999999999999995,0.14325000000000004,1.0,0.0,3,0.043333333333333314,0.0
CPI-24MAY,2024-05-27,16,2024-06-12,True,0.0,0.14400000000000002,0.10753604047016052,0.15999999999999992,0.14400000000000002,1.0,0.0,5,0.044000000000000004,2119.0
CPI-24MAY,2024-05-28,15,2024-06-12,True,0.0,0.15949999999999998,0.10867267365810046,0.18500000000000005,0.15949999999999998,1.0,0.0,3,0.043333333333333314,2130.0
CPI-24MAY,2024-05-29,14,2024-06-12,True,0.0,0.1395,0.13816566143582854,0.18500000000000005,0.1395,1.0,0.0,8,0.05124999999999999,9874.0
CPI-24MAY,2024-05-30,13,2024-06-12,True,0.0,0.1495,0.13582985680622653,0.18999999999999995,0.1495,1.0,0.0,7,0.05,1553.0
CPI-24MAY,2024-05-31,12,2024-06-12,True,0.0,0.133,0.10154309429990796,0.22499999999999998,0.133,1.0,0.0,4,0.04000000000000001,4014.0
CPI-24MAY,2024-06-01,11,2024-06-12,True,0.0,0.11900000000000002,0.07706490770772388,0.21999999999999997,0.11900000000000002,1.0,0.0,2,0.04000000000000001,0.0
CPI-24MAY,2024-06-02,10,2024-06-12,True,0.0,0.07550000000000001,0.04743152959793728,0.20499999999999996,0.07550000000000001,1.0,0.0,2,0.04500000000000004,59.0
CPI-24MAY,2024-06-03,9,2024-06-12,True,0.0,0.14700000000000002,0.12526372180324197,0.20999999999999996,0.14700000000000002,1.0,0.0,7,0.048571428571428564,19702.0
CPI-24MAY,2024-06-04,8,2024-06-12,True,0.0,0.112,0.12983065893693987,0.30000000000000004,0.112,1.0,0.0049999999999999975,8,0.05124999999999999,43456.0
CPI-24MAY,2024-06-05,7,2024-06-12,True,0.0,0.10600000000000001,0.10518555033843766,0.29499999999999993,0.10600000000000001,1.0,0.0,6,0.03999999999999999,1512.0
CPI-24MAY,2024-06-06,6,2024-06-12,True,0.0,0.10650000000000003,0.09169378386782827,0.3100000000000001,0.10650000000000003,0.9999999999999999,0.0,3,0.02999999999999996,0.0
CPI-24MAY,2024-06-07,5,2024-06-12,True,0.0,0.10300000000000001,0.09945350672550465,0.33999999999999997,0.10300000000000001,1.0,0.0,4,0.04000000000000002,23943.0
CPI-24MAY,2024-06-08,4,2024-06-12,True,0.0,0.10325000000000002,0.11413561013110676,0.31499999999999995,0.10325000000000002,1.0,0.0,7,0.030000000000000016,339.0
CPI-24MAY,2024-06-09,3,2024-06-12,True,0.0,0.10350000000000002,0.10458369853853898,0.3,0.10350000000000002,0.9999999999999999,0.015,6,0.026666666666666672,554.0
CPI-24MAY,2024-06-10,2,2024-06-12,True,0.0,0.108,0.12262136844775466,0.29500000000000004,0.108,1.0,0.009999999999999998,7,0.03714285714285713,14507.0
CPI-24MAY,2024-06-11,1,2024-06-12,True,0.0,0.11699999999999999,0.13157127346043285,0.24,0.11699999999999999,1.0,0.0,8,0.045000000000000005,11052.0
CPI-24MAY,2024-06-12,0,2024-06-12,True,0.0,0.11449999999999999,0.1313002284841881,0.25,0.11449999999999999,1.0,0.0,8,0.04875,887.0
CPI-24OCT,2024-09-25,49,2024-11-13,True,0.2,0.129,0.1056361680486376,0.625,0.07100000000000001,1.0,0.0,3,0.47333333333333333,0.0
CPI-24OCT,2024-10-09,35,2024-11-13,True,0.2,0.14250000000000002,0.18478027492132382,0.22000000000000003,0.057499999999999996,0.9999999999999999,0.0,8,0.19874999999999998,0.0
CPI-24OCT,2024-10-10,34,2024-11-13,True,0.2,0.22999999999999998,0.13711309200802088,0.6549999999999999,0.02999999999999997,1.0,0.0,5,0.21400000000000002,1200.0
CPI-24OCT,2024-10-11,33,2024-11-13,True,0.2,0.24750000000000003,0.16013666038730795,0.11499999999999999,0.047500000000000014,1.0,0.0,6,0.30000000000000004,0.0
CPI-24OCT,2024-10-12,32,2024-11-13,True,0.2,0.22350000000000003,0.08998749913182387,0.135,0.02350000000000002,1.0,0.0,2,0.725,0.0
CPI-24OCT,2024-10-15,29,2024-11-13,True,0.2,0.18300000000000002,0.06863672486358889,0.5,0.016999999999999987,1.0,0.0,2,0.36,0.0
CPI-24OCT,2024-10-17,27,2024-11-13,True,0.2,0.242,0.16922174801130024,0.36999999999999994,0.04199999999999998,1.0,0.0,8,0.135,6737.0
CPI-24OCT,2024-10-18,26,2024-11-13,True,0.2,0.23149999999999998,0.09358285099311733,0.3999999999999999,0.03149999999999997,1.0,0.0,3,0.2166666666666667,1.0
CPI-24OCT,2024-10-21,23,2024-11-13,True,0.2,0.26050000000000006,0.1367104604629799,0.36999999999999994,0.060500000000000054,1.0,0.0,5,0.374,0.0
CPI-24OCT,2024-10-22,22,2024-11-13,True,0.2,0.2705,0.11610232555810414,0.36999999999999994,0.07050000000000001,1.0,0.0,3,0.5566666666666666,5.0
CPI-24OCT,2024-10-23,21,2024-11-13,True,0.2,0.23000000000000004,0.07348469228349536,0.36999999999999994,0.030000000000000027,1.0,0.0,2,0.46,0.0
CPI-24OCT,2024-10-24,20,2024-11-13,True,0.2,0.25950000000000006,0.1378758499520492,0.35000000000000003,0.05950000000000005,1.0,0.0,5,0.358,302.0
CPI-24OCT,2024-10-25,19,2024-11-13,True,0.2,0.23000000000000004,0.07348469228349536,0.36999999999999994,0.030000000000000027,1.0,0.0,2,0.44,0.0
CPI-24OCT,2024-10-26,18,2024-11-13,True,0.2,0.23000000000000004,0.07348469228349536,0.36999999999999994,0.030000000000000027,1.0,0.0,2,0.44,0.0
CPI-24OCT,2024-10-27,17,2024-11-13,True,0.2,0.2705,0.11610232555810414,0.36999999999999994,0.07050000000000001,1.0,0.0,3,0.5499999999999999,0.0
CPI-24OCT,2024-10-28,16,2024-11-13,True,0.2,0.2705,0.11610232555810414,0.36999999999999994,0.07050000000000001,1.0,0.0,3,0.5499999999999999,0.0
CPI-24OCT,2024-10-29,15,2024-11-13,True,0.2,0.2705,0.11610232555810414,0.36999999999999994,0.07050000000000001,1.0,0.0,3,0.5499999999999999,0.0
CPI-24OCT,2024-10-30,14,2024-11-13,True,0.2,0.2695,0.1162744597923379,0.37999999999999995,0.0695,1.0,0.0,3,0.5566666666666666,0.0
CPI-24OCT,2024-10-31,13,2024-11-13,True,0.2,0.269,0.11678612931337352,0.37499999999999994,0.069,1.0,0.0,3,0.5533333333333333,0.0
CPI-24OCT,2024-11-01,12,2024-11-13,True,0.2,0.269,0.11678612931337352,0.37499999999999994,0.069,1.0,0.0,3,0.5533333333333333,0.0
CPI-24OCT,2024-11-02,11,2024-11-13,True,0.2,0.269,0.11678612931337352,0.37499999999999994,0.069,1.0,0.0,3,0.5533333333333333,0.0
CPI-24OCT,2024-11-03,10,2024-11-13,True,0.2,0.25450000000000006,0.1423191835277311,0.37499999999999994,0.05450000000000005,1.0,0.0,4,0.435,8.0
CPI-24OCT,2024-11-04,9,2024-11-13,True,0.2,0.269,0.11678612931337352,0.37499999999999994,0.069,1.0,0.0,3,0.5533333333333333,0.0
CPI-24OCT,2024-11-05,8,2024-11-13,True,0.2,0.2695,0.1162744597923379,0.37999999999999995,0.0695,1.0,0.0,3,0.5766666666666667,0.0
CPI-24OCT,2024-11-08,5,2024-11-13,True,0.2,0.17850000000000002,0.051843514541358035,0.835,0.02149999999999999,1.0,0.0,2,0.16499999999999998,8.0
CPI-24OCT,2024-11-09,4,2024-11-13,True,0.2,0.46099999999999997,0.22644866968034943,0.39999999999999997,0.26099999999999995,1.0,0.010000000000000009,3,0.6633333333333334,0.0
CPI-24OCT,2024-11-10,3,2024-11-13,True,0.2,0.40299999999999997,0.2455422570556848,0.43999999999999995,0.20299999999999996,1.0,0.019999999999999962,3,0.6033333333333334,0.0
CPI-24OCT,2024-11-11,2,2024-11-13,True,0.2,0.325,0.15321553446044558,0.43999999999999995,0.125,1.0,0.0,3,0.33,0.0
CPI-24OCT,2024-11-12,1,2024-11-13,True,0.2,0.23450000000000001,0.11295906338138607,0.55,0.0345,1.0,0.0,7,0.09285714285714285,44.0
CPI-24OCT,2024-11-13,0,2024-11-13,True,0.2,0.34299999999999997,0.13838713813068035,0.83,0.14299999999999996,1.0,0.0,4,0.10999999999999999,2098.0
CPI-24SEP,2024-08-18,53,2024-10-10,True,0.2,0.1915,0.12279148993313829,0.10000000000000003,0.008500000000000008,1.0,0.0,3,0.59,0.0
CPI-24SEP,2024-08-19,52,2024-10-10,True,0.2,0.1875,0.11955647201218343,0.09500000000000003,0.012500000000000011,1.0,0.0,3,0.5633333333333334,0.0
CPI-24SEP,2024-09-04,36,2024-10-10,True,0.2,0.1805,0.11255998400852765,0.14500000000000002,0.019500000000000017,1.0,0.0,3,0.49,0.0
CPI-24SEP,2024-09-09,31,2024-10-10,True,0.2,0.18625,0.1166123385409966,0.21500000000000002,0.013750000000000012,1.0,0.0,2,0.5549999999999999,0.0
CPI-24SEP,2024-09-10,30,2024-10-10,True,0.2,0.0745,0.20024921972382312,0.034999999999999996,0.1255,1.0000000000000002,0.0,8,0.19624999999999998,3400.0
CPI-24SEP,2024-09-11,29,2024-10-10,True,0.2,0.068,0.17853851125177445,0.04999999999999999,0.132,1.0,0.0,8,0.115,81.0
CPI-24SEP,2024-09-12,28,2024-10-10,True,0.2,0.07250000000000001,0.10437312872574052,0.05500000000000001,0.1275,1.0,0.0,4,0.1175,845.0
CPI-24SEP,2024-09-13,27,2024-10-10,True,0.2,0.0665,0.1429256799878874,0.055,0.1335,1.0,0.0,8,0.09375,1672.0
CPI-24SEP,2024-09-14,26,2024-10-10,True,0.2,0.05400000000000001,0.09789790600416334,0.055,0.146,1.0,0.0,4,0.14500000000000002,128.0
CPI-24SEP,2024-09-15,25,2024-10-10,True,0.2,0.0755,0.09772282230881384,0.7899999999999999,0.12450000000000001,1.0,0.0,3,0.06333333333333331,0.0
CPI-24SEP,2024-09-16,24,2024-10-10,True,0.2,0.11999999999999998,0.10954451150103323,0.5399999999999999,0.08000000000000003,1.0,0.0,2,0.18,0.0
CPI-24SEP,2024-09-18,22,2024-10-10,True,0.2,0.12200000000000001,0.09651942809610922,0.06,0.078,1.0,0.0,4,0.045,12.0
CPI-24SEP,2024-09-19,21,2024-10-10,True,0.2,0.084,0.07578918128598566,0.85,0.116,1.0,0.0,2,0.12999999999999998,1360.0
CPI-24SEP,2024-09-20,20,2024-10-10,True,0.2,0.07725,0.10096998316331443,0.049999999999999996,0.12275000000000001,1.0,0.0,4,0.1225,229.0
CPI-24SEP,2024-09-21,19,2024-10-10,True,0.2,0.17750000000000002,0.1079062092745362,0.865,0.022499999999999992,1.0,0.0,2,0.11499999999999998,0.0
CPI-24SEP,2024-09-22,18,2024-10-10,True,0.2,0.06575000000000002,0.11331124171943399,0.060000000000000005,0.13424999999999998,1.0,0.0,3,0.09333333333333331,0.0
CPI-24SEP,2024-09-23,17,2024-10-10,True,0.2,0.05050000000000001,0.10343959590021609,0.065,0.1495,1.0,0.0,5,0.22200000000000003,1520.0
CPI-24SEP,2024-09-24,16,2024-10-10,True,0.2,0.2005,0.3188255792749383,0.0,0.0005000000000000004,1.0,0.16499999999999998,4,0.5449999999999999,810.0
CPI-24SEP,2024-09-25,15,2024-10-10,True,0.2,0.0815,0.13895232995527637,0.13499999999999998,0.11850000000000001,1.0,0.0,8,0.06625,1034.0
CPI-24SEP,2024-09-26,14,2024-10-10,True,0.2,0.081,0.12047406359876801,0.155,0.11900000000000001,1.0,0.005000000000000001,7,0.04714285714285714,0.0
CPI-24SEP,2024-09-27,13,2024-10-10,True,0.2,0.058500000000000024,0.07827994634643025,0.11,0.1415,1.0,0.0,3,0.09666666666666664,2511.0
CPI-24SEP,2024-09-30,10,2024-10-10,True,0.2,0.08149999999999999,0.09438087730043626,0.5199999999999999,0.11850000000000002,1.0,0.0,3,0.06666666666666664,0.0
CPI-24SEP,2024-10-01,9,2024-10-10,True,0.2,0.065,0.08874119674649426,0.09,0.135,1.0,0.0,4,0.06999999999999998,0.0
CPI-24SEP,2024-10-02,8,2024-10-10,True,0.2,0.05950000000000002,0.08068302175798822,0.13,0.14049999999999999,1.0,0.0,3,0.07666666666666665,1595.0
CPI-24SEP,2024-10-03,7,2024-10-10,True,0.2,0.08175000000000002,0.11491056304796352,0.155,0.11825,1.0,0.0,6,0.04999999999999998,4606.0
CPI-24SEP,2024-10-05,5,2024-10-10,True,0.2,0.08150000000000002,0.08190085469639496,0.155,0.1185,1.0,0.0,3,0.05666666666666665,659.0
CPI-24SEP,2024-10-06,4,2024-10-10,True,0.2,0.07325000000000001,0.08600545040868049,0.165,0.12675,1.0,0.0,4,0.044999999999999984,9.0
CPI-24SEP,2024-10-07,3,2024-10-10,True,0.2,0.085,0.10618380290797651,0.165,0.115,1.0,0.005000000000000001,7,0.039999999999999994,781.0
CPI-24SEP,2024-10-08,2,2024-10-10,True,0.2,0.14900000000000002,0.1536196602001189,0.395,0.05099999999999999,1.0,0.0,6,0.14833333333333334,7484.0
CPI-24SEP,2024-10-09,1,2024-10-10,True,0.2,0.0965,0.11107542482475591,0.16,0.10350000000000001,1.0,0.0,8,0.026249999999999996,3632.0
CPI-24SEP,2024-10-10,0,2024-10-10,True,0.2,0.09599999999999997,0.10947145746723207,0.16999999999999998,0.10400000000000004,1.0,0.004999999999999999,8,0.02874999999999998,651.0
KXCPI-24DEC,2024-12-11,35,2025-01-15,True,0.4,0.364,0.08064738061462384,0.74,0.03600000000000003,1.0,0.0,5,0.040000000000000036,2050.0
KXCPI-24DEC,2024-12-12,34,2025-01-15,True,0.4,0.44399999999999995,0.09624967532412773,0.72,0.04399999999999993,1.0,0.0,2,0.27,0.0
KXCPI-24DEC,2024-12-13,33,2025-01-15,True,0.4,0.4065,0.1248308856012806,0.395,0.00649999999999995,1.0,0.0,6,0.04666666666666667,0.0
KXCPI-24DEC,2024-12-18,28,2025-01-15,True,0.4,0.265,0.14924811556599302,0.55,0.135,1.0,0.4149999999999999,3,0.47000000000000003,0.0
KXCPI-24DEC,2024-12-19,27,2025-01-15,True,0.4,0.432,0.10897706180660224,0.44500000000000006,0.03199999999999997,1.0,0.0,7,0.04000000000000002,134.0
KXCPI-24DEC,2024-12-20,26,2025-01-15,True,0.4,0.436,0.08309031231136396,0.43500000000000005,0.035999999999999976,1.0,0.0,4,0.05500000000000002,1707.0
KXCPI-24DEC,2024-12-21,25,2025-01-15,True,0.4,0.43700000000000006,0.07701298591796063,0.43500000000000005,0.03700000000000003,1.0,0.0,3,0.06000000000000002,247.0
KXCPI-24DEC,2024-12-23,23,2025-01-15,True,0.4,0.38849999999999996,0.10448803759282686,0.0,0.011500000000000066,1.0,0.014999999999999958,3,0.5666666666666668,1344.0
KXCPI-24DEC,2024-12-24,22,2025-01-15,True,0.4,0.34175,0.1689509914146703,0.0050000000000000044,0.058250000000000024,1.0,0.0,3,0.6866666666666666,0.0
KXCPI-24DEC,2024-12-25,21,2025-01-15,True,0.4,0.353,0.15871672879693557,0.06,0.04700000000000004,1.0,0.17000000000000004,4,0.5349999999999999,0.0
KXCPI-24DEC,2024-12-26,20,2025-01-15,True,0.4,0.268,0.32245309736456246,0.09500000000000008,0.132,1.0,0.30499999999999994,6,0.685,0.0
KXCPI-24DEC,2024-12-27,19,2025-01-15,True,0.4,0.406,0.1125344391730816,0.4800000000000001,0.006000000000000005,1.0,0.0,7,0.04285714285714285,0.0
KXCPI-24DEC,2024-12-28,18,2025-01-15,True,0.4,0.38325000000000004,0.1091189144924014,0.52,0.016749999999999987,1.0,0.0,6,0.040000000000000015,2746.0
KXCPI-24DEC,2024-12-29,17,2025-01-15,True,0.4,0.357,0.09566085928947118,0.725,0.04300000000000004,1.0,0.0,5,0.04800000000000002,327.0
KXCPI-24DEC,2024-12-31,15,2025-01-15,True,0.4,0.324,0.26985922255872596,0.14500000000000002,0.07600000000000001,1.0,0.20999999999999996,7,0.48857142857142855,1594.0
KXCPI-24DEC,2025-01-01,14,2025-01-15,True,0.4,0.38749999999999996,0.12121777922400659,0.45999999999999996,0.012500000000000067,1.0,0.0,7,0.052857142857142866,467.0
KXCPI-24DEC,2025-01-03,12,2025-01-15,True,0.4,0.38050000000000006,0.12214642851921623,0.45999999999999996,0.019499999999999962,1.0,0.0,6,0.05333333333333332,879.0
KXCPI-24DEC,2025-01-05,10,2025-01-15,True,0.4,0.3785,0.105298385552676,0.47500000000000003,0.02150000000000002,1.0,0.0050000000000000044,6,0.07,171.0
KXCPI-24DEC,2025-01-06,9,2025-01-15,True,0.4,0.36100000000000004,0.12105370708904375,0.44000000000000006,0.03899999999999998,1.0,0.0,6,0.06500000000000002,1106.0
KXCPI-24DEC,2025-01-07,8,2025-01-15,True,0.4,0.37850000000000006,0.09048618679113402,0.465,0.021499999999999964,1.0,0.0,4,0.0825,1011.0
KXCPI-24DEC,2025-01-08,7,2025-01-15,True,0.4,0.38249999999999995,0.11065147988165366,0.4499999999999999,0.01750000000000007,1.0,0.0,6,0.07166666666666667,1903.0
KXCPI-24DEC,2025-01-09,6,2025-01-15,True,0.4,0.382,0.11948221624995078,0.45499999999999996,0.018000000000000016,1.0,0.0,7,0.06571428571428573,404.0
KXCPI-24DEC,2025-01-10,5,2025-01-15,True,0.4,0.37825,0.11220266262437804,0.47,0.021750000000000047,1.0,0.0,4,0.07,1610.0
KXCPI-24DEC,2025-01-11,4,2025-01-15,True,0.4,0.38825,0.1044003711679226,0.5,0.011750000000000038,1.0,0.0,5,0.06200000000000001,33.0
KXCPI-24DEC,2025-01-12,3,2025-01-15,True,0.4,0.395,0.08411301920630362,0.53,0.0050000000000000044,1.0,0.0,4,0.04500000000000002,80.0
KXCPI-24DEC,2025-01-13,2,2025-01-15,True,0.4,0.38849999999999996,0.10685387218065616,0.51,0.011500000000000066,1.0,0.0,7,0.03571428571428574,2464.0
KXCPI-24DEC,2025-01-14,1,2025-01-15,True,0.4,0.37599999999999995,0.10781465577554847,0.585,0.024000000000000077,1.0,0.0,7,0.0485714285714286,9410.0
KXCPI-24DEC,2025-01-15,0,2025-01-15,True,0.4,0.3675,0.1053268721647045,0.605,0.03250000000000003,1.0,0.0,7,0.05,1721.0
KXCPI-24NOV,2024-10-24,48,2024-12-11,True,0.3,0.14550000000000002,0.1751563587198592,0.09000000000000002,0.15449999999999997,1.0,0.0,8,0.10875000000000001,102.0
KXCPI-24NOV,2024-10-25,47,2024-12-11,True,0.3,0.1255,0.12609421081080607,0.15,0.1745,1.0,0.0,4,0.12750000000000003,20.0
KXCPI-24NOV,2024-10-27,45,2024-12-11,True,0.3,0.16800000000000004,0.0719444229944198,0.15000000000000002,0.13199999999999995,1.0,0.0,2,0.11999999999999998,16.0
KXCPI-24NOV,2024-10-28,44,2024-12-11,True,0.3,0.10500000000000001,0.11169153951844338,0.5,0.19499999999999998,1.0,0.0,3,0.16,12.0
KXCPI-24NOV,2024-10-29,43,2024-12-11,True,0.3,0.1275,0.09807522622966518,0.15,0.1725,1.0,0.0,2,0.14,45.0
KXCPI-24NOV,2024-10-30,42,2024-12-11,True,0.3,0.135,0.10618380290797652,0.15000000000000002,0.16499999999999998,1.0,0.0,3,0.15333333333333332,40.0
KXCPI-24NOV,2024-10-31,41,2024-12-11,True,0.3,0.1615,0.16452279477324716,0.09,0.13849999999999998,1.0,0.0,7,0.10714285714285712,69.0
KXCPI-24NOV,2024-11-01,40,2024-12-11,True,0.3,0.12,0.08717797887081348,0.5,0.18,1.0,0.0,2,0.16,90.0
KXCPI-24NOV,2024-11-02,39,2024-12-11,True,0.3,0.10700000000000001,0.10932062934323054,0.5,0.19299999999999998,1.0,0.0,3,0.13333333333333333,74.0
KXCPI-24NOV,2024-11-03,38,2024-12-11,True,0.3,0.1225,0.12705805759573063,0.155,0.1775,1.0,0.0,4,0.14750000000000002,5.0
KXCPI-24NOV,2024-11-04,37,2024-12-11,True,0.3,0.10550000000000001,0.10639431375783201,0.505,0.19449999999999998,1.0,0.0,2,0.13999999999999999,0.0
KXCPI-24NOV,2024-11-05,36,2024-12-11,True,0.3,0.1255,0.12727823851703793,0.165,0.1745,1.0,0.0,4,0.1325,240.0
KXCPI-24NOV,2024-11-06,35,2024-12-11,True,0.3,0.1405,0.1580656509175855,0.09000000000000002,0.15949999999999998,1.0,0.0,5,0.136,580.0
KXCPI-24NOV,2024-11-07,34,2024-12-11,True,0.3,0.2175,0.16475360390595406,0.29000000000000004,0.08249999999999999,1.0,0.0,8,0.10375000000000001,1680.0
KXCPI-24NOV,2024-11-08,33,2024-12-11,True,0.3,0.24500000000000002,0.10851267207105354,0.545,0.054999999999999966,1.0,0.0,4,0.245,429.0
KXCPI-24NOV,2024-11-09,32,2024-12-11,True,0.3,0.17900000000000002,0.10935721283939162,0.36000000000000004,0.12099999999999997,1.0,0.0,3,0.3833333333333333,381.0
KXCPI-24NOV,2024-11-10,31,2024-12-11,True,0.3,0.1355,0.059914522446565484,0.42,0.16449999999999998,1.0,0.0,2,0.46499999999999997,84.0
KXCPI-24NOV,2024-11-11,30,2024-12-11,True,0.3,0.25075000000000003,0.11667020827957754,0.39499999999999996,0.04924999999999996,1.0,0.0,2,0.485,180.0
KXCPI-24NOV,2024-11-12,29,2024-12-11,True,0.3,0.2445,0.13330322576742096,0.22000000000000003,0.055499999999999994,1.0,0.0,4,0.4774999999999999,8.0
KXCPI-24NOV,2024-11-13,28,2024-12-11,True,0.3,0.2475,0.15809411753762379,0.23000000000000004,0.05249999999999999,1.0,0.0,8,0.11375,380.0
KXCPI-24NOV,2024-11-14,27,2024-12-11,True,0.3,0.2425,0.09717895862788406,0.22000000000000003,0.057499999999999996,1.0,0.0,3,0.12333333333333331,40.0
KXCPI-24NOV,2024-11-15,26,2024-12-11,True,0.3,0.2435,0.09673546402431737,0.24,0.056499999999999995,1.0,0.0,3,0.12333333333333334,247.0
KXCPI-24NOV,2024-11-16,25,2024-12-11,True,0.3,0.21850000000000003,0.08664727347124086,0.42,0.08149999999999996,1.0,0.0,3,0.12333333333333334,364.0
KXCPI-24NOV,2024-11-17,24,2024-12-11,True,0.3,0.26099999999999995,0.1363048054912225,0.26499999999999996,0.039000000000000035,1.0,0.0050000000000000044,6,0.09500000000000001,207.0
KXCPI-24NOV,2024-11-18,23,2024-12-11,True,0.3,0.25,0.11135528725660043,0.29000000000000004,0.04999999999999999,1.0,0.0,8,0.03250000000000001,731.0
KXCPI-24NOV,2024-11-19,22,2024-12-11,True,0.3,0.24300000000000002,0.1034456378974,0.29500000000000004,0.05699999999999997,1.0,0.0,5,0.032,1044.0
KXCPI-24NOV,2024-11-20,21,2024-12-11,True,0.3,0.246,0.0876584280032445,0.295,0.05399999999999999,1.0,0.0,4,0.03500000000000002,241.0
KXCPI-24NOV,2024-11-21,20,2024-12-11,True,0.3,0.248,0.08364209466530594,0.28500000000000003,0.05199999999999999,1.0,0.0,3,0.03333333333333333,245.0
KXCPI-24NOV,2024-11-22,19,2024-12-11,True,0.3,0.2505,0.11313598013010714,0.28500000000000003,0.04949999999999999,1.0,0.0,8,0.028750000000000005,796.0
KXCPI-24NOV,2024-11-23,18,2024-12-11,True,0.3,0.246,0.08822698000045111,0.28500000000000003,0.05399999999999999,1.0,0.0,4,0.03500000000000001,506.0
KXCPI-24NOV,2024-11-24,17,2024-12-11,True,0.3,0.248,0.08304215796810678,0.29500000000000004,0.05199999999999999,1.0,0.0,3,0.04,224.0
KXCPI-24NOV,2024-11-25,16,2024-12-11,True,0.3,0.26025000000000004,0.09237119410292367,0.405,0.03974999999999995,1.0,0.0,3,0.036666666666666674,37.0
KXCPI-24NOV,2024-11-26,15,2024-12-11,True,0.3,0.25,0.08366600265340755,0.29,0.04999999999999999,1.0,0.0,3,0.033333333333333354,1503.0
KXCPI-24NOV,2024-11-27,14,2024-12-11,True,0.3,0.258,0.0730479294709987,0.29,0.04199999999999998,1.0,0.0,2,0.04000000000000002,164.0
KXCPI-24NOV,2024-11-29,12,2024-12-11,True,0.3,0.237,0.06025777958073132,0.435,0.063,1.0,0.0,2,0.03999999999999998,182.0
KXCPI-24NOV,2024-11-30,11,2024-12-11,True,0.3,0.237,0.06025777958073132,0.435,0.063,1.0,0.0,2,0.03999999999999998,20.0
KXCPI-24NOV,2024-12-01,10,2024-12-11,True,0.3,0.237,0.06025777958073132,0.435,0.063,1.0,0.0,2,0.03999999999999998,23.0
KXCPI-24NOV,2024-12-02,9,2024-12-11,True,0.3,0.2655,0.09033133454123216,0.35000000000000003,0.034499999999999975,1.0,0.0,4,0.017499999999999988,9419.0
KXCPI-24NOV,2024-12-03,8,2024-12-11,True,0.3,0.26550000000000007,0.11449781657306832,0.35000000000000003,0.03449999999999992,1.0,0.0,7,0.020000000000000007,249.0
KXCPI-24NOV,2024-12-04,7,2024-12-11,True,0.3,0.29275,0.10832791653124323,0.39,0.007249999999999979,1.0,0.0,4,0.02249999999999998,3757.0
KXCPI-24NOV,2024-12-05,6,2024-12-11,True,0.3,0.2785,0.08595202150036962,0.395,0.021499999999999964,1.0,0.0,3,0.036666666666666646,5773.0
KXCPI-24NOV,2024-12-06,5,2024-12-11,True,0.3,0.275,0.08874119674649422,0.39,0.024999999999999967,0.9999999999999999,0.0,4,0.029999999999999985,3120.0
KXCPI-24NOV,2024-12-07,4,2024-12-11,True,0.3,0.2805,0.07463075773432828,0.40499999999999997,0.019499999999999962,1.0,0.0,2,0.045000000000000026,63.0
KXCPI-24NOV,2024-12-08,3,2024-12-11,True,0.3,0.28200000000000003,0.07467261881037787,0.41,0.01799999999999996,1.0,0.0,2,0.030000000000000013,12196.0
KXCPI-24NOV,2024-12-09,2,2024-12-11,True,0.3,0.276,0.08321057625085888,0.43,0.023999999999999966,1.0,0.0,3,0.026666666666666644,2532.0
KXCPI-24NOV,2024-12-10,1,2024-12-11,True,0.3,0.29200000000000004,0.08623224454924039,0.505,0.007999999999999952,0.9999999999999999,0.0,5,0.028000000000000008,10741.0
KXCPI-24NOV,2024-12-11,0,2024-12-11,True,0.3,0.29450000000000004,0.09909465172248198,0.51,0.005499999999999949,1.0,0.0,8,0.03875000000000002,4823.0
KXCPI-25APR,2025-03-13,61,2025-05-13,True,0.2,0.06,0.07280109889280519,0.745,0.14,1.0,0.0,2,0.38,0.0
KXCPI-25APR,2025-03-14,60,2025-05-13,True,0.2,0.25,0.1723368793961409,0.10999999999999988,0.04999999999999999,1.0,0.0,5,0.14800000000000002,0.0
KXCPI-25APR,2025-03-15,59,2025-05-13,True,0.2,0.276,0.1289340916902896,0.10999999999999988,0.07600000000000001,1.0,0.0,3,0.14,0.0
KXCPI-25APR,2025-03-16,58,2025-05-13,True,0.2,0.276,0.1289340916902896,0.10999999999999988,0.07600000000000001,1.0,0.0,3,0.14,0.0
KXCPI-25APR,2025-03-17,57,2025-05-13,True,0.2,0.276,0.1289340916902896,0.10999999999999988,0.07600000000000001,1.0,0.0,3,0.14,0.0
KXCPI-25APR,2025-03-18,56,2025-05-13,True,0.2,0.276,0.1289340916902896,0.10999999999999988,0.07600000000000001,1.0,0.0,3,0.16000000000000003,0.0
KXCPI-25APR,2025-03-19,55,2025-05-13,True,0.2,0.276,0.1289340916902896,0.10999999999999988,0.07600000000000001,1.0,0.0,3,0.14,0.0
KXCPI-25APR,2025-03-20,54,2025-05-13,True,0.2,0.276,0.1289340916902896,0.10999999999999988,0.07600000000000001,1.0,0.0,3,0.14,0.0
KXCPI-25APR,2025-03-21,53,2025-05-13,True,0.2,0.276,0.1289340916902896,0.10999999999999988,0.07600000000000001,1.0,0.0,3,0.14,0.0
KXCPI-25APR,2025-03-22,52,2025-05-13,True,0.2,0.276,0.1289340916902896,0.10999999999999988,0.07600000000000001,1.0,0.0,3,0.16000000000000003,0.0
KXCPI-25APR,2025-03-23,51,2025-05-13,True,0.2,0.276,0.1289340916902896,0.10999999999999988,0.07600000000000001,1.0,0.0,3,0.14,0.0
KXCPI-25APR,2025-03-24,50,2025-05-13,True,0.2,0.276,0.1289340916902896,0.10999999999999988,0.07600000000000001,1.0,0.0,3,0.14,0.0
KXCPI-25APR,2025-03-25,49,2025-05-13,True,0.2,0.276,0.1289340916902896,0.10999999999999988,0.07600000000000001,1.0,0.0,3,0.14,0.0
KXCPI-25APR,2025-03-26,48,2025-05-13,True,0.2,0.25100000000000006,0.1652240902532073,0.1299999999999999,0.051000000000000045,1.0,0.0,5,0.11600000000000002,0.0
KXCPI-25APR,2025-03-27,47,2025-05-13,True,0.2,0.25150000000000006,0.16461394230137372,0.13,0.051500000000000046,1.0,0.0,5,0.10600000000000001,90.0
KXCPI-25APR,2025-03-28,46,2025-05-13,True,0.2,0.25050000000000006,0.17029312963240764,0.11499999999999999,0.050500000000000045,1.0,0.0,5,0.14600000000000002,876.0
KXCPI-25APR,2025-03-29,45,2025-05-13,True,0.2,0.2785,0.1946477587849395,0.11499999999999999,0.07850000000000001,1.0,0.0,6,0.19166666666666665,0.0
KXCPI-25APR,2025-03-30,44,2025-05-13,True,0.2,0.32975,0.18994061571975593,0.11499999999999999,0.12974999999999998,1.0,0.0,4,0.21000000000000002,0.0
KXCPI-25APR,2025-03-31,43,2025-05-13,True,0.2,0.34450000000000003,0.22038545777795773,0.09499999999999997,0.14450000000000002,1.0,0.0,7,0.1042857142857143,1133.0
KXCPI-25APR,2025-04-01,42,2025-05-13,True,0.2,0.359,0.21311733857197068,0.06499999999999995,0.15899999999999997,1.0,0.0,7,0.14,8.0
KXCPI-25APR,2025-04-02,41,2025-05-13,True,0.2,0.3675,0.21539208434852009,0.1050000000000001,0.16749999999999998,1.0,0.0,7,0.4642857142857143,2500.0
KXCPI-25APR,2025-04-03,40,2025-05-13,True,0.2,0.40449999999999997,0.18716236266942135,0.09999999999999987,0.20449999999999996,1.0,0.0,7,0.3557142857142857,1550.0
KXCPI-25APR,2025-04-04,39,2025-05-13,True,0.2,0.3585,0.2138404779268883,0.415,0.15849999999999997,1.0,0.0,5,0.38,0.0
KXCPI-25APR,2025-04-05,38,2025-05-13,True,0.2,0.3095,0.23908105320162867,0.46499999999999997,0.10949999999999999,1.0,0.0,3,0.5566666666666666,4555.0
KXCPI-25APR,2025-04-06,37,2025-05-13,True,0.2,0.2455,0.19462720775883316,0.1499999999999999,0.045499999999999985,1.0,0.0,7,0.12428571428571429,2962.0
KXCPI-25APR,2025-04-07,36,2025-05-13,True,0.2,0.24699999999999997,0.19542517749768068,0.1349999999999999,0.04699999999999996,1.0,0.0,7,0.14285714285714285,540.0
KXCPI-25APR,2025-04-08,35,2025-05-13,True,0.2,0.281,0.18745399435594856,0.13500000000000004,0.08100000000000002,0.9999999999999999,0.0,7,0.031428571428571424,18566.0
KXCPI-25APR,2025-04-09,34,2025-05-13,True,0.2,0.32999999999999996,0.12369316876852982,0.08499999999999996,0.12999999999999995,1.0,0.0,7,0.02857142857142857,299535.0
KXCPI-25APR,2025-04-10,33,2025-05-13,True,0.2,0.3125,0.13188536689109978,0.20500000000000007,0.11249999999999999,1.0,0.0,7,0.018571428571428582,357711.0
KXCPI-25APR,2025-04-11,32,2025-05-13,True,0.2,0.283,0.14495171609884444,0.20499999999999996,0.08299999999999996,1.0,0.0,7,0.022857142857142854,191906.0
KXCPI-25APR,2025-04-12,31,2025-05-13,True,0.2,0.27999999999999997,0.15033296378372907,0.17999999999999994,0.07999999999999996,1.0,0.0,7,0.017142857142857133,8844.0
KXCPI-25APR,2025-04-13,30,2025-05-13,True,0.2,0.2875,0.1577775332548966,0.17999999999999994,0.08749999999999997,1.0,0.0,7,0.06428571428571427,7042.0
KXCPI-25APR,2025-04-14,29,2025-05-13,True,0.2,0.262,0.1202331069215131,0.33999999999999997,0.062,1.0,0.0,7,0.04571428571428573,186571.0
KXCPI-25APR,2025-04-15,28,2025-05-13,True,0.2,0.262,0.12867012085173465,0.31499999999999995,0.062,1.0,0.0,7,0.05142857142857145,30041.0
KXCPI-25APR,2025-04-16,27,2025-05-13,True,0.2,0.23700000000000002,0.13649542116862382,0.31,0.037000000000000005,1.0,0.0,7,0.011428571428571418,44887.0
KXCPI-25APR,2025-04-17,26,2025-05-13,True,0.2,0.26200000000000007,0.143024473430249,0.2799999999999999,0.062000000000000055,1.0,0.0,7,0.022857142857142836,153990.0
KXCPI-25APR,2025-04-18,25,2025-05-13,True,0.2,0.269,0.1450482678283336,0.2699999999999999,0.069,1.0,0.0,7,0.03714285714285712,4227.0
KXCPI-25APR,2025-04-19,24,2025-05-13,True,0.2,0.2645,0.14659382660944492,0.2550000000000001,0.0645,1.0,0.0,7,0.055714285714285695,3229.0
KXCPI-25APR,2025-04-20,23,2025-05-13,True,0.2,0.262,0.14749915253993834,0.2749999999999999,0.062,1.0,0.0,7,0.04285714285714285,3511.0
KXCPI-25APR,2025-04-21,22,2025-05-13,True,0.2,0.24700000000000003,0.15129771974487916,0.31500000000000006,0.047000000000000014,1.0,0.0,7,0.04857142857142855,21742.0
KXCPI-25APR,2025-04-22,21,2025-05-13,True,0.2,0.254,0.15389606882568507,0.245,0.05399999999999999,1.0,0.0,7,0.03428571428571429,34324.0
KXCPI-25APR,2025-04-23,20,2025-05-13,True,0.2,0.2465,0.1482826692503207,0.27,0.046499999999999986,1.0,0.0,7,0.03571428571428571,18786.0
KXCPI-25APR,2025-04-24,19,2025-05-13,True,0.2,0.24800000000000003,0.14695577566057078,0.26,0.048000000000000015,1.0,0.0,7,0.02857142857142857,8283.0
KXCPI-25APR,2025-04-25,18,2025-05-13,True,0.2,0.257,0.1474822023160761,0.275,0.056999999999999995,1.0,0.0,7,0.03428571428571429,15925.0
KXCPI-25APR,2025-04-26,17,2025-05-13,True,0.2,0.256,0.1471869559437928,0.27,0.055999999999999994,1.0,0.0,7,0.03714285714285715,1219.0
KXCPI-25APR,2025-04-27,16,2025-05-13,True,0.2,0.2585,0.1494247302155838,0.26,0.058499999999999996,1.0,0.0,7,0.032857142857142856,8719.0
KXCPI-25APR,2025-04-28,15,2025-05-13,True,0.2,0.262,0.15051910177781425,0.22499999999999998,0.062,1.0,0.0,7,0.03142857142857141,2533.0
KXCPI-25APR,2025-04-29,14,2025-05-13,True,0.2,0.2705,0.14099556730621005,0.24,0.07050000000000001,1.0,0.0,7,0.0642857142857143,14275.0
KXCPI-25APR,2025-04-30,13,2025-05-13,True,0.2,0.267,0.15103310895297095,0.2649999999999999,0.067,1.0,0.0,7,0.03999999999999997,16101.0
KXCPI-25APR,2025-05-01,12,2025-05-13,True,0.2,0.2685,0.1508567201022215,0.30999999999999994,0.0685,1.0,0.0,7,0.038571428571428576,37342.0
KXCPI-25APR,2025-05-02,11,2025-05-13,True,0.2,0.2575,0.14643684645607472,0.26,0.057499999999999996,1.0,0.0,7,0.041428571428571405,45559.0
KXCPI-25APR,2025-05-03,10,2025-05-13,True,0.2,0.25899999999999995,0.14077997016621363,0.275,0.05899999999999994,1.0,0.0,7,0.03999999999999999,7510.0
KXCPI-25APR,2025-05-04,9,2025-05-13,True,0.2,0.265,0.14097872179871682,0.2699999999999999,0.065,1.0,0.0,7,0.03142857142857142,29268.0
KXCPI-25APR,2025-05-05,8,2025-05-13,True,0.2,0.26250000000000007,0.14575235847148407,0.2400000000000001,0.06250000000000006,1.0,0.0,7,0.02714285714285713,26564.0
KXCPI-25APR,2025-05-06,7,2025-05-13,True,0.2,0.2585,0.15141912032501045,0.255,0.058499999999999996,1.0,0.0,7,0.03857142857142857,37340.0
KXCPI-25APR,2025-05-07,6,2025-05-13,True,0.2,0.247,0.13889204440859812,0.2549999999999999,0.046999999999999986,1.0,0.0,7,0.05428571428571427,64897.0
KXCPI-25APR,2025-05-08,5,2025-05-13,True,0.2,0.2535,0.14417957552996194,0.26,0.05349999999999999,1.0,0.0,7,0.02714285714285714,118812.0
KXCPI-25APR,2025-05-09,4,2025-05-13,True,0.2,0.2465,0.14208360215028334,0.22999999999999998,0.046499999999999986,1.0,0.0,7,0.027142857142857156,64874.0
KXCPI-25APR,2025-05-10,3,2025-05-13,True,0.2,0.267,0.12087596948939024,0.265,0.067,1.0,0.0,7,0.025714285714285724,41763.0
KXCPI-25APR,2025-05-11,2,2025-05-13,True,0.2,0.265,0.12318684994754918,0.27,0.065,1.0,0.0,7,0.03142857142857143,35213.0
KXCPI-25APR,2025-05-12,1,2025-05-13,True,0.2,0.264,0.11620671237067161,0.265,0.064,1.0,0.0,7,0.031428571428571445,140886.0
KXCPI-25AUG,2025-07-16,57,2025-09-11,True,0.4,0.2545,0.13630755665039265,0.35,0.14550000000000002,1.0,0.0,5,0.094,0.0
KXCPI-25AUG,2025-07-20,53,2025-09-11,True,0.4,0.274,0.13536617007214174,0.41500000000000004,0.126,1.0,0.0,5,0.07999999999999997,950.0
KXCPI-25AUG,2025-07-21,52,2025-09-11,True,0.4,0.274,0.13536617007214174,0.41500000000000004,0.126,1.0,0.0,5,0.07999999999999997,0.0
KXCPI-25AUG,2025-07-22,51,2025-09-11,True,0.4,0.24350000000000005,0.07521801645882455,0.595,0.15649999999999997,1.0,0.0,2,0.09499999999999997,0.0
KXCPI-25AUG,2025-07-25,48,2025-09-11,True,0.4,0.23250000000000004,0.08714212528966687,0.595,0.16749999999999998,1.0,0.0,2,0.08999999999999997,0.0
KXCPI-25AUG,2025-07-29,44,2025-09-11,True,0.4,0.28500000000000003,0.11302654555457316,0.41500000000000004,0.11499999999999999,1.0,0.0,3,0.09333333333333332,0.0
KXCPI-25AUG,2025-07-30,43,2025-09-11,True,0.4,0.326,0.1225724275683565,0.16500000000000004,0.07400000000000001,1.0,0.0,3,0.22666666666666666,0.0
KXCPI-25AUG,2025-07-31,42,2025-09-11,True,0.4,0.30400000000000005,0.1621234097840284,0.14,0.09599999999999997,1.0,0.0,6,0.15,0.0
KXCPI-25AUG,2025-08-01,41,2025-09-11,True,0.4,0.2965,0.15504112357694005,0.21500000000000002,0.10350000000000004,1.0,0.0,6,0.09166666666666666,0.0
KXCPI-25AUG,2025-08-02,40,2025-09-11,True,0.4,0.2775,0.13055171389146905,0.41500000000000004,0.1225,1.0,0.0,5,0.08599999999999998,0.0
KXCPI-25AUG,2025-08-04,38,2025-09-11,True,0.4,0.29700000000000004,0.15456713751635565,0.21500000000000002,0.10299999999999998,1.0,0.0,6,0.08999999999999998,0.0
KXCPI-25AUG,2025-08-05,37,2025-09-11,True,0.4,0.2975,0.1547376812544378,0.21500000000000002,0.10250000000000004,1.0,0.0,6,0.09166666666666666,20.0
KXCPI-25AUG,2025-08-06,36,2025-09-11,True,0.4,0.29900000000000004,0.15556027770610334,0.21999999999999997,0.10099999999999998,1.0,0.0,6,0.08999999999999997,416.0
KXCPI-25AUG,2025-08-07,35,2025-09-11,True,0.4,0.2875,0.15489916074659668,0.20500000000000002,0.11250000000000004,1.0,0.0,6,0.0883333333333333,956.0
KXCPI-25AUG,2025-08-09,33,2025-09-11,True,0.4,0.29100000000000004,0.1466935581407718,0.20500000000000002,0.10899999999999999,1.0,0.0,5,0.08799999999999997,0.0
KXCPI-25AUG,2025-08-10,32,2025-09-11,True,0.4,0.29400000000000004,0.09035485598461214,0.38,0.10599999999999998,1.0,0.0,2,0.07999999999999996,0.0
KXCPI-25AUG,2025-08-11,31,2025-09-11,True,0.4,0.289,0.15224651063324898,0.26999999999999996,0.11100000000000004,1.0,0.0,6,0.09333333333333331,0.0
KXCPI-25AUG,2025-08-12,30,2025-09-11,True,0.4,0.2745,0.11445413928731456,0.21500000000000002,0.1255,1.0,0.0,6,0.028333333333333353,40851.0
KXCPI-25AUG,2025-08-13,29,2025-09-11,True,0.4,0.2935,0.10633790481291232,0.21000000000000002,0.10650000000000004,1.0,0.0,6,0.021666666666666657,119201.0
KXCPI-25AUG,2025-08-14,28,2025-09-11,True,0.4,0.299,0.10953994705129266,0.22499999999999998,0.10100000000000003,1.0,0.0,6,0.019999999999999993,58029.0
KXCPI-25AUG,2025-08-15,27,2025-09-11,True,0.4,0.30399999999999994,0.10480458005259122,0.21999999999999997,0.09600000000000009,1.0,0.0,6,0.016666666666666677,41333.0
KXCPI-25AUG,2025-08-16,26,2025-09-11,True,0.4,0.30099999999999993,0.10343597053249899,0.245,0.09900000000000009,1.0,0.0050000000000000044,6,0.02500000000000002,25980.0
KXCPI-25AUG,2025-08-17,25,2025-09-11,True,0.4,0.30200000000000005,0.1062826420446914,0.23500000000000001,0.09799999999999998,0.9999999999999999,0.0050000000000000044,6,0.028333333333333353,7344.0
KXCPI-25AUG,2025-08-18,24,2025-09-11,True,0.4,0.30399999999999994,0.10384603988597736,0.22499999999999998,0.09600000000000009,1.0,0.0,6,0.02333333333333335,15590.0
KXCPI-25AUG,2025-08-19,23,2025-09-11,True,0.4,0.30849999999999994,0.1023608811998021,0.25,0.09150000000000008,1.0,0.0,6,0.02166666666666668,5892.0
KXCPI-25AUG,2025-08-20,22,2025-09-11,True,0.4,0.31699999999999995,0.09905049217444606,0.285,0.08300000000000007,1.0,0.0,6,0.02333333333333335,24998.0
KXCPI-25AUG,2025-08-21,21,2025-09-11,True,0.4,0.32349999999999995,0.10245852819555823,0.28500000000000003,0.07650000000000007,1.0,0.0,6,0.018333333333333344,33534.0
KXCPI-25AUG,2025-08-22,20,2025-09-11,True,0.4,0.32549999999999996,0.11401644618211884,0.25,0.07450000000000007,1.0,0.0050000000000000044,6,0.026666666666666686,75230.0
KXCPI-25AUG,2025-08-23,19,2025-09-11,True,0.4,0.32499999999999996,0.11258330249197704,0.275,0.07500000000000007,1.0,0.0050000000000000044,6,0.02833333333333332,15168.0
KXCPI-25AUG,2025-08-24,18,2025-09-11,True,0.4,0.3195,0.11121937780800609,0.26,0.08050000000000002,1.0,0.0050000000000000044,6,0.019999999999999997,43476.0
KXCPI-25AUG,2025-08-25,17,2025-09-11,True,0.4,0.32299999999999995,0.10232790430767162,0.275,0.07700000000000007,1.0,0.0,6,0.01666666666666666,12748.0
KXCPI-25AUG,2025-08-26,16,2025-09-11,True,0.4,0.32649999999999996,0.10073604121663705,0.325,0.07350000000000007,1.0,0.0,6,0.018333333333333337,19743.0
KXCPI-25AUG,2025-08-27,15,2025-09-11,True,0.4,0.32799999999999996,0.10156771140475698,0.345,0.07200000000000006,1.0,0.0,6,0.02333333333333335,24464.0
KXCPI-25AUG,2025-08-28,14,2025-09-11,True,0.4,0.32799999999999996,0.09957911427603683,0.31500000000000006,0.07200000000000006,1.0,0.0,6,0.026666666666666672,5340.0
KXCPI-25AUG,2025-08-29,13,2025-09-11,True,0.4,0.32699999999999996,0.10183810681665288,0.31000000000000005,0.07300000000000006,1.0,0.0,6,0.02333333333333334,24503.0
KXCPI-25AUG,2025-08-30,12,2025-09-11,True,0.4,0.32849999999999996,0.09968826410365465,0.32000000000000006,0.07150000000000006,1.0,0.0,6,0.02833333333333334,15953.0
KXCPI-25AUG,2025-08-31,11,2025-09-11,True,0.4,0.32849999999999996,0.10167472645647985,0.29000000000000004,0.07150000000000006,1.0,0.0,6,0.02166666666666668,7007.0
KXCPI-25AUG,2025-09-01,10,2025-09-11,True,0.4,0.32799999999999996,0.0990757286120067,0.30000000000000004,0.07200000000000006,1.0,0.0,6,0.020000000000000014,6418.0
KXCPI-25AUG,2025-09-02,9,2025-09-11,True,0.4,0.33049999999999996,0.09858879246648679,0.32999999999999996,0.06950000000000006,1.0,0.0,6,0.021666666666666685,22769.0
KXCPI-25AUG,2025-09-03,8,2025-09-11,True,0.4,0.33249999999999996,0.10243900624273941,0.34500000000000003,0.06750000000000006,0.9999999999999999,0.0,6,0.018333333333333344,24261.0
KXCPI-25AUG,2025-09-04,7,2025-09-11,True,0.4,0.33249999999999996,0.10194974252051843,0.34500000000000003,0.06750000000000006,0.9999999999999999,0.0,6,0.021666666666666678,18204.0
KXCPI-25AUG,2025-09-05,6,2025-09-11,True,0.4,0.3285,0.09868003850830219,0.32500000000000007,0.07150000000000001,0.9999999999999999,0.0,6,0.02500000000000001,70791.0
KXCPI-25AUG,2025-09-06,5,2025-09-11,True,0.4,0.3265,0.09616522240394394,0.31000000000000005,0.07350000000000001,0.9999999999999999,0.0,6,0.02166666666666668,11025.0
KXCPI-25AUG,2025-09-07,4,2025-09-11,True,0.4,0.32699999999999996,0.09783148777362022,0.33,0.07300000000000006,1.0,0.0,6,0.020000000000000004,21878.0
KXCPI-25AUG,2025-09-08,3,2025-09-11,True,0.4,0.32200000000000006,0.09703607576566564,0.27,0.07799999999999996,0.9999999999999999,0.0,6,0.02333333333333334,157686.0
KXCPI-25AUG,2025-09-09,2,2025-09-11,True,0.4,0.3235,0.09326172848494714,0.31,0.07650000000000001,1.0,0.0,6,0.021666666666666685,112261.0
KXCPI-25AUG,2025-09-10,1,2025-09-11,True,0.4,0.32299999999999995,0.1028153685010174,0.325,0.07700000000000007,1.0,0.0,6,0.03000000000000001,294185.0
KXCPI-25DEC,2025-12-18,26,2026-01-13,True,0.3,0.265,0.12913171570144957,0.37,0.034999999999999976,1.0,0.0,6,0.06333333333333331,0.0
KXCPI-25DEC,2025-12-19,25,2026-01-13,True,0.3,0.265,0.1143459662602927,0.37499999999999994,0.034999999999999976,1.0,0.0,6,0.09333333333333334,602.0
KXCPI-25DEC,2025-12-20,24,2026-01-13,True,0.3,0.2915,0.11522911958354971,0.395,0.008500000000000008,1.0,0.0,6,0.05499999999999999,1670.0
KXCPI-25DEC,2025-12-21,23,2026-01-13,True,0.3,0.28200000000000003,0.11214276615100946,0.42000000000000004,0.01799999999999996,1.0,0.0,6,0.06999999999999999,1370.0
KXCPI-25DEC,2025-12-22,22,2026-01-13,True,0.3,0.2435,0.11383211321942503,0.32499999999999996,0.056499999999999995,1.0,0.0,6,0.02499999999999999,73194.0
KXCPI-25DEC,2025-12-23,21,2026-01-13,True,0.3,0.2385,0.11255109950595774,0.385,0.0615,1.0,0.0,6,0.03833333333333331,23085.0
KXCPI-25DEC,2025-12-24,20,2026-01-13,True,0.3,0.255,0.11390785749894516,0.4,0.044999999999999984,1.0,0.0,6,0.1666666666666667,3027.0
KXCPI-25DEC,2025-12-25,19,2026-01-13,True,0.3,0.2555,0.10568703799425924,0.46499999999999997,0.044499999999999984,1.0,0.0,6,0.04499999999999999,1058.0
KXCPI-25DEC,2025-12-26,18,2026-01-13,True,0.3,0.23149999999999998,0.11557573274697418,0.37,0.0685,1.0,0.0,6,0.045000000000000005,29423.0
KXCPI-25DEC,2025-12-27,17,2026-01-13,True,0.3,0.242,0.11504781614615724,0.35,0.057999999999999996,1.0,0.0,6,0.03666666666666669,6028.0
KXCPI-25DEC,2025-12-28,16,2026-01-13,True,0.3,0.2355,0.11700320508430527,0.385,0.0645,1.0,0.0,6,0.04500000000000001,3533.0
KXCPI-25DEC,2025-12-29,15,2026-01-13,True,0.3,0.2365,0.1192382069640432,0.31499999999999995,0.0635,1.0,0.0,6,0.041666666666666664,12137.0
KXCPI-25DEC,2025-12-30,14,2026-01-13,True,0.3,0.236,0.11534296684236972,0.33999999999999997,0.064,1.0,0.0,6,0.043333333333333335,34322.0
KXCPI-25DEC,2025-12-31,13,2026-01-13,True,0.3,0.23299999999999998,0.11580587204455567,0.36,0.067,1.0,0.0,6,0.026666666666666675,11952.0
KXCPI-25DEC,2026-01-01,12,2026-01-13,True,0.3,0.2545,0.11126432492043441,0.38000000000000006,0.045499999999999985,1.0,0.0,6,0.03833333333333334,26060.0
KXCPI-25DEC,2026-01-02,11,2026-01-13,True,0.3,0.262,0.11205355862265151,0.37999999999999995,0.03799999999999998,1.0,0.0,6,0.04000000000000001,16794.0
KXCPI-25DEC,2026-01-03,10,2026-01-13,True,0.3,0.266,0.1036532681587995,0.36000000000000004,0.033999999999999975,1.0,0.0,5,0.02799999999999999,2538.0
KXCPI-25DEC,2026-01-04,9,2026-01-13,True,0.3,0.268,0.10989085494252923,0.37500000000000006,0.03199999999999997,1.0,0.0,6,0.04,6470.0
KXCPI-25DEC,2026-01-05,8,2026-01-13,True,0.3,0.2755,0.10416213323468371,0.395,0.024499999999999966,1.0,0.0,6,0.028333333333333335,27690.0
KXCPI-25DEC,2026-01-06,7,2026-01-13,True,0.3,0.2875,0.11399013115177997,0.38,0.012500000000000011,1.0,0.0,6,0.03500000000000001,18654.0
KXCPI-25DEC,2026-01-07,6,2026-01-13,True,0.3,0.2815,0.12168709874099226,0.32,0.018500000000000016,1.0,0.0,6,0.03166666666666668,50141.0
KXCPI-25DEC,2026-01-08,5,2026-01-13,True,0.3,0.289,0.1194947697600192,0.29,0.01100000000000001,1.0,0.0,6,0.03333333333333336,10500.0
KXCPI-25DEC,2026-01-09,4,2026-01-13,True,0.3,0.314,0.11918053532351666,0.33999999999999997,0.014000000000000012,1.0,0.0,6,0.02666666666666666,45111.0
KXCPI-25DEC,2026-01-10,3,2026-01-13,True,0.3,0.30000000000000004,0.11575836902790225,0.36500000000000016,5.551115123125783e-17,0.9999999999999999,0.0,6,0.029999999999999995,17558.0
KXCPI-25DEC,2026-01-11,2,2026-01-13,True,0.3,0.30200000000000005,0.12163880959627976,0.335,0.0020000000000000573,0.9999999999999999,0.0,6,0.026666666666666686,7824.0
KXCPI-25DEC,2026-01-12,1,2026-01-13,True,0.3,0.31799999999999995,0.1085172797300043,0.315,0.01799999999999996,1.0,0.0,6,0.033333333333333354,90119.0
KXCPI-25FEB,2025-01-16,55,2025-03-12,True,0.2,0.2145,0.19271676107697536,0.19999999999999996,0.014499999999999985,1.0,0.0,7,0.1557142857142857,0.0
KXCPI-25FEB,2025-01-19,52,2025-03-12,True,0.2,0.21450000000000002,0.17703036462708877,0.20000000000000004,0.014500000000000013,0.9999999999999999,0.0,6,0.13833333333333334,250.0
KXCPI-25FEB,2025-01-22,49,2025-03-12,True,0.2,0.06950000000000002,0.06340149840500617,0.79,0.1305,1.0,0.0,2,0.14500000000000002,0.0
KXCPI-25FEB,2025-01-23,48,2025-03-12,True,0.2,0.141,0.0819695065252927,0.625,0.059000000000000025,1.0,0.0,2,0.13999999999999996,0.0
KXCPI-25FEB,2025-01-28,43,2025-03-12,True,0.2,0.21849999999999997,0.19876556542822,0.19999999999999996,0.01849999999999996,1.0,0.0,7,0.23285714285714285,10.0
KXCPI-25FEB,2025-01-31,40,2025-03-12,True,0.2,0.07,0.06480740698407861,0.8049999999999999,0.13,1.0,0.0,2,0.2,0.0
KXCPI-25FEB,2025-02-01,39,2025-03-12,True,0.2,0.07300000000000001,0.058915193286621745,0.8049999999999999,0.127,1.0,0.0,2,0.17000000000000004,0.0
KXCPI-25FEB,2025-02-02,38,2025-03-12,True,0.2,0.22099999999999997,0.15250901612691625,0.57,0.020999999999999963,1.0,0.0,3,0.22,50.0
KXCPI-25FEB,2025-02-03,37,2025-03-12,True,0.2,0.22349999999999998,0.16139315351030228,0.38,0.023499999999999965,1.0,0.0,4,0.225,0.0
KXCPI-25FEB,2025-02-04,36,2025-03-12,True,0.2,0.143,0.07969316156358713,0.625,0.05700000000000002,1.0,0.0,2,0.22000000000000003,0.0
KXCPI-25FEB,2025-02-05,35,2025-03-12,True,0.2,0.1325,0.10145811943851513,0.625,0.0675,1.0,0.0,3,0.21,0.0
KXCPI-25FEB,2025-02-06,34,2025-03-12,True,0.2,0.143,0.07969316156358713,0.625,0.05700000000000002,1.0,0.0,2,0.21000000000000002,0.0
KXCPI-25FEB,2025-02-07,33,2025-03-12,True,0.2,0.23049999999999998,0.1591218086875586,0.49,0.03049999999999997,1.0,0.0,3,0.21,10.0
KXCPI-25FEB,2025-02-08,32,2025-03-12,True,0.2,0.1495,0.07999843748474092,0.69,0.05050000000000002,1.0,0.0,2,0.11499999999999999,564.0
KXCPI-25FEB,2025-02-09,31,2025-03-12,True,0.2,0.15600000000000003,0.07977468270071654,0.755,0.043999999999999984,1.0,0.0,2,0.10000000000000003,100.0
KXCPI-25FEB,2025-02-10,30,2025-03-12,True,0.2,0.2935,0.16795162994148044,0.19000000000000006,0.09349999999999997,1.0,0.0,7,0.09571428571428571,107.0
KXCPI-25FEB,2025-02-11,29,2025-03-12,True,0.2,0.2935,0.149022649285268,0.19000000000000006,0.09349999999999997,1.0,0.0,5,0.09,0.0
KXCPI-25FEB,2025-02-12,28,2025-03-12,True,0.2,0.3395,0.17489925671654521,0.10999999999999999,0.1395,1.0,0.0,7,0.0642857142857143,6027.0
KXCPI-25FEB,2025-02-13,27,2025-03-12,True,0.2,0.31699999999999995,0.15877972162716497,0.14,0.11699999999999994,1.0,0.0,7,0.05714285714285714,6758.0
KXCPI-25FEB,2025-02-14,26,2025-03-12,True,0.2,0.32749999999999996,0.14350522638566166,0.16500000000000004,0.12749999999999995,1.0,0.0,6,0.055000000000000014,1539.0
KXCPI-25FEB,2025-02-15,25,2025-03-12,True,0.2,0.33249999999999996,0.1466074691139575,0.17500000000000004,0.13249999999999995,1.0,0.0,7,0.0442857142857143,3735.0
KXCPI-25FEB,2025-02-16,24,2025-03-12,True,0.2,0.33299999999999996,0.1233328828820603,0.19499999999999995,0.13299999999999995,1.0,0.0,5,0.040000000000000015,304.0
KXCPI-25FEB,2025-02-17,23,2025-03-12,True,0.2,0.3395,0.13816566143582854,0.18500000000000008,0.1395,0.9999999999999999,0.0,6,0.051666666666666666,586.0
KXCPI-25FEB,2025-02-18,22,2025-03-12,True,0.2,0.33325000000000005,0.11718334992651473,0.19500000000000006,0.13325000000000004,1.0,0.0,4,0.05,248.0
KXCPI-25FEB,2025-02-19,21,2025-03-12,True,0.2,0.319,0.1293792873685738,0.21999999999999997,0.119,1.0,0.0,6,0.05666666666666665,6564.0
KXCPI-25FEB,2025-02-20,20,2025-03-12,True,0.2,0.31699999999999995,0.1284951360947176,0.21500000000000008,0.11699999999999994,1.0,0.0,6,0.056666666666666664,225.0
KXCPI-25FEB,2025-02-21,19,2025-03-12,True,0.2,0.31949999999999995,0.13065125334262967,0.21999999999999997,0.11949999999999994,1.0,0.0,6,0.05833333333333331,1703.0
KXCPI-25FEB,2025-02-22,18,2025-03-12,True,0.2,0.312,0.11855800268223143,0.21500000000000008,0.11199999999999999,1.0,0.0,5,0.05599999999999997,53.0
KXCPI-25FEB,2025-02-23,17,2025-03-12,True,0.2,0.3095,0.12148971149854625,0.19999999999999996,0.10949999999999999,1.0,0.0,5,0.06599999999999998,47.0
KXCPI-25FEB,2025-02-24,16,2025-03-12,True,0.2,0.313,0.1184525221343978,0.21999999999999997,0.11299999999999999,1.0,0.0,5,0.05599999999999997,706.0
KXCPI-25FEB,2025-02-25,15,2025-03-12,True,0.2,0.3125,0.11573136999102705,0.21999999999999997,0.11249999999999999,1.0,0.0,5,0.049999999999999975,943.0
KXCPI-25FEB,2025-02-26,14,2025-03-12,True,0.2,0.3195,0.12153086027836717,0.17499999999999993,0.1195,1.0,0.0,6,0.041666666666666664,4924.0
KXCPI-25FEB,2025-02-27,13,2025-03-12,True,0.2,0.32699999999999996,0.13065603698260558,0.15000000000000002,0.12699999999999995,1.0,0.0,6,0.060000000000000005,895.0
KXCPI-25FEB,2025-02-28,12,2025-03-12,True,0.2,0.30150000000000005,0.11246221587715585,0.16000000000000003,0.10150000000000003,1.0,0.0050000000000000044,5,0.05200000000000001,686.0
KXCPI-25FEB,2025-03-01,11,2025-03-12,True,0.2,0.3225,0.11299889379989524,0.19499999999999995,0.1225,1.0,0.0,4,0.052500000000000005,200.0
KXCPI-25FEB,2025-03-02,10,2025-03-12,True,0.2,0.3215,0.13411841782544262,0.19499999999999995,0.1215,1.0,0.0050000000000000044,7,0.05428571428571429,1734.0
KXCPI-25FEB,2025-03-03,9,2025-03-12,True,0.2,0.3305,0.120912158197594,0.17000000000000004,0.1305,1.0,0.0,6,0.055,4306.0
KXCPI-25FEB,2025-03-04,8,2025-03-12,True,0.2,0.3255,0.11874236817581157,0.17000000000000004,0.1255,1.0,0.0,6,0.044999999999999984,424.0
KXCPI-25FEB,2025-03-05,7,2025-03-12,True,0.2,0.3215,0.10240971633590241,0.19499999999999995,0.1215,1.0,0.0,4,0.03250000000000002,8626.0
KXCPI-25FEB,2025-03-06,6,2025-03-12,True,0.2,0.3145,0.12344938233948355,0.19500000000000006,0.11449999999999999,1.0,0.0,7,0.044285714285714296,691.0
KXCPI-25FEB,2025-03-07,5,2025-03-12,True,0.2,0.31199999999999994,0.11981652640600128,0.19499999999999995,0.11199999999999993,1.0,0.0,7,0.04000000000000002,1246.0
KXCPI-25FEB,2025-03-08,4,2025-03-12,True,0.2,0.31599999999999995,0.11244554237496479,0.16000000000000003,0.11599999999999994,1.0,0.0,7,0.03428571428571429,8851.0
KXCPI-25FEB,2025-03-10,2,2025-03-12,True,0.2,0.30349999999999994,0.10776247027606597,0.17500000000000004,0.10349999999999993,1.0,0.019999999999999962,12,0.04416666666666667,3170.0
KXCPI-25FEB,2025-03-11,1,2025-03-12,True,0.2,0.3135,0.08042232277172799,0.17499999999999993,0.11349999999999999,1.0,0.0,4,0.017499999999999988,7300.0
KXCPI-25FEB,2025-03-12,0,2025-03-12,True,0.2,0.3075,0.10437312872574052,0.16500000000000004,0.10749999999999998,1.0,0.0050000000000000044,7,0.04,10092.0
KXCPI-25JAN,2025-01-01,42,2025-02-12,True,0.5,0.311,0.12156891049935427,0.5,0.189,1.0,0.0,5,0.09599999999999999,0.0
KXCPI-25JAN,2025-01-03,40,2025-02-12,True,0.5,0.3530000000000001,0.17375557545011322,0.18000000000000002,0.1469999999999999,0.9999999999999999,0.0,7,0.09714285714285713,1.0
KXCPI-25JAN,2025-01-04,39,2025-02-12,True,0.5,0.35300000000000004,0.14837789592793124,0.18000000000000005,0.14699999999999996,1.0,0.0,4,0.09000000000000002,0.0
KXCPI-25JAN,2025-01-05,38,2025-02-12,True,0.5,0.35300000000000004,0.15046926596484744,0.18000000000000002,0.14699999999999996,0.9999999999999999,0.0,4,0.1,0.0
KXCPI-25JAN,2025-01-07,36,2025-02-12,True,0.5,0.35300000000000004,0.15046926596484744,0.18000000000000002,0.14699999999999996,0.9999999999999999,0.0,4,0.1,0.0
KXCPI-25JAN,2025-01-08,35,2025-02-12,True,0.5,0.35300000000000004,0.14837789592793124,0.18000000000000005,0.14699999999999996,1.0,0.0,4,0.09000000000000002,0.0
KXCPI-25JAN,2025-01-09,34,2025-02-12,True,0.5,0.35300000000000004,0.15046926596484744,0.18000000000000002,0.14699999999999996,0.9999999999999999,0.0,4,0.1,0.0
KXCPI-25JAN,2025-01-10,33,2025-02-12,True,0.5,0.331,0.1560897177907629,0.29500000000000004,0.16899999999999998,1.0,0.0,5,0.088,0.0
KXCPI-25JAN,2025-01-11,32,2025-02-12,True,0.5,0.217,0.16825872934264066,0.03500000000000001,0.28300000000000003,1.0,0.0,7,0.08857142857142856,410.0
KXCPI-25JAN,2025-01-12,31,2025-02-12,True,0.5,0.2335,0.11203905569041539,0.22999999999999998,0.26649999999999996,1.0,0.0,2,0.04000000000000002,126.0
KXCPI-25JAN,2025-01-13,30,2025-02-12,True,0.5,0.2685,0.12867692100761502,0.805,0.23149999999999998,1.0,0.0,2,0.09499999999999999,0.0
KXCPI-25JAN,2025-01-14,29,2025-02-12,True,0.5,0.2145,0.1613683674082377,0.085,0.2855,1.0,0.0,6,0.08166666666666667,0.0
KXCPI-25JAN,2025-01-15,28,2025-02-12,True,0.5,0.24399999999999994,0.1642071862008481,0.054999999999999986,0.25600000000000006,1.0000000000000002,0.0,7,0.07428571428571427,287.0
KXCPI-25JAN,2025-01-16,27,2025-02-12,True,0.5,0.253,0.16276056033326994,0.07,0.247,1.0,0.0,7,0.08285714285714287,581.0
KXCPI-25JAN,2025-01-17,26,2025-02-12,True,0.5,0.29150000000000004,0.13848375355975875,0.72,0.20849999999999996,1.0,0.0,3,0.07666666666666667,20.0
KXCPI-25JAN,2025-01-18,25,2025-02-12,True,0.5,0.2655,0.15283896754427514,0.07,0.2345,1.0,0.0,6,0.07166666666666668,245.0
KXCPI-25JAN,2025-01-19,24,2025-02-12,True,0.5,0.265,0.14620191517213446,0.125,0.235,1.0,0.0,6,0.07333333333333332,215.0
KXCPI-25JAN,2025-01-20,23,2025-02-12,True,0.5,0.29500000000000004,0.1399106857963322,0.48500000000000004,0.20499999999999996,1.0,0.0,3,0.07666666666666665,101.0
KXCPI-25JAN,2025-01-21,22,2025-02-12,True,0.5,0.26350000000000007,0.10778566695066649,0.28500000000000003,0.23649999999999993,1.0,0.0,3,0.0633333333333333,127.0
KXCPI-25JAN,2025-01-22,21,2025-02-12,True,0.5,0.28650000000000003,0.15777436420407465,0.23000000000000004,0.21349999999999997,1.0,0.0,6,0.07499999999999997,21.0
KXCPI-25JAN,2025-01-23,20,2025-02-12,True,0.5,0.29225,0.12217789284481871,0.13,0.20775,1.0,0.0,3,0.043333333333333335,62.0
KXCPI-25JAN,2025-01-24,19,2025-02-12,True,0.5,0.29,0.1414213562373095,0.06,0.21000000000000002,1.0,0.0,6,0.05333333333333332,734.0
KXCPI-25JAN,2025-01-26,17,2025-02-12,True,0.5,0.296,0.144512975196001,0.06,0.20400000000000001,1.0,0.0,7,0.045714285714285714,0.0
KXCPI-25JAN,2025-01-27,16,2025-02-12,True,0.5,0.3045,0.11928851579259421,0.010000000000000002,0.1955,1.0,0.0050000000000000044,7,0.06000000000000003,12988.0
KXCPI-25JAN,2025-01-28,15,2025-02-12,True,0.5,0.32000000000000006,0.10148891565092219,0.014999999999999993,0.17999999999999994,1.0,0.0,5,0.068,980.0
KXCPI-25JAN,2025-01-29,14,2025-02-12,True,0.5,0.31000000000000005,0.08544003745317531,0.08000000000000002,0.18999999999999995,0.9999999999999999,0.0,4,0.04500000000000002,438.0
KXCPI-25JAN,2025-01-30,13,2025-02-12,True,0.5,0.29525,0.0950785859171244,0.27,0.20475,1.0,0.0,4,0.055000000000000035,818.0
KXCPI-25JAN,2025-01-31,12,2025-02-12,True,0.5,0.28675,0.09714390099229084,0.225,0.21325,1.0,0.0,4,0.030000000000000027,1785.0
KXCPI-25JAN,2025-02-01,11,2025-02-12,True,0.5,0.3095,0.11751489267322675,0.14,0.1905,1.0,0.0,5,0.05400000000000001,571.0
KXCPI-25JAN,2025-02-02,10,2025-02-12,True,0.5,0.31025,0.09686298312565023,0.19500000000000003,0.18974999999999997,1.0,0.0,6,0.01833333333333334,1222.0
KXCPI-25JAN,2025-02-03,9,2025-02-12,True,0.5,0.3055,0.0901096554204931,0.065,0.1945,1.0,0.0,5,0.03400000000000001,147.0
KXCPI-25JAN,2025-02-05,7,2025-02-12,True,0.5,0.30525,0.11910053526328084,0.14500000000000002,0.19474999999999998,1.0,0.0,6,0.04666666666666669,1.0
KXCPI-25JAN,2025-02-06,6,2025-02-12,True,0.5,0.2935,0.07076545767533762,0.19,0.20650000000000002,1.0,0.0,3,0.023333333333333355,268.0
KXCPI-25JAN,2025-02-07,5,2025-02-12,True,0.5,0.32799999999999996,0.1105260150371848,0.024999999999999988,0.17200000000000004,1.0,0.0,6,0.06333333333333334,14933.0
KXCPI-25JAN,2025-02-08,4,2025-02-12,True,0.5,0.33249999999999996,0.10859903314486737,0.03,0.16750000000000004,1.0,0.0,6,0.04833333333333336,1288.0
KXCPI-25JAN,2025-02-09,3,2025-02-12,True,0.5,0.3295,0.11036190465917121,0.04,0.17049999999999998,1.0,0.0,6,0.04833333333333332,1321.0
KXCPI-25JAN,2025-02-10,2,2025-02-12,True,0.5,0.33499999999999996,0.08760707733967615,0.09,0.16500000000000004,1.0,0.0,5,0.040000000000000015,28878.0
KXCPI-25JAN,2025-02-11,1,2025-02-12,True,0.5,0.316,0.11288932633336068,0.010000000000000002,0.184,1.0,0.0,7,0.05142857142857142,5848.0
KXCPI-25JAN,2025-02-12,0,2025-02-12,True,0.5,0.28200000000000003,0.14551975810864995,0.0,0.21799999999999997,1.0,0.125,7,0.12142857142857143,2823.0
KXCPI-25JUL,2025-06-17,56,2025-08-12,True,0.2,0.265,0.16963195453687374,0.17500000000000004,0.065,1.0,0.0,2,0.675,0.0
KXCPI-25JUL,2025-06-23,50,2025-08-12,True,0.2,0.17250000000000001,0.15809411753762379,0.07500000000000001,0.027499999999999997,1.0,0.0,4,0.6125,0.0
KXCPI-25JUL,2025-06-30,43,2025-08-12,True,0.2,0.23399999999999999,0.16894969665554302,0.07,0.033999999999999975,1.0,0.0,4,0.67,0.0
KXCPI-25JUL,2025-07-01,42,2025-08-12,True,0.2,0.2215,0.16058564693022848,0.08500000000000002,0.02149999999999999,1.0,0.0,4,0.6075,0.0
KXCPI-25JUL,2025-07-02,41,2025-08-12,True,0.2,0.2215,0.16058564693022848,0.08500000000000002,0.02149999999999999,1.0,0.0,4,0.6075,0.0
KXCPI-25JUL,2025-07-03,40,2025-08-12,True,0.2,0.1695,0.17527050521978876,0.16999999999999998,0.0305,1.0,0.0,6,0.435,5586.0
KXCPI-25JUL,2025-07-04,39,2025-08-12,True,0.2,0.149,0.16278513445643616,0.13,0.05100000000000002,1.0,0.0,6,0.06999999999999998,0.0
KXCPI-25JUL,2025-07-05,38,2025-08-12,True,0.2,0.145,0.15960889699512368,0.145,0.05500000000000002,1.0,0.0,6,0.06333333333333331,500.0
KXCPI-25JUL,2025-07-06,37,2025-08-12,True,0.2,0.13699999999999998,0.15566309774638304,0.13499999999999998,0.06300000000000003,1.0,0.0,6,0.06666666666666667,210.0
KXCPI-25JUL,2025-07-07,36,2025-08-12,True,0.2,0.14600000000000002,0.15486768546084753,0.165,0.05399999999999999,0.9999999999999999,0.0,6,0.05666666666666667,1100.0
KXCPI-25JUL,2025-07-08,35,2025-08-12,True,0.2,0.17050000000000004,0.1519202093205509,0.27,0.02949999999999997,1.0,0.0,6,0.055,2491.0
KXCPI-25JUL,2025-07-09,34,2025-08-12,True,0.2,0.2135,0.15989918698980302,0.30999999999999994,0.013499999999999984,1.0,0.0,6,0.04833333333333332,4759.0
KXCPI-25JUL,2025-07-10,33,2025-08-12,True,0.2,0.2155,0.16189425561149476,0.29500000000000004,0.015499999999999986,1.0,0.0,6,0.054999999999999986,100.0
KXCPI-25JUL,2025-07-11,32,2025-08-12,True,0.2,0.22350000000000003,0.15842269408137205,0.2950000000000001,0.02350000000000002,0.9999999999999999,0.0,6,0.05833333333333332,1680.0
KXCPI-25JUL,2025-07-12,31,2025-08-12,True,0.2,0.21550000000000002,0.1311859367462839,0.2899999999999999,0.015500000000000014,1.0,0.0,4,0.0625,0.0
KXCPI-25JUL,2025-07-13,30,2025-08-12,True,0.2,0.2285,0.16351681870682294,0.2799999999999999,0.028499999999999998,1.0,0.0,6,0.07166666666666666,0.0
KXCPI-25JUL,2025-07-14,29,2025-08-12,True,0.2,0.23450000000000001,0.16266453208981974,0.2750000000000001,0.0345,1.0,0.0,6,0.07833333333333332,400.0
KXCPI-25JUL,2025-07-15,28,2025-08-12,True,0.2,0.292,0.13090454537562857,0.17499999999999993,0.09199999999999997,1.0,0.0,6,0.036666666666666646,38823.0
KXCPI-25JUL,2025-07-16,27,2025-08-12,True,0.2,0.27799999999999997,0.12335315156087422,0.25,0.07799999999999996,1.0,0.0,6,0.016666666666666677,54881.0
KXCPI-25JUL,2025-07-17,26,2025-08-12,True,0.2,0.267,0.11318568814121333,0.31499999999999995,0.067,1.0,0.0,6,0.03333333333333333,14265.0
KXCPI-25JUL,2025-07-18,25,2025-08-12,True,0.2,0.276,0.11146299834474219,0.24,0.07600000000000001,1.0,0.0,6,0.040000000000000015,14106.0
KXCPI-25JUL,2025-07-19,24,2025-08-12,True,0.2,0.2695,0.11670368460335774,0.27,0.0695,1.0,0.0,6,0.04833333333333334,1543.0
KXCPI-25JUL,2025-07-20,23,2025-08-12,True,0.2,0.2755,0.10931491206601227,0.26,0.07550000000000001,1.0,0.0,6,0.05166666666666664,16301.0
KXCPI-25JUL,2025-07-21,22,2025-08-12,True,0.2,0.268,0.11347246362003426,0.3400000000000001,0.068,1.0,0.0,6,0.023333333333333345,34267.0
KXCPI-25JUL,2025-07-22,21,2025-08-12,True,0.2,0.27299999999999996,0.11777520961560631,0.2699999999999999,0.07299999999999995,1.0,0.0,6,0.06666666666666667,28733.0
KXCPI-25JUL,2025-07-23,20,2025-08-12,True,0.2,0.269,0.11153026495081951,0.32000000000000006,0.069,1.0,0.0050000000000000044,6,0.035000000000000024,59653.0
KXCPI-25JUL,2025-07-24,19,2025-08-12,True,0.2,0.2675,0.11310946025863619,0.32000000000000006,0.0675,1.0,0.0,6,0.04166666666666669,13274.0
KXCPI-25JUL,2025-07-25,18,2025-08-12,True,0.2,0.257,0.12145369487998296,0.32499999999999996,0.056999999999999995,1.0,0.0,6,0.04666666666666667,11926.0
KXCPI-25JUL,2025-07-26,17,2025-08-12,True,0.2,0.25550000000000006,0.13179434737499174,0.32999999999999996,0.05550000000000005,1.0,0.0,6,0.04166666666666666,37030.0
KXCPI-25JUL,2025-07-27,16,2025-08-12,True,0.2,0.24750000000000003,0.15392774278862145,0.29999999999999993,0.047500000000000014,1.0,0.015000000000000013,6,0.04666666666666667,27486.0
KXCPI-25JUL,2025-07-28,15,2025-08-12,True,0.2,0.26899999999999996,0.12222520198387893,0.33499999999999996,0.06899999999999995,1.0,0.0,6,0.026666666666666682,46785.0
KXCPI-25JUL,2025-07-29,14,2025-08-12,True,0.2,0.268,0.11303096920755833,0.33000000000000007,0.068,1.0,0.0,6,0.03333333333333333,18883.0
KXCPI-25JUL,2025-07-30,13,2025-08-12,True,0.2,0.2635,0.10916844782261953,0.31999999999999995,0.0635,1.0,0.0,6,0.015000000000000013,47771.0
KXCPI-25JUL,2025-07-31,12,2025-08-12,True,0.2,0.2645,0.10483200847069563,0.32499999999999996,0.0645,1.0,0.0,6,0.015000000000000013,49918.0
KXCPI-25JUL,2025-08-01,11,2025-08-12,True,0.2,0.25899999999999995,0.10158247880417173,0.35,0.05899999999999994,1.0,0.0,6,0.02333333333333335,81581.0
KXCPI-25JUL,2025-08-02,10,2025-08-12,True,0.2,0.2615,0.10567757567241973,0.33499999999999996,0.0615,1.0,0.0,6,0.018333333333333344,68936.0
KXCPI-25JUL,2025-08-03,9,2025-08-12,True,0.2,0.2605,0.10765570119598869,0.33499999999999996,0.0605,1.0,0.0,6,0.025000000000000012,56896.0
KXCPI-25JUL,2025-08-04,8,2025-08-12,True,0.2,0.24550000000000002,0.10760924681457444,0.395,0.04550000000000001,1.0,0.0,6,0.018333333333333333,146998.0
KXCPI-25JUL,2025-08-05,7,2025-08-12,True,0.2,0.23450000000000001,0.10276064421752133,0.41999999999999993,0.0345,1.0,0.0,6,0.018333333333333333,182058.0
KXCPI-25JUL,2025-08-06,6,2025-08-12,True,0.2,0.23650000000000002,0.09755895653398512,0.45,0.036500000000000005,1.0,0.0,6,0.015000000000000008,114330.0
KXCPI-25JUL,2025-08-07,5,2025-08-12,True,0.2,0.236,0.098,0.47,0.035999999999999976,1.0,0.0,6,0.026666666666666675,73606.0
KXCPI-25JUL,2025-08-08,4,2025-08-12,True,0.2,0.2335,0.09658027748976496,0.44999999999999996,0.0335,1.0,0.0,6,0.021666666666666667,179079.0
KXCPI-25JUL,2025-08-09,3,2025-08-12,True,0.2,0.238,0.09410632284814872,0.42500000000000004,0.03799999999999998,1.0,0.0,6,0.020000000000000004,52050.0
KXCPI-25JUL,2025-08-10,2,2025-08-12,True,0.2,0.24100000000000002,0.09601562372864117,0.395,0.04100000000000001,1.0,0.0,6,0.023333333333333345,150328.0
KXCPI-25JUL,2025-08-11,1,2025-08-12,True,0.2,0.251,0.08999444427296609,0.42000000000000004,0.05099999999999999,1.0,0.0,6,0.02666666666666666,525746.0
KXCPI-25JUN,2025-05-14,62,2025-07-15,True,0.3,0.3375,0.3015688147007246,0.14499999999999996,0.03750000000000003,1.0,0.0,8,0.63375,0.0
KXCPI-25JUN,2025-05-15,61,2025-07-15,True,0.3,0.33899999999999997,0.297790194600158,0.14999999999999997,0.03899999999999998,1.0,0.0,6,0.6033333333333333,0.0
KXCPI-25JUN,2025-05-17,59,2025-07-15,True,0.3,0.18450000000000003,0.1546277788755953,0.565,0.11549999999999996,1.0,0.0,4,0.5775,0.0
KXCPI-25JUN,2025-05-19,57,2025-07-15,True,0.3,0.278,0.1830737556287083,0.2500000000000001,0.021999999999999964,1.0,0.0,8,0.08,0.0
KXCPI-25JUN,2025-05-20,56,2025-07-15,True,0.3,0.29100000000000004,0.18335484722253728,0.25,0.008999999999999952,1.0,0.0,8,0.05500000000000001,279.0
KXCPI-25JUN,2025-05-21,55,2025-07-15,True,0.3,0.28700000000000003,0.18284146138116483,0.26,0.012999999999999956,1.0,0.0,8,0.05750000000000001,279.0
KXCPI-25JUN,2025-05-22,54,2025-07-15,True,0.3,0.294,0.1358823020117042,0.26,0.006000000000000005,1.0,0.0,4,0.05500000000000001,0.0
KXCPI-25JUN,2025-05-23,53,2025-07-15,True,0.3,0.2995,0.14611553647713169,0.25,0.0005000000000000004,1.0,0.0,5,0.05,0.0
KXCPI-25JUN,2025-05-24,52,2025-07-15,True,0.3,0.2895,0.18149311281698816,0.255,0.01050000000000001,1.0,0.0,8,0.04875,0.0
KXCPI-25JUN,2025-05-25,51,2025-07-15,True,0.3,0.28,0.1634013463836819,0.26,0.019999999999999962,1.0,0.0,6,0.04666666666666666,0.0
KXCPI-25JUN,2025-05-26,50,2025-07-15,True,0.3,0.281,0.16043378696521501,0.255,0.01899999999999996,1.0,0.0,6,0.03666666666666669,0.0
KXCPI-25JUN,2025-05-27,49,2025-07-15,True,0.3,0.294,0.13624977064200877,0.25,0.006000000000000005,1.0,0.0,4,0.04000000000000002,0.0
KXCPI-25JUN,2025-05-28,48,2025-07-15,True,0.3,0.273,0.18019711429431937,0.2350000000000001,0.02699999999999997,1.0,0.0,8,0.04750000000000001,1104.0
KXCPI-25JUN,2025-05-29,47,2025-07-15,True,0.3,0.2755,0.17818459529375708,0.24,0.024499999999999966,1.0,0.0,8,0.046250000000000006,221.0
KXCPI-25JUN,2025-05-30,46,2025-07-15,True,0.3,0.26325,0.1669938247361261,0.24,0.036750000000000005,1.0,0.0,5,0.044,0.0
KXCPI-25JUN,2025-05-31,45,2025-07-15,True,0.3,0.2675,0.1649052758404048,0.24,0.03249999999999997,1.0,0.0,6,0.044999999999999984,0.0
KXCPI-25JUN,2025-06-01,44,2025-07-15,True,0.3,0.2835,0.13739632455054976,0.24,0.016500000000000015,1.0,0.0,4,0.04249999999999999,0.0
KXCPI-25JUN,2025-06-02,43,2025-07-15,True,0.3,0.27149999999999996,0.15504112357694005,0.24,0.028500000000000025,1.0,0.0,5,0.05,0.0
KXCPI-25JUN,2025-06-03,42,2025-07-15,True,0.3,0.282,0.13883803513446882,0.24,0.018000000000000016,1.0,0.0,4,0.049999999999999996,0.0
KXCPI-25JUN,2025-06-04,41,2025-07-15,True,0.3,0.282,0.13883803513446882,0.24,0.018000000000000016,1.0,0.0,4,0.049999999999999996,0.0
KXCPI-25JUN,2025-06-05,40,2025-07-15,True,0.3,0.26175,0.16955659084801158,0.24,0.038250000000000006,1.0,0.0,5,0.04799999999999998,0.0
KXCPI-25JUN,2025-06-06,39,2025-07-15,True,0.3,0.2815,0.13931170087253977,0.24,0.018500000000000016,1.0,0.0,4,0.0525,0.0
KXCPI-25JUN,2025-06-07,38,2025-07-15,True,0.3,0.2815,0.13931170087253977,0.24,0.018500000000000016,1.0,0.0,4,0.0525,0.0
KXCPI-25JUN,2025-06-08,37,2025-07-15,True,0.3,0.274,0.18034411551253898,0.24,0.025999999999999968,1.0,0.0,8,0.049999999999999996,0.0
KXCPI-25JUN,2025-06-09,36,2025-07-15,True,0.3,0.274,0.18034411551253898,0.24,0.025999999999999968,1.0,0.0,8,0.049999999999999996,0.0
KXCPI-25JUN,2025-06-10,35,2025-07-15,True,0.3,0.273,0.18157918382898405,0.24,0.02699999999999997,1.0,0.0,8,0.049999999999999996,75.0
KXCPI-25JUN,2025-06-11,34,2025-07-15,True,0.3,0.26075000000000004,0.1587354324024728,0.42000000000000004,0.03924999999999995,1.0,0.020000000000000018,7,0.17142857142857143,5970.0
KXCPI-25JUN,2025-06-12,33,2025-07-15,True,0.3,0.2615,0.15351791426410147,0.37,0.03849999999999998,1.0,0.0,8,0.06125000000000001,54412.0
KXCPI-25JUN,2025-06-13,32,2025-07-15,True,0.3,0.268,0.157403938959608,0.37000000000000005,0.03199999999999997,1.0,0.0,8,0.045,19032.0
KXCPI-25JUN,2025-06-14,31,2025-07-15,True,0.3,0.25675000000000003,0.15824644545771005,0.21000000000000002,0.043249999999999955,1.0,0.015000000000000013,7,0.09142857142857143,9795.0
KXCPI-25JUN,2025-06-15,30,2025-07-15,True,0.3,0.263,0.1537237782517721,0.295,0.03699999999999998,1.0,0.010000000000000009,8,0.0475,16061.0
KXCPI-25JUN,2025-06-16,29,2025-07-15,True,0.3,0.2555,0.1614612956717492,0.21999999999999997,0.044499999999999984,1.0,0.135,8,0.16,12799.0
KXCPI-25JUN,2025-06-17,28,2025-07-15,True,0.3,0.25425,0.15586672993297834,0.195,0.04575000000000001,1.0,0.0,7,0.1042857142857143,26795.0
KXCPI-25JUN,2025-06-18,27,2025-07-15,True,0.3,0.26549999999999996,0.15956111681734997,0.27999999999999997,0.03450000000000003,1.0,0.0,8,0.05125,11911.0
KXCPI-25JUN,2025-06-19,26,2025-07-15,True,0.3,0.26649999999999996,0.14808021474862873,0.26,0.03350000000000003,1.0,0.0,8,0.03875000000000001,23963.0
KXCPI-25JUN,2025-06-20,25,2025-07-15,True,0.3,0.27599999999999997,0.16316862443496913,0.27999999999999997,0.02400000000000002,1.0,0.0,8,0.027500000000000007,22532.0
KXCPI-25JUN,2025-06-21,24,2025-07-15,True,0.3,0.2744999999999999,0.16093399268022898,0.2799999999999999,0.025500000000000078,1.0000000000000002,0.0,8,0.03625000000000001,4448.0
KXCPI-25JUN,2025-06-22,23,2025-07-15,True,0.3,0.286,0.1483374531263093,0.28,0.014000000000000012,1.0,0.0,8,0.04250000000000001,25206.0
KXCPI-25JUN,2025-06-23,22,2025-07-15,True,0.3,0.262,0.14951922953252536,0.285,0.03799999999999998,1.0,0.0,8,0.047500000000000014,21153.0
KXCPI-25JUN,2025-06-24,21,2025-07-15,True,0.3,0.267,0.15591985120567553,0.3,0.032999999999999974,1.0,0.0,8,0.034999999999999996,21094.0
KXCPI-25JUN,2025-06-25,20,2025-07-15,True,0.3,0.265,0.15866631652622432,0.315,0.034999999999999976,1.0,0.0,8,0.0275,29434.0
KXCPI-25JUN,2025-06-26,19,2025-07-15,True,0.3,0.26100000000000007,0.1512580576366099,0.315,0.038999999999999924,1.0,0.0,8,0.03,15629.0
KXCPI-25JUN,2025-06-27,18,2025-07-15,True,0.3,0.23649999999999996,0.1572187965861589,0.3,0.06350000000000003,1.0,0.0,8,0.04374999999999998,35664.0
KXCPI-25JUN,2025-06-28,17,2025-07-15,True,0.3,0.2545,0.12953667434360047,0.32499999999999996,0.045499999999999985,1.0,0.0,8,0.03125000000000001,7890.0
KXCPI-25JUN,2025-06-29,16,2025-07-15,True,0.3,0.244,0.1412940196894405,0.32499999999999996,0.055999999999999994,1.0,0.010000000000000009,8,0.029999999999999992,10875.0
KXCPI-25JUN,2025-06-30,15,2025-07-15,True,0.3,0.2425,0.13016816046944812,0.31,0.057499999999999996,1.0,0.0,8,0.021250000000000012,38220.0
KXCPI-25JUN,2025-07-01,14,2025-07-15,True,0.3,0.2465,0.1311020594803911,0.30999999999999994,0.05349999999999999,1.0,0.0,8,0.028750000000000005,37660.0
KXCPI-25JUN,2025-07-02,13,2025-07-15,True,0.3,0.24100000000000008,0.1273538377906218,0.30500000000000005,0.058999999999999914,0.9999999999999999,0.0,8,0.022500000000000006,42120.0
KXCPI-25JUN,2025-07-03,12,2025-07-15,True,0.3,0.247,0.11912598373151007,0.32499999999999996,0.05299999999999999,1.0,0.0,8,0.02750000000000001,34304.0
KXCPI-25JUN,2025-07-04,11,2025-07-15,True,0.3,0.2405,0.131566523097633,0.31,0.0595,1.0,0.0,8,0.031250000000000014,31434.0
KXCPI-25JUN,2025-07-05,10,2025-07-15,True,0.3,0.24100000000000002,0.12696062381699297,0.31,0.05899999999999997,1.0,0.0,8,0.025000000000000012,12552.0
KXCPI-25JUN,2025-07-06,9,2025-07-15,True,0.3,0.24300000000000002,0.13096182649917493,0.31,0.05699999999999997,1.0,0.009999999999999898,8,0.030000000000000002,5131.0
KXCPI-25JUN,2025-07-07,8,2025-07-15,True,0.3,0.22549999999999998,0.13674702921818815,0.28,0.07450000000000001,1.0,0.0,8,0.04125000000000001,93582.0
KXCPI-25JUN,2025-07-08,7,2025-07-15,True,0.3,0.2435,0.1430305911335054,0.305,0.056499999999999995,1.0,0.0,8,0.05124999999999999,73388.0
KXCPI-25JUN,2025-07-09,6,2025-07-15,True,0.3,0.224,0.13425349157470728,0.27999999999999997,0.07599999999999998,1.0,0.0,8,0.022499999999999996,117292.0
KXCPI-25JUN,2025-07-10,5,2025-07-15,True,0.3,0.2295,0.12441764344336376,0.33999999999999997,0.07049999999999998,1.0,0.0,8,0.02375,61572.0
KXCPI-25JUN,2025-07-11,4,2025-07-15,True,0.3,0.23600000000000002,0.1179152237838694,0.31499999999999995,0.06399999999999997,1.0,0.0,8,0.01750000000000001,64502.0
KXCPI-25JUN,2025-07-12,3,2025-07-15,True,0.3,0.2295,0.11781235079566149,0.29000000000000004,0.07049999999999998,1.0,0.0,8,0.021250000000000012,48985.0
KXCPI-25JUN,2025-07-13,2,2025-07-15,True,0.3,0.23500000000000001,0.11608186766243901,0.33999999999999997,0.06499999999999997,1.0,0.0,8,0.027500000000000014,59438.0
KXCPI-25JUN,2025-07-14,1,2025-07-15,True,0.3,0.2525,0.1348842096021621,0.22999999999999998,0.04749999999999999,1.0,0.22,8,0.17125,267582.0
KXCPI-25MAR,2025-03-04,37,2025-04-10,True,-0.1,0.274,0.13199999999999998,0.03499999999999992,0.374,1.0,0.019999999999999907,5,0.07599999999999998,2896.0
KXCPI-25MAR,2025-03-05,36,2025-04-10,True,-0.1,0.269,0.13542156401400776,0.030000000000000027,0.369,1.0,0.0,5,0.07200000000000002,469.0
KXCPI-25MAR,2025-03-06,35,2025-04-10,True,-0.1,0.278,0.11754148203932091,0.22999999999999998,0.378,1.0,0.0,3,0.08000000000000003,0.0
KXCPI-25MAR,2025-03-07,34,2025-04-10,True,-0.1,0.278,0.11754148203932091,0.22999999999999998,0.378,1.0,0.0,3,0.08000000000000003,0.0
KXCPI-25MAR,2025-03-08,33,2025-04-10,True,-0.1,0.274,0.12539537471533788,0.04499999999999993,0.374,1.0,0.0,4,0.07500000000000001,0.0
KXCPI-25MAR,2025-03-10,31,2025-04-10,True,-0.1,0.26949999999999996,0.12607438280634176,0.05499999999999994,0.36949999999999994,1.0,0.0,8,0.05750000000000001,427.0
KXCPI-25MAR,2025-03-11,30,2025-04-10,True,-0.1,0.1515,0.16339446135043867,0.14500000000000002,0.2515,1.0,0.0,5,0.10200000000000001,14844.0
KXCPI-25MAR,2025-03-12,29,2025-04-10,True,-0.1,0.14500000000000002,0.15580436450882884,0.14500000000000002,0.24500000000000002,1.0,0.0,5,0.04400000000000002,3212.0
KXCPI-25MAR,2025-03-13,28,2025-04-10,True,-0.1,0.15249999999999997,0.16215347668181523,0.14,0.25249999999999995,1.0,0.0,5,0.04200000000000001,4594.0
KXCPI-25MAR,2025-03-14,27,2025-04-10,True,-0.1,0.128,0.15367498169838842,0.17000000000000007,0.228,0.9999999999999999,0.0,5,0.039999999999999994,2876.0
KXCPI-25MAR,2025-03-15,26,2025-04-10,True,-0.1,0.1285,0.15504112357694008,0.17000000000000004,0.2285,1.0,0.0,5,0.037999999999999985,4996.0
KXCPI-25MAR,2025-03-16,25,2025-04-10,True,-0.1,0.12499999999999999,0.1567641540659088,0.1899999999999999,0.22499999999999998,1.0000000000000002,0.0,5,0.05199999999999998,8284.0
KXCPI-25MAR,2025-03-17,24,2025-04-10,True,-0.1,0.123,0.1561121391820636,0.19999999999999996,0.223,1.0,0.0,5,0.05199999999999997,249.0
KXCPI-25MAR,2025-03-18,23,2025-04-10,True,-0.1,0.09600000000000002,0.14759403781996072,0.21999999999999997,0.196,1.0,0.0,5,0.06000000000000002,10181.0
KXCPI-25MAR,2025-03-19,22,2025-04-10,True,-0.1,0.104,0.14312232530251878,0.18500000000000005,0.20400000000000001,1.0,0.0,5,0.052000000000000005,6487.0
KXCPI-25MAR,2025-03-20,21,2025-04-10,True,-0.1,0.10600000000000002,0.14164744967700618,0.16999999999999993,0.20600000000000002,1.0,0.0,5,0.044,121.0
KXCPI-25MAR,2025-03-21,20,2025-04-10,True,-0.1,0.106,0.14022838514366484,0.16500000000000004,0.20600000000000002,1.0,0.0,5,0.048000000000000015,27.0
KXCPI-25MAR,2025-03-22,19,2025-04-10,True,-0.1,0.10099999999999999,0.13471822445385778,0.16500000000000004,0.201,1.0,0.0,4,0.047500000000000014,111.0
KXCPI-25MAR,2025-03-23,18,2025-04-10,True,-0.1,0.0965,0.12898740248566914,0.16500000000000004,0.1965,1.0,0.0,4,0.047500000000000014,910.0
KXCPI-25MAR,2025-03-24,17,2025-04-10,True,-0.1,0.08975,0.1247294572264307,0.16500000000000004,0.18975,1.0,0.0,3,0.05000000000000001,373.0
KXCPI-25MAR,2025-03-25,16,2025-04-10,True,-0.1,0.098,0.1272635061594643,0.15500000000000003,0.198,1.0,0.0,4,0.03500000000000001,3991.0
KXCPI-25MAR,2025-03-26,15,2025-04-10,True,-0.1,0.097,0.12763620176109913,0.16000000000000003,0.197,1.0,0.0,4,0.04500000000000001,2729.0
KXCPI-25MAR,2025-03-27,14,2025-04-10,True,-0.1,0.0985,0.12746666230822867,0.16000000000000003,0.1985,1.0,0.0,4,0.04250000000000002,21.0
KXCPI-25MAR,2025-03-28,13,2025-04-10,True,-0.1,0.1065,0.13117831375650474,0.13,0.20650000000000002,1.0,0.0,5,0.05400000000000001,2845.0
KXCPI-25MAR,2025-03-29,12,2025-04-10,True,-0.1,0.0975,0.12386989141837497,0.14,0.1975,1.0,0.0,4,0.05750000000000002,3568.0
KXCPI-25MAR,2025-03-30,11,2025-04-10,True,-0.1,0.0985,0.12307619591131341,0.125,0.1985,1.0,0.0,4,0.05750000000000002,645.0
KXCPI-25MAR,2025-03-31,10,2025-04-10,True,-0.1,0.103,0.12724386036269097,0.10999999999999999,0.203,1.0,0.0,5,0.06000000000000002,346.0
KXCPI-25MAR,2025-04-01,9,2025-04-10,True,-0.1,0.10749999999999997,0.12607041683122971,0.10000000000000009,0.20749999999999996,1.0,0.0,5,0.06599999999999998,12734.0
KXCPI-25MAR,2025-04-02,8,2025-04-10,True,-0.1,0.10050000000000002,0.10464105312925709,0.06000000000000006,0.2005,0.9999999999999999,0.0,4,0.06749999999999998,5023.0
KXCPI-25MAR,2025-04-03,7,2025-04-10,True,-0.1,0.0995,0.1060648386601328,0.06000000000000005,0.1995,1.0,0.0,5,0.04599999999999998,962.0
KXCPI-25MAR,2025-04-04,6,2025-04-10,True,-0.1,0.10600000000000002,0.1129778739399888,0.05499999999999994,0.20600000000000002,1.0,0.0,5,0.05999999999999998,2525.0
KXCPI-25MAR,2025-04-05,5,2025-04-10,True,-0.1,0.10550000000000002,0.11366507819026914,0.05499999999999994,0.20550000000000002,1.0,0.0,5,0.05399999999999997,92.0
KXCPI-25MAR,2025-04-06,4,2025-04-10,True,-0.1,0.10250000000000001,0.1046123797645384,0.05499999999999994,0.2025,1.0,0.0,4,0.04749999999999996,519.0
KXCPI-25MAR,2025-04-07,3,2025-04-10,True,-0.1,0.111,0.10667239567948215,0.04500000000000004,0.21100000000000002,1.0,0.0,5,0.040000000000000015,3342.0
KXCPI-25MAR,2025-04-08,2,2025-04-10,True,-0.1,0.11400000000000003,0.10537551897855592,0.04499999999999993,0.21400000000000002,1.0,0.0,5,0.048,2140.0
KXCPI-25MAR,2025-04-09,1,2025-04-10,True,-0.1,0.07250000000000001,0.12038999127834506,0.07499999999999996,0.17250000000000001,1.0,0.0,5,0.198,114577.0
KXCPI-25MAR,2025-04-10,0,2025-04-10,True,-0.1,0.08900000000000002,0.11823282116231516,0.07499999999999997,0.18900000000000003,0.9999999999999999,0.0,5,0.24000000000000005,3620.0
KXCPI-25MAY,2025-04-11,61,2025-06-11,True,0.1,0.16949999999999998,0.1852559040894514,0.1499999999999999,0.06949999999999998,1.0,0.0,5,0.14199999999999996,4750.0
KXCPI-25MAY,2025-04-13,59,2025-06-11,True,0.1,0.17500000000000002,0.17853571071357124,0.1499999999999999,0.07500000000000001,1.0,0.0,5,0.07999999999999999,0.0
KXCPI-25MAY,2025-04-14,58,2025-06-11,True,0.1,0.1895,0.17787565881817555,0.29500000000000004,0.0895,1.0,0.0,5,0.198,0.0
KXCPI-25MAY,2025-04-15,57,2025-06-11,True,0.1,0.272,0.09282241108697835,0.61,0.17200000000000001,1.0,0.0,2,0.72,0.0
KXCPI-25MAY,2025-04-16,56,2025-06-11,True,0.1,0.2205,0.1258163343926376,0.45500000000000007,0.1205,1.0,0.0,3,0.04999999999999998,0.0
KXCPI-25MAY,2025-04-18,54,2025-06-11,True,0.1,0.272,0.09282241108697835,0.61,0.17200000000000001,1.0,0.0,2,0.72,0.0
KXCPI-25MAY,2025-04-22,50,2025-06-11,True,0.1,0.23200000000000004,0.16378644632569572,0.21999999999999997,0.13200000000000003,1.0,0.0,3,0.6133333333333334,0.0
KXCPI-25MAY,2025-04-24,48,2025-06-11,True,0.1,0.22700000000000004,0.17641145087550297,0.26,0.12700000000000003,1.0,0.0,4,0.45,1250.0
KXCPI-25MAY,2025-04-25,47,2025-06-11,True,0.1,0.214,0.18815950680207472,0.18000000000000005,0.11399999999999999,1.0,0.0,6,0.043333333333333356,12.0
KXCPI-25MAY,2025-04-26,46,2025-06-11,True,0.1,0.20600000000000002,0.19303885619221844,0.17000000000000004,0.10600000000000001,1.0,0.0,6,0.07333333333333335,500.0
KXCPI-25MAY,2025-04-27,45,2025-06-11,True,0.1,0.20350000000000001,0.1927115720448567,0.17500000000000004,0.10350000000000001,1.0,0.0,6,0.06833333333333334,150.0
KXCPI-25MAY,2025-04-28,44,2025-06-11,True,0.1,0.20450000000000002,0.1916500717453557,0.17999999999999994,0.10450000000000001,1.0,0.0,6,0.07833333333333332,42.0
KXCPI-25MAY,2025-04-29,43,2025-06-11,True,0.1,0.211,0.18649128665972575,0.18499999999999994,0.11099999999999999,1.0,0.0,6,0.06666666666666667,1400.0
KXCPI-25MAY,2025-04-30,42,2025-06-11,True,0.1,0.22349999999999998,0.21094489801841618,0.18499999999999994,0.12349999999999997,1.0,0.235,7,0.16571428571428573,0.0
KXCPI-25MAY,2025-05-01,41,2025-06-11,True,0.1,0.1955,0.16801711222372562,0.18499999999999994,0.0955,1.0,0.0,5,0.06600000000000002,0.0
KXCPI-25MAY,2025-05-02,40,2025-06-11,True,0.1,0.16900000000000004,0.13634148304899726,0.3799999999999999,0.06900000000000003,1.0,0.0,3,0.07,0.0
KXCPI-25MAY,2025-05-03,39,2025-06-11,True,0.1,0.1955,0.16801711222372562,0.18499999999999994,0.0955,1.0,0.0,5,0.06200000000000001,10.0
KXCPI-25MAY,2025-05-04,38,2025-06-11,True,0.1,0.207,0.19013416315854445,0.17000000000000004,0.10699999999999998,1.0,0.0,6,0.07333333333333335,750.0
KXCPI-25MAY,2025-05-05,37,2025-06-11,True,0.1,0.1935,0.1703166169227184,0.17499999999999993,0.0935,1.0,0.0,5,0.07000000000000002,0.0
KXCPI-25MAY,2025-05-06,36,2025-06-11,True,0.1,0.18374999999999997,0.23167528461188946,0.049999999999999975,0.08374999999999996,1.0000000000000002,0.0,5,0.6500000000000001,0.0
KXCPI-25MAY,2025-05-07,35,2025-06-11,True,0.1,0.20475,0.23111671834811087,0.17499999999999993,0.10474999999999998,1.0,0.0,6,0.44166666666666665,100.0
KXCPI-25MAY,2025-05-08,34,2025-06-11,True,0.1,0.192,0.1985849943978648,0.44999999999999996,0.092,1.0,0.0,4,0.36,0.0
KXCPI-25MAY,2025-05-09,33,2025-06-11,True,0.1,0.17299999999999996,0.20290638235403047,0.19999999999999996,0.07299999999999995,1.0,0.0,7,0.09714285714285713,0.0
KXCPI-25MAY,2025-05-10,32,2025-06-11,True,0.1,0.18049999999999997,0.20705011470656084,0.24,0.08049999999999996,1.0,0.0,7,0.05571428571428568,50.0
KXCPI-25MAY,2025-05-11,31,2025-06-11,True,0.1,0.17699999999999996,0.2024129442501146,0.20499999999999996,0.07699999999999996,1.0,0.0,7,0.0857142857142857,0.0
KXCPI-25MAY,2025-05-12,30,2025-06-11,True,0.1,0.17300000000000004,0.19227844392963034,0.2100000000000001,0.07300000000000004,0.9999999999999999,0.0,6,0.07999999999999997,0.0
KXCPI-25MAY,2025-05-13,29,2025-06-11,True,0.1,0.2105,0.1484579064920424,0.19000000000000006,0.11049999999999999,1.0,0.0,7,0.029999999999999992,46847.0
KXCPI-25MAY,2025-05-14,28,2025-06-11,True,0.1,0.20350000000000001,0.1524393321948112,0.17499999999999993,0.10350000000000001,1.0,0.0,7,0.029999999999999995,19773.0
KXCPI-25MAY,2025-05-15,27,2025-06-11,True,0.1,0.20350000000000001,0.15600560887352735,0.19499999999999995,0.10350000000000001,1.0,0.0,7,0.027142857142857135,12584.0
KXCPI-25MAY,2025-05-16,26,2025-06-11,True,0.1,0.20650000000000002,0.15939808656317053,0.16999999999999993,0.10650000000000001,1.0,0.0,7,0.02428571428571428,11126.0
KXCPI-25MAY,2025-05-17,25,2025-06-11,True,0.1,0.20650000000000002,0.15939808656317048,0.15999999999999992,0.10650000000000001,1.0,0.0,7,0.01857142857142858,9170.0
KXCPI-25MAY,2025-05-18,24,2025-06-11,True,0.1,0.20450000000000002,0.15533753570853373,0.1449999999999999,0.10450000000000001,1.0,0.0,7,0.03857142857142855,38595.0
KXCPI-25MAY,2025-05-19,23,2025-06-11,True,0.1,0.20999999999999996,0.15231546211727817,0.19500000000000006,0.10999999999999996,1.0,0.0,7,0.028571428571428553,20992.0
KXCPI-25MAY,2025-05-20,22,2025-06-11,True,0.1,0.215,0.1522333734763833,0.18499999999999994,0.11499999999999999,1.0,0.0,7,0.03714285714285714,13285.0
KXCPI-25MAY,2025-05-21,21,2025-06-11,True,0.1,0.21549999999999997,0.1483568333444739,0.17000000000000004,0.11549999999999996,1.0,0.0,7,0.03000000000000001,21664.0
KXCPI-25MAY,2025-05-22,20,2025-06-11,True,0.1,0.21099999999999997,0.1444956746757494,0.19500000000000006,0.11099999999999996,1.0,0.0,7,0.02285714285714286,19722.0
KXCPI-25MAY,2025-05-23,19,2025-06-11,True,0.1,0.21000000000000002,0.14422205101855956,0.21500000000000008,0.11000000000000001,1.0,0.0,7,0.019999999999999997,4198.0
KXCPI-25MAY,2025-05-24,18,2025-06-11,True,0.1,0.20850000000000002,0.14621131967122106,0.22000000000000008,0.10850000000000001,1.0,0.0,7,0.021428571428571404,6301.0
KXCPI-25MAY,2025-05-25,17,2025-06-11,True,0.1,0.20750000000000002,0.14592378147512486,0.22000000000000008,0.10750000000000001,1.0,0.0,7,0.02142857142857141,7355.0
KXCPI-25MAY,2025-05-26,16,2025-06-11,True,0.1,0.2015,0.148484847711812,0.30500000000000005,0.1015,1.0,0.0,7,0.04714285714285714,2926.0
KXCPI-25MAY,2025-05-27,15,2025-06-11,True,0.1,0.197,0.14930170796075978,0.29500000000000004,0.097,1.0,0.0,7,0.02285714285714286,36944.0
KXCPI-25MAY,2025-05-28,14,2025-06-11,True,0.1,0.195,0.14585952145814823,0.28,0.095,1.0,0.0,7,0.022857142857142864,20830.0
KXCPI-25MAY,2025-05-29,13,2025-06-11,True,0.1,0.19,0.14662878298615178,0.275,0.09,1.0,0.0,7,0.025714285714285724,21570.0
KXCPI-25MAY,2025-05-30,12,2025-06-11,True,0.1,0.18100000000000005,0.1453925720248459,0.27,0.08100000000000004,1.0,0.0,7,0.02285714285714287,18947.0
KXCPI-25MAY,2025-05-31,11,2025-06-11,True,0.1,0.177,0.14060938802227965,0.29500000000000004,0.07699999999999999,1.0,0.0,7,0.022857142857142854,21735.0
KXCPI-25MAY,2025-06-01,10,2025-06-11,True,0.1,0.1795,0.1397488819275489,0.27,0.07949999999999999,1.0,0.0,7,0.0242857142857143,5445.0
KXCPI-25MAY,2025-06-02,9,2025-06-11,True,0.1,0.17050000000000004,0.14064049914587193,0.2549999999999999,0.07050000000000003,1.0,0.0,7,0.024285714285714275,45337.0
KXCPI-25MAY,2025-06-03,8,2025-06-11,True,0.1,0.17300000000000004,0.13442841961430627,0.265,0.07300000000000004,1.0,0.0,7,0.020000000000000007,19397.0
KXCPI-25MAY,2025-06-04,7,2025-06-11,True,0.1,0.17300000000000004,0.13442841961430627,0.255,0.07300000000000004,1.0,0.0,7,0.02000000000000001,20017.0
KXCPI-25MAY,2025-06-05,6,2025-06-11,True,0.1,0.16800000000000004,0.13029197979921867,0.27,0.06800000000000003,1.0,0.0,7,0.02285714285714285,16627.0
KXCPI-25MAY,2025-06-06,5,2025-06-11,True,0.1,0.17149999999999999,0.1266402384710326,0.29000000000000004,0.07149999999999998,1.0,0.0,7,0.027142857142857156,73210.0
KXCPI-25MAY,2025-06-07,4,2025-06-11,True,0.1,0.16400000000000003,0.12084701072016635,0.33499999999999996,0.06400000000000003,1.0,0.0,7,0.02285714285714286,38332.0
KXCPI-25MAY,2025-06-08,3,2025-06-11,True,0.1,0.1635,0.1100806522509746,0.3500000000000001,0.0635,1.0,0.005000000000000001,7,0.028571428571428564,43364.0
KXCPI-25MAY,2025-06-09,2,2025-06-11,True,0.1,0.154,0.09156418513807679,0.48,0.05399999999999999,1.0,0.01,7,0.022857142857142843,134706.0
KXCPI-25MAY,2025-06-10,1,2025-06-11,True,0.1,0.1705,0.09476154283252254,0.31999999999999995,0.07050000000000001,1.0,0.004999999999999999,7,0.03428571428571429,251556.0
KXCPI-25NOV,2025-10-17,62,2025-12-18,True,0.2,0.276,0.08957678270623477,0.55,0.07600000000000001,1.0,0.0,2,0.76,0.0
KXCPI-25NOV,2025-10-27,52,2025-12-18,True,0.2,0.26,0.14282856857085702,0.19999999999999996,0.06,1.0,0.0,5,0.07999999999999997,0.0
KXCPI-25NOV,2025-11-02,46,2025-12-18,True,0.2,0.26,0.14282856857085702,0.19999999999999996,0.06,1.0,0.0,5,0.09999999999999999,0.0
KXCPI-25NOV,2025-11-03,45,2025-12-18,True,0.2,0.26,0.14282856857085702,0.19999999999999996,0.06,1.0,0.0,5,0.09999999999999999,0.0
KXCPI-25NOV,2025-11-10,38,2025-12-18,True,0.2,0.26,0.14387494569938158,0.19500000000000006,0.06,1.0,0.0,5,0.09199999999999998,225.0
KXCPI-25NOV,2025-11-11,37,2025-12-18,True,0.2,0.24050000000000005,0.08006091430904347,0.19500000000000006,0.040500000000000036,1.0,0.0,2,0.09499999999999997,0.0
KXCPI-25NOV,2025-11-12,36,2025-12-18,True,0.2,0.251,0.14421858410066296,0.2250000000000001,0.05099999999999999,1.0,0.0,5,0.07599999999999998,3348.0
KXCPI-25NOV,2025-11-13,35,2025-12-18,True,0.2,0.273,0.12755783002230792,0.21999999999999997,0.07300000000000001,1.0,0.0,5,0.07199999999999998,1022.0
KXCPI-25NOV,2025-11-14,34,2025-12-18,True,0.2,0.27649999999999997,0.12205633945027192,0.21999999999999997,0.07649999999999996,1.0,0.0,5,0.06600000000000003,537.0
KXCPI-25NOV,2025-11-15,33,2025-12-18,True,0.2,0.28600000000000003,0.11959933110180843,0.20000000000000007,0.08600000000000002,1.0,0.0,5,0.064,2813.0
KXCPI-25NOV,2025-11-16,32,2025-12-18,True,0.2,0.28500000000000003,0.11079259903080171,0.2250000000000001,0.08500000000000002,1.0,0.0,5,0.07199999999999998,2237.0
KXCPI-25NOV,2025-11-17,31,2025-12-18,True,0.2,0.2845,0.11139905744664091,0.21999999999999997,0.08449999999999996,1.0,0.0,5,0.06999999999999998,152.0
KXCPI-25NOV,2025-11-18,30,2025-12-18,True,0.2,0.27799999999999997,0.11142710621747298,0.32499999999999996,0.07799999999999996,1.0,0.0,5,0.05599999999999998,52261.0
KXCPI-25NOV,2025-11-19,29,2025-12-18,True,0.2,0.282,0.11124747188138706,0.29499999999999993,0.08199999999999996,1.0,0.0,5,0.05199999999999999,3489.0
KXCPI-25NOV,2025-11-20,28,2025-12-18,True,0.2,0.281,0.1119776763466719,0.32500000000000007,0.08100000000000002,1.0,0.0,5,0.03599999999999999,2530.0
KXCPI-25NOV,2025-11-21,27,2025-12-18,True,0.2,0.20250000000000007,0.056953928749472596,0.9000000000000001,0.0025000000000000577,1.0,0.0,5,0.054000000000000006,175668.0
KXCPI-25NOV,2025-11-22,26,2025-12-18,True,0.2,0.20850000000000002,0.05897245119545228,0.855,0.008500000000000008,1.0,0.0,5,0.022000000000000013,8323.0
KXCPI-25NOV,2025-11-23,25,2025-12-18,True,0.2,0.20950000000000002,0.05966364051916377,0.875,0.009500000000000008,1.0,0.0,5,0.030000000000000016,9418.0
KXCPI-25NOV,2025-11-24,24,2025-12-18,True,0.2,0.21000000000000002,0.06164414002968978,0.85,0.010000000000000009,1.0,0.0,5,0.028000000000000018,8101.0
KXCPI-25NOV,2025-11-25,23,2025-12-18,True,0.2,0.2125,0.07206767652699789,0.8099999999999999,0.012499999999999983,1.0,0.0,5,0.046,7331.0
KXCPI-25NOV,2025-11-26,22,2025-12-18,True,0.2,0.21200000000000002,0.07110555533852472,0.795,0.01200000000000001,1.0,0.0,5,0.044,10288.0
KXCPI-25NOV,2025-11-27,21,2025-12-18,True,0.2,0.21100000000000002,0.06541406576570517,0.7849999999999999,0.01100000000000001,1.0,0.0,5,0.027999999999999997,3601.0
KXCPI-25NOV,2025-11-28,20,2025-12-18,True,0.2,0.212,0.07075309180523492,0.84,0.011999999999999983,1.0,0.0,4,0.02250000000000001,2267.0
KXCPI-25NOV,2025-11-29,19,2025-12-18,True,0.2,0.22100000000000003,0.08098765338000603,0.795,0.02100000000000002,0.9999999999999999,0.0,5,0.028000000000000014,4116.0
KXCPI-25NOV,2025-11-30,18,2025-12-18,True,0.2,0.22350000000000003,0.0793583643984678,0.75,0.02350000000000002,1.0,0.0,5,0.030000000000000016,9345.0
KXCPI-25NOV,2025-12-01,17,2025-12-18,True,0.2,0.22000000000000003,0.07549834435270751,0.78,0.020000000000000018,1.0,0.0,5,0.03600000000000001,8519.0
KXCPI-25NOV,2025-12-02,16,2025-12-18,True,0.2,0.221,0.07847929663293372,0.745,0.02099999999999999,0.9999999999999999,0.0,5,0.02400000000000001,8517.0
KXCPI-25NOV,2025-12-03,15,2025-12-18,True,0.2,0.22200000000000003,0.07291090453423274,0.78,0.02200000000000002,1.0,0.0,5,0.032000000000000015,47254.0
KXCPI-25NOV,2025-12-04,14,2025-12-18,True,0.2,0.22200000000000003,0.07626270385975048,0.805,0.02200000000000002,0.9999999999999999,0.0050000000000000044,5,0.030000000000000016,4638.0
KXCPI-25NOV,2025-12-05,13,2025-12-18,True,0.2,0.22000000000000003,0.0728010988928052,0.775,0.020000000000000018,0.9999999999999999,0.0,5,0.028000000000000018,24081.0
KXCPI-25NOV,2025-12-06,12,2025-12-18,True,0.2,0.21950000000000003,0.07463075773432828,0.78,0.019500000000000017,1.0,0.0,5,0.042000000000000016,3370.0
KXCPI-25NOV,2025-12-07,11,2025-12-18,True,0.2,0.22350000000000003,0.07808809128157763,0.8,0.02350000000000002,1.0,0.0,5,0.030000000000000016,2010.0
KXCPI-25NOV,2025-12-08,10,2025-12-18,True,0.2,0.22849999999999998,0.08085635411023677,0.745,0.02849999999999997,1.0,0.0,5,0.03400000000000001,55418.0
KXCPI-25NOV,2025-12-09,9,2025-12-18,True,0.2,0.22799999999999998,0.06415605972938176,0.725,0.02799999999999997,1.0,0.0050000000000000044,5,0.014000000000000012,39721.0
KXCPI-25NOV,2025-12-10,8,2025-12-18,True,0.2,0.22700000000000004,0.0739662085009094,0.665,0.027000000000000024,1.0,0.0,5,0.06400000000000002,126801.0
KXCPI-25NOV,2025-12-11,7,2025-12-18,True,0.2,0.23199999999999996,0.0719444229944198,0.6699999999999999,0.031999999999999945,1.0,0.0,5,0.044000000000000025,83434.0
KXCPI-25NOV,2025-12-12,6,2025-12-18,True,0.2,0.23500000000000001,0.07053367989832943,0.655,0.035,1.0,0.0050000000000000044,5,0.034000000000000016,33413.0
KXCPI-25NOV,2025-12-13,5,2025-12-18,True,0.2,0.246,0.07200000000000001,0.575,0.045999999999999985,1.0,0.0,4,0.10000000000000002,9079.0
KXCPI-25NOV,2025-12-14,4,2025-12-18,True,0.2,0.24800000000000003,0.06779380502671317,0.58,0.048000000000000015,1.0,0.0,3,0.05999999999999998,3107.0
KXCPI-25NOV,2025-12-15,3,2025-12-18,True,0.2,0.246,0.07130217387990355,0.57,0.045999999999999985,1.0,0.0,5,0.028000000000000004,9400.0
KXCPI-25NOV,2025-12-16,2,2025-12-18,True,0.2,0.2455,0.06913573605596458,0.56,0.045499999999999985,1.0,0.0,5,0.018000000000000013,100527.0
KXCPI-25NOV,2025-12-17,1,2025-12-18,True,0.2,0.2345,0.06212688628927093,0.625,0.034499999999999975,1.0,0.0,5,0.034000000000000016,119406.0
KXCPI-25OCT,2025-09-15,59,2025-11-13,True,0.2,0.31999999999999995,0.12961481396815724,0.20999999999999996,0.11999999999999994,1.0,0.0,5,0.07999999999999996,0.0
KXCPI-25OCT,2025-09-16,58,2025-11-13,True,0.2,0.35650000000000004,0.1495250815080868,0.1499999999999999,0.15650000000000003,1.0,0.0,6,0.09499999999999999,248.0
KXCPI-25OCT,2025-09-17,57,2025-11-13,True,0.2,0.39,0.09433981132056604,0.5,0.19,1.0,0.0,2,0.10000000000000003,0.0
KXCPI-25OCT,2025-09-18,56,2025-11-13,True,0.2,0.1875,0.19898178308578904,0.22499999999999998,0.012500000000000011,1.0,0.0,3,0.6,0.0
KXCPI-25OCT,2025-09-19,55,2025-11-13,True,0.2,0.27849999999999997,0.24776551414593598,0.09999999999999998,0.07849999999999996,1.0,0.0,4,0.38249999999999995,245.0
KXCPI-25OCT,2025-09-20,54,2025-11-13,True,0.2,0.40099999999999997,0.08887631855561977,0.39,0.20099999999999996,1.0,0.0,2,0.2899999999999999,0.0
KXCPI-25OCT,2025-09-21,53,2025-11-13,True,0.2,0.383,0.0970103087305674,0.5700000000000001,0.183,1.0,0.0,2,0.37,30.0
KXCPI-25OCT,2025-09-22,52,2025-11-13,True,0.2,0.3265,0.14438749945892132,0.18499999999999994,0.1265,1.0,0.0,6,0.09499999999999999,0.0
KXCPI-25OCT,2025-09-23,51,2025-11-13,True,0.2,0.315,0.14756354563373703,0.20999999999999996,0.11499999999999999,1.0,0.0,6,0.06666666666666664,360.0
KXCPI-25OCT,2025-09-24,50,2025-11-13,True,0.2,0.31,0.14966629547095764,0.2350000000000001,0.10999999999999999,1.0,0.0,6,0.06999999999999997,106.0
KXCPI-25OCT,2025-09-25,49,2025-11-13,True,0.2,0.33149999999999996,0.1164377516100341,0.35,0.13149999999999995,1.0,0.0,3,0.31,815.0
KXCPI-25OCT,2025-09-26,48,2025-11-13,True,0.2,0.2955,0.1500991339082275,0.27,0.09549999999999997,1.0,0.0,6,0.08833333333333332,0.0
KXCPI-25OCT,2025-09-27,47,2025-11-13,True,0.2,0.3165,0.11215056843369096,0.3600000000000001,0.11649999999999999,1.0,0.0,3,0.07666666666666665,0.0
KXCPI-25OCT,2025-09-28,46,2025-11-13,True,0.2,0.27574999999999994,0.15596293630218688,0.30499999999999994,0.07574999999999993,1.0,0.0,5,0.084,30.0
KXCPI-25OCT,2025-09-29,45,2025-11-13,True,0.2,0.2885,0.1470297588925453,0.2899999999999999,0.08849999999999997,1.0,0.0,6,0.08833333333333333,100.0
KXCPI-25OCT,2025-09-30,44,2025-11-13,True,0.2,0.2835,0.15125392556889228,0.2899999999999998,0.08349999999999996,1.0,0.0,6,0.08833333333333332,1000.0
KXCPI-25OCT,2025-10-01,43,2025-11-13,True,0.2,0.26649999999999996,0.14975897301998303,0.32999999999999985,0.06649999999999995,1.0,0.0,6,0.09833333333333331,300.0
KXCPI-25OCT,2025-10-02,42,2025-11-13,True,0.2,0.2505,0.15296976825503794,0.32,0.05049999999999999,0.9999999999999999,0.0,6,0.075,500.0
KXCPI-25OCT,2025-10-03,41,2025-11-13,True,0.2,0.25,0.15329709716755893,0.36500000000000005,0.04999999999999999,0.9999999999999999,0.0,6,0.08,200.0
KXCPI-25OCT,2025-10-04,40,2025-11-13,True,0.2,0.2825000000000001,0.10365206220813941,0.5100000000000001,0.08250000000000007,0.9999999999999999,0.0,3,0.07,0.0
KXCPI-25OCT,2025-10-05,39,2025-11-13,True,0.2,0.26800000000000007,0.11989995829857492,0.36500000000000005,0.06800000000000006,0.9999999999999999,0.0,4,0.07000000000000002,0.0
KXCPI-25OCT,2025-10-06,38,2025-11-13,True,0.2,0.2385,0.14166068614827476,0.385,0.03849999999999998,1.0,0.0,6,0.07833333333333335,2187.0
KXCPI-25OCT,2025-10-07,37,2025-11-13,True,0.2,0.22999999999999998,0.14966629547095767,0.37,0.02999999999999997,1.0,0.0,6,0.06666666666666668,666.0
KXCPI-25OCT,2025-10-08,36,2025-11-13,True,0.2,0.23199999999999998,0.1482430436816514,0.37,0.03199999999999997,1.0,0.0,6,0.07000000000000002,197.0
KXCPI-25OCT,2025-10-09,35,2025-11-13,True,0.2,0.2345,0.14477482515962506,0.375,0.034499999999999975,1.0,0.0,6,0.07166666666666668,203.0
KXCPI-25OCT,2025-10-10,34,2025-11-13,True,0.2,0.228,0.14496896219536098,0.41,0.027999999999999997,1.0,0.0,6,0.07333333333333335,800.0
KXCPI-25OCT,2025-10-11,33,2025-11-13,True,0.2,0.23400000000000004,0.10650821564555478,0.61,0.03400000000000003,1.0,0.0,4,0.26,266.0
KXCPI-25OCT,2025-10-12,32,2025-11-13,True,0.2,0.21949999999999997,0.1451542283228429,0.44499999999999995,0.019499999999999962,1.0,0.0,6,0.07166666666666668,0.0
KXCPI-25OCT,2025-10-13,31,2025-11-13,True,0.2,0.22075,0.1430277508038213,0.44499999999999995,0.02074999999999999,1.0,0.0,5,0.061999999999999986,0.0
KXCPI-25OCT,2025-10-14,30,2025-11-13,True,0.2,0.22125,0.1431290938279147,0.43999999999999995,0.02124999999999999,1.0,0.0,5,0.068,153.0
KXCPI-25OCT,2025-10-15,29,2025-11-13,True,0.2,0.2375,0.09717895862788406,0.6749999999999999,0.03749999999999998,1.0,0.0050000000000000044,4,0.26,1016.0
KXCPI-25OCT,2025-10-16,28,2025-11-13,True,0.2,0.20650000000000002,0.11877604977435476,0.4749999999999999,0.006500000000000006,1.0,0.0,6,0.07166666666666666,10731.0
KXCPI-25OCT,2025-10-17,27,2025-11-13,True,0.2,0.21700000000000003,0.11406577050105782,0.4149999999999999,0.017000000000000015,1.0,0.0,6,0.0633333333333333,2357.0
KXCPI-25OCT,2025-10-18,26,2025-11-13,True,0.2,0.22050000000000006,0.11370905856614939,0.41000000000000003,0.020500000000000046,1.0,0.0,6,0.07166666666666666,1180.0
KXCPI-25OCT,2025-10-19,25,2025-11-13,True,0.2,0.22500000000000003,0.10712142642814274,0.39,0.025000000000000022,1.0,0.0,5,0.06799999999999999,664.0
KXCPI-25OCT,2025-10-20,24,2025-11-13,True,0.2,0.22350000000000003,0.11356826141136438,0.41000000000000003,0.02350000000000002,1.0,0.0,6,0.06166666666666664,816.0
KXCPI-25OCT,2025-10-21,23,2025-11-13,True,0.2,0.22649999999999998,0.11639480228944932,0.42499999999999993,0.026499999999999968,1.0,0.0,6,0.044999999999999984,355.0
KXCPI-25OCT,2025-10-22,22,2025-11-13,True,0.2,0.23249999999999998,0.11659223816361018,0.3550000000000001,0.03249999999999997,1.0,0.0,6,0.0183333333333333,4077.0
KXCPI-25OCT,2025-10-23,21,2025-11-13,True,0.2,0.22899999999999998,0.11295574354586842,0.4099999999999999,0.02899999999999997,1.0,0.0,6,0.023333333333333307,3750.0
KXCPI-25OCT,2025-10-24,20,2025-11-13,True,0.2,0.243,0.09566085928947116,0.485,0.04299999999999998,1.0,0.0,6,0.03333333333333334,30732.0
KXCPI-25OCT,2025-10-25,19,2025-11-13,True,0.2,0.191,0.14394096011907107,0.5900000000000001,0.009000000000000008,1.0,0.020000000000000004,6,0.15333333333333332,23047.0
KXCPI-25OCT,2025-10-26,18,2025-11-13,True,0.2,0.20400000000000001,0.10992724866929035,0.615,0.0040000000000000036,1.0,0.0,6,0.03,7966.0
KXCPI-25OCT,2025-10-27,17,2025-11-13,True,0.2,0.20750000000000005,0.11913752557443853,0.5,0.007500000000000034,1.0,0.0,6,0.04833333333333329,29138.0
KXCPI-25OCT,2025-10-28,16,2025-11-13,True,0.2,0.2095,0.11644633957321288,0.5199999999999999,0.00949999999999998,1.0,0.0,6,0.04166666666666665,2153.0
KXCPI-25OCT,2025-10-29,15,2025-11-13,True,0.2,0.2085,0.11522911958354971,0.5199999999999999,0.00849999999999998,1.0,0.0,6,0.044999999999999984,1626.0
KXCPI-25OCT,2025-10-30,14,2025-11-13,True,0.2,0.20950000000000005,0.11772743945232138,0.5000000000000001,0.009500000000000036,0.9999999999999999,0.0,6,0.04166666666666665,3630.0
KXCPI-25OCT,2025-10-31,13,2025-11-13,True,0.2,0.20900000000000002,0.11453820323368093,0.5349999999999999,0.009000000000000008,1.0,0.0,6,0.04999999999999998,5533.0
KXCPI-25OCT,2025-11-01,12,2025-11-13,True,0.2,0.21300000000000005,0.1171793497165776,0.525,0.01300000000000004,0.9999999999999999,0.0,6,0.043333333333333314,4761.0
KXCPI-25OCT,2025-11-02,11,2025-11-13,True,0.2,0.21150000000000002,0.1140953548572421,0.545,0.01150000000000001,0.9999999999999999,0.0,6,0.034999999999999996,26.0
KXCPI-25OCT,2025-11-03,10,2025-11-13,True,0.2,0.2105,0.11242664274983932,0.54,0.010499999999999982,1.0,0.0,6,0.04166666666666665,5360.0
KXCPI-25OCT,2025-11-04,9,2025-11-13,True,0.2,0.2115,0.1091684478226195,0.53,0.011499999999999982,1.0,0.0,6,0.04166666666666664,2033.0
KXCPI-25OCT,2025-11-05,8,2025-11-13,True,0.2,0.2125,0.1104253141267889,0.5250000000000001,0.012499999999999983,1.0,0.0,6,0.03499999999999997,1073.0
KXCPI-25OCT,2025-11-06,7,2025-11-13,True,0.2,0.21,0.1077032961426901,0.5149999999999999,0.009999999999999981,1.0,0.0,6,0.02999999999999997,419.0
KXCPI-25OCT,2025-11-07,6,2025-11-13,True,0.2,0.2035,0.09918543239810976,0.6050000000000001,0.0034999999999999754,1.0,0.0,6,0.03499999999999998,45232.0
KXCPI-25OCT,2025-11-08,5,2025-11-13,True,0.2,0.1865,0.10985331128372963,0.54,0.013500000000000012,1.0,0.0,6,0.028333333333333346,17222.0
KXCPI-25OCT,2025-11-09,4,2025-11-13,True,0.2,0.19550000000000006,0.10358450656348178,0.5900000000000001,0.0044999999999999485,1.0,0.0,6,0.028333333333333325,9621.0
KXCPI-25OCT,2025-11-10,3,2025-11-13,True,0.2,0.21399999999999997,0.11447270417003347,0.57,0.013999999999999957,1.0,0.0,6,0.03333333333333336,36223.0
KXCPI-25OCT,2025-11-11,2,2025-11-13,True,0.2,0.22349999999999998,0.10581942165784125,0.55,0.023499999999999965,1.0,0.0,6,0.03500000000000001,35120.0
KXCPI-25OCT,2025-11-12,1,2025-11-13,True,0.2,0.21200000000000002,0.08692525524840292,0.74,0.01200000000000001,1.0,0.0,6,0.04999999999999999,188882.0
KXCPI-25SEP,2025-08-13,63,2025-10-15,True,0.3,0.226,0.13828955130450027,0.29,0.07399999999999998,1.0,0.0,5,0.096,0.0
KXCPI-25SEP,2025-08-14,62,2025-10-15,True,0.3,0.22800000000000004,0.13717142559585796,0.3,0.07199999999999995,1.0,0.0,5,0.088,100.0
KXCPI-25SEP,2025-08-16,60,2025-10-15,True,0.3,0.2325,0.12764697411219744,0.3,0.06749999999999998,1.0,0.0,4,0.0875,0.0
KXCPI-25SEP,2025-08-18,58,2025-10-15,True,0.3,0.272,0.07884161337770809,0.3,0.02799999999999997,1.0,0.0,2,0.08000000000000003,0.0
KXCPI-25SEP,2025-08-20,56,2025-10-15,True,0.3,0.1975,0.1229583262735794,0.5,0.10249999999999998,1.0,0.0,3,0.09999999999999999,0.0
KXCPI-25SEP,2025-08-21,55,2025-10-15,True,0.3,0.26649999999999996,0.13352059766193378,0.31000000000000005,0.03350000000000003,1.0,0.0,5,0.086,5860.0
KXCPI-25SEP,2025-08-22,54,2025-10-15,True,0.3,0.29800000000000004,0.15197368193210295,0.33499999999999996,0.0019999999999999463,1.0,0.0,6,0.08666666666666666,1405.0
KXCPI-25SEP,2025-08-23,53,2025-10-15,True,0.3,0.2925,0.15888281845435645,0.33000000000000007,0.007500000000000007,1.0,0.0,5,0.088,0.0
KXCPI-25SEP,2025-08-24,52,2025-10-15,True,0.3,0.304,0.08175573374387878,0.33000000000000007,0.0040000000000000036,1.0,0.0,2,0.09,0.0
KXCPI-25SEP,2025-08-25,51,2025-10-15,True,0.3,0.30300000000000005,0.15456713751635562,0.28500000000000003,0.003000000000000058,1.0,0.0,6,0.07666666666666665,0.0
KXCPI-25SEP,2025-08-26,50,2025-10-15,True,0.3,0.30000000000000004,0.15329709716755888,0.31000000000000005,5.551115123125783e-17,1.0,0.0,6,0.07999999999999997,300.0
KXCPI-25SEP,2025-08-27,49,2025-10-15,True,0.3,0.30700000000000005,0.08277076778670113,0.30999999999999994,0.007000000000000062,1.0,0.0,2,0.06,0.0
KXCPI-25SEP,2025-08-28,48,2025-10-15,True,0.3,0.316,0.15014659503298766,0.32999999999999996,0.016000000000000014,1.0,0.0,6,0.08333333333333333,1382.0
KXCPI-25SEP,2025-08-29,47,2025-10-15,True,0.3,0.3115,0.14939126480487402,0.32999999999999996,0.01150000000000001,1.0,0.0,6,0.07166666666666666,0.0
KXCPI-25SEP,2025-08-30,46,2025-10-15,True,0.3,0.29000000000000004,0.12649110640673517,0.33499999999999996,0.009999999999999953,1.0,0.0,5,0.07199999999999998,0.0
KXCPI-25SEP,2025-08-31,45,2025-10-15,True,0.3,0.31300000000000006,0.0808146026408594,0.32999999999999996,0.013000000000000067,1.0,0.0,2,0.07000000000000003,0.0
KXCPI-25SEP,2025-09-01,44,2025-10-15,True,0.3,0.31300000000000006,0.0808146026408594,0.32999999999999996,0.013000000000000067,1.0,0.0,2,0.08000000000000004,0.0
KXCPI-25SEP,2025-09-02,43,2025-10-15,True,0.3,0.3135,0.1488883810107424,0.33499999999999996,0.013500000000000012,1.0,0.0,6,0.07500000000000001,300.0
KXCPI-25SEP,2025-09-03,42,2025-10-15,True,0.3,0.351,0.136011028964566,0.32000000000000006,0.05099999999999999,1.0,0.0,6,0.060000000000000005,1282.0
KXCPI-25SEP,2025-09-04,41,2025-10-15,True,0.3,0.347,0.13487401528834234,0.36,0.046999999999999986,1.0,0.0,6,0.06000000000000002,100.0
KXCPI-25SEP,2025-09-05,40,2025-10-15,True,0.3,0.352,0.13302631318652716,0.32999999999999996,0.05199999999999999,1.0,0.0,6,0.05333333333333335,10.0
KXCPI-25SEP,2025-09-06,39,2025-10-15,True,0.3,0.3315,0.07387658627738562,0.355,0.03150000000000003,1.0,0.0,2,0.035,0.0
KXCPI-25SEP,2025-09-08,37,2025-10-15,True,0.3,0.347,0.13149524706239388,0.345,0.046999999999999986,1.0,0.0,6,0.04666666666666667,850.0
KXCPI-25SEP,2025-09-09,36,2025-10-15,True,0.3,0.3465,0.13186261790211812,0.33999999999999997,0.046499999999999986,1.0,0.0,6,0.045000000000000005,0.0
KXCPI-25SEP,2025-09-10,35,2025-10-15,True,0.3,0.3455,0.13296522101662525,0.3350000000000001,0.045499999999999985,1.0,0.0,6,0.05166666666666666,72.0
KXCPI-25SEP,2025-09-11,34,2025-10-15,True,0.3,0.379,0.1155811403300729,0.33000000000000007,0.07900000000000001,1.0,0.0,6,0.026666666666666682,42870.0
KXCPI-25SEP,2025-09-12,33,2025-10-15,True,0.3,0.3785,0.1048224689653893,0.31499999999999995,0.07850000000000001,1.0,0.0,6,0.01833333333333335,8755.0
KXCPI-25SEP,2025-09-13,32,2025-10-15,True,0.3,0.3805,0.10133977501455192,0.31499999999999995,0.08050000000000002,1.0,0.0,6,0.021666666666666685,6999.0
KXCPI-25SEP,2025-09-14,31,2025-10-15,True,0.3,0.384,0.10365326815879952,0.2649999999999999,0.08400000000000002,1.0,0.0,6,0.016666666666666663,8075.0
KXCPI-25SEP,2025-09-15,30,2025-10-15,True,0.3,0.38799999999999996,0.10514751542475935,0.22999999999999998,0.08799999999999997,1.0,0.0,6,0.023333333333333327,26082.0
KXCPI-25SEP,2025-09-16,29,2025-10-15,True,0.3,0.393,0.09772921773962996,0.22999999999999998,0.09300000000000003,1.0,0.0,6,0.020000000000000018,3675.0
KXCPI-25SEP,2025-09-17,28,2025-10-15,True,0.3,0.39099999999999996,0.0970515327029924,0.25,0.09099999999999997,1.0,0.0,6,0.020000000000000007,11406.0
KXCPI-25SEP,2025-09-18,27,2025-10-15,True,0.3,0.386,0.098,0.2599999999999999,0.08600000000000002,1.0,0.0,6,0.02,11630.0
KXCPI-25SEP,2025-09-19,26,2025-10-15,True,0.3,0.386,0.098,0.2599999999999999,0.08600000000000002,1.0,0.0,6,0.016666666666666663,6364.0
KXCPI-25SEP,2025-09-20,25,2025-10-15,True,0.3,0.38699999999999996,0.09762684057163791,0.25,0.08699999999999997,1.0,0.0,6,0.01666666666666668,939.0
KXCPI-25SEP,2025-09-21,24,2025-10-15,True,0.3,0.38749999999999996,0.09845684333757611,0.235,0.08749999999999997,1.0,0.0,6,0.025000000000000022,11750.0
KXCPI-25SEP,2025-09-22,23,2025-10-15,True,0.3,0.38749999999999996,0.0974358763495254,0.245,0.08749999999999997,1.0,0.0,6,0.021666666666666667,2377.0
KXCPI-25SEP,2025-09-23,22,2025-10-15,True,0.3,0.38749999999999996,0.0932402809948576,0.22999999999999998,0.08749999999999997,1.0,0.0,6,0.015000000000000013,3077.0
KXCPI-25SEP,2025-09-24,21,2025-10-15,True,0.3,0.379,0.09674192472759677,0.27,0.07900000000000001,1.0,0.0,6,0.016666666666666663,35841.0
KXCPI-25SEP,2025-09-25,20,2025-10-15,True,0.3,0.3755,0.09874082235833365,0.28500000000000003,0.07550000000000001,1.0,0.0,6,0.025000000000000005,8692.0
KXCPI-25SEP,2025-09-26,19,2025-10-15,True,0.3,0.37349999999999994,0.0951196614796331,0.28500000000000003,0.07349999999999995,1.0,0.0,6,0.024999999999999998,18004.0
KXCPI-25SEP,2025-09-27,18,2025-10-15,True,0.3,0.372,0.09547774609824008,0.28500000000000003,0.07200000000000001,1.0,0.0,6,0.020000000000000018,7437.0
KXCPI-25SEP,2025-09-28,17,2025-10-15,True,0.3,0.37149999999999994,0.09663203402598955,0.28500000000000003,0.07149999999999995,1.0,0.0,6,0.02500000000000002,2775.0
KXCPI-25SEP,2025-09-29,16,2025-10-15,True,0.3,0.37350000000000005,0.09822296065584665,0.255,0.07350000000000007,1.0,0.0,6,0.02166666666666668,25153.0
KXCPI-25SEP,2025-09-30,15,2025-10-15,True,0.3,0.373,0.0988483687270559,0.28,0.07300000000000001,1.0,0.0,6,0.026666666666666686,13416.0
KXCPI-25SEP,2025-10-01,14,2025-10-15,True,0.3,0.369,0.10019481024484253,0.31000000000000005,0.069,1.0,0.0,6,0.02333333333333335,25042.0
KXCPI-25SEP,2025-10-02,13,2025-10-15,True,0.3,0.363,0.11194194924156003,0.29000000000000004,0.063,1.0,0.0,6,0.01666666666666668,36636.0
KXCPI-25SEP,2025-10-03,12,2025-10-15,True,0.3,0.37,0.11090536506409418,0.265,0.07,1.0,0.0,6,0.020000000000000014,50473.0
KXCPI-25SEP,2025-10-04,11,2025-10-15,True,0.3,0.3655,0.1129590633813861,0.275,0.0655,1.0,0.0,6,0.025000000000000022,6171.0
KXCPI-25SEP,2025-10-05,10,2025-10-15,True,0.3,0.3675,0.11355064949175765,0.26,0.0675,1.0,0.0,6,0.021666666666666685,6978.0
KXCPI-25SEP,2025-10-06,9,2025-10-15,True,0.3,0.36550000000000005,0.10844238101406664,0.28,0.06550000000000006,1.0,0.0,6,0.02500000000000002,2670.0
KXCPI-25SEP,2025-10-07,8,2025-10-15,True,0.3,0.3645,0.11085914486410223,0.28500000000000003,0.0645,1.0,0.0,6,0.021666666666666685,2538.0
KXCPI-25SEP,2025-10-08,7,2025-10-15,True,0.3,0.365,0.10943034314119646,0.29500000000000004,0.065,1.0,0.0,6,0.02333333333333335,14232.0
KXCPI-25SEP,2025-10-09,6,2025-10-15,True,0.3,0.362,0.11338430226446694,0.30500000000000005,0.062,1.0,0.0,6,0.0366666666666667,50522.0
KXCPI-25SEP,2025-10-10,5,2025-10-15,True,0.3,0.37,0.10862780491200216,0.29999999999999993,0.07,1.0,0.0,6,0.05000000000000001,36928.0
KXCPI-25SEP,2025-10-11,4,2025-10-15,True,0.3,0.36949999999999994,0.11054297806735623,0.29500000000000004,0.06949999999999995,1.0,0.0,6,0.038333333333333365,1946.0
KXCPI-25SEP,2025-10-12,3,2025-10-15,True,0.3,0.3685,0.1102621875349841,0.30000000000000004,0.0685,1.0,0.0,6,0.04500000000000003,415.0
KXCPI-25SEP,2025-10-13,2,2025-10-15,True,0.3,0.36849999999999994,0.10515583673767234,0.32000000000000006,0.06849999999999995,1.0,0.0,6,0.03500000000000001,28367.0
KXCPI-25SEP,2025-10-14,1,2025-10-15,True,0.3,0.373,0.09731906288081488,0.29500000000000004,0.07300000000000001,1.0,0.0,6,0.023333333333333334,24645.0
KXCPI-26APR,2026-02-20,81,2026-05-12,True,0.6,0.27549999999999997,0.2462716995515319,0.245,0.3245,1.0,0.019999999999999907,7,0.47857142857142865,0.0
KXCPI-26APR,2026-02-22,79,2026-05-12,True,0.6,0.26649999999999996,0.13163491178255107,0.33999999999999997,0.3335,1.0,0.0,5,0.09,21.0
KXCPI-26APR,2026-02-23,78,2026-05-12,True,0.6,0.25,0.17233687939614084,0.065,0.35,1.0,0.0,7,0.08285714285714287,0.0
KXCPI-26APR,2026-02-24,77,2026-05-12,True,0.6,0.226,0.16069847541280535,0.045,0.374,1.0,0.0,7,0.08857142857142856,0.0
KXCPI-26APR,2026-02-25,76,2026-05-12,True,0.6,0.23550000000000007,0.1664023737811453,0.08500000000000002,0.36449999999999994,0.9999999999999999,0.0049999999999999906,7,0.08571428571428572,317.0
KXCPI-26APR,2026-02-26,75,2026-05-12,True,0.6,0.23049999999999998,0.15690681948213725,0.03,0.3695,1.0,0.0,7,0.10142857142857142,21.0
KXCPI-26APR,2026-02-27,74,2026-05-12,True,0.6,0.22599999999999998,0.16529972776747093,0.025,0.374,1.0,0.0,7,0.08857142857142859,126.0
KXCPI-26APR,2026-02-28,73,2026-05-12,True,0.6,0.2335,0.16500833312290622,0.05,0.36649999999999994,1.0,0.0,7,0.09571428571428572,120.0
KXCPI-26APR,2026-03-01,72,2026-05-12,True,0.6,0.232,0.16515447314559786,0.05,0.368,1.0,0.0,7,0.09714285714285711,19.0
KXCPI-26APR,2026-03-02,71,2026-05-12,True,0.6,0.23550000000000001,0.16489314721964643,0.05,0.36449999999999994,1.0,0.0,7,0.08714285714285715,478.0
KXCPI-26APR,2026-03-03,70,2026-05-12,True,0.6,0.244,0.17482562741200156,0.055,0.356,1.0,0.0,7,0.06571428571428574,58.0
KXCPI-26APR,2026-03-04,69,2026-05-12,True,0.6,0.257,0.13172319461658982,0.1,0.34299999999999997,1.0,0.0,4,0.06,15.0
KXCPI-26APR,2026-03-05,68,2026-05-12,True,0.6,0.2715,0.17982700019741196,0.07,0.32849999999999996,0.9999999999999999,0.0,7,0.06428571428571428,1463.0
KXCPI-26APR,2026-03-06,67,2026-05-12,True,0.6,0.2900000000000001,0.17776388834631177,0.09000000000000001,0.3099999999999999,0.9999999999999999,0.03499999999999992,7,0.052857142857142866,1035.0
KXCPI-26APR,2026-03-07,66,2026-05-12,True,0.6,0.3425,0.19935834569939628,0.22,0.25749999999999995,1.0,0.04999999999999993,7,0.27,800.0
KXCPI-26APR,2026-03-09,64,2026-05-12,True,0.6,0.357,0.20754758490524525,0.25,0.243,1.0,0.05499999999999994,14,0.042857142857142864,1369.0
KXCPI-26APR,2026-03-10,63,2026-05-12,True,0.6,0.381,0.19374983870961024,0.26,0.21899999999999997,1.0,0.0,7,0.03999999999999999,158.0
KXCPI-26APR,2026-03-11,62,2026-05-12,True,0.6,0.391,0.1703496404457608,0.105,0.20899999999999996,1.0,0.0,7,0.06571428571428571,915.0
KXCPI-26APR,2026-03-12,61,2026-05-12,True,0.6,0.4395,0.1843630928358493,0.41000000000000003,0.16049999999999998,1.0,0.0,7,0.049999999999999975,313.0
KXCPI-26APR,2026-03-13,60,2026-05-12,True,0.6,0.41900000000000004,0.17787355059142435,0.275,0.18099999999999994,1.0,0.0,7,0.07142857142857141,840.0
KXCPI-26APR,2026-03-14,59,2026-05-12,True,0.6,0.42200000000000004,0.17582946283259807,0.275,0.17799999999999994,1.0,0.0,7,0.06857142857142855,706.0
KXCPI-26APR,2026-03-15,58,2026-05-12,True,0.6,0.4265,0.17535036355822017,0.28500000000000003,0.1735,1.0,0.0,7,0.0614285714285714,145.0
KXCPI-26APR,2026-03-16,57,2026-05-12,True,0.6,0.432,0.1751456536714514,0.30500000000000005,0.16799999999999998,1.0,0.0,7,0.0514285714285714,850.0
KXCPI-26APR,2026-03-17,56,2026-05-12,True,0.6,0.477,0.16724532878379597,0.45999999999999996,0.123,1.0,0.0,7,0.03999999999999998,2985.0
KXCPI-26APR,2026-03-18,55,2026-05-12,True,0.6,0.633,0.3515835604802933,0.0,0.03300000000000003,1.0,0.06500000000000017,10,0.181,2129.0
KXCPI-26APR,2026-03-19,54,2026-05-12,True,0.6,0.649,0.3471296587732025,0.0,0.049000000000000044,1.0,0.07499999999999996,9,0.1322222222222222,6059.0
KXCPI-26APR,2026-03-20,53,2026-05-12,True,0.6,0.6764999999999999,0.2856531988268292,0.1449999999999999,0.0764999999999999,1.0,0.0,12,0.049166666666666636,2339.0
KXCPI-26APR,2026-03-21,52,2026-05-12,True,0.6,0.6905000000000001,0.2868096058363458,0.12000000000000012,0.09050000000000014,0.9999999999999999,0.0,12,0.06416666666666665,822.0
KXCPI-26APR,2026-03-22,51,2026-05-12,True,0.6,0.6850000000000002,0.31902194281898544,0.13500000000000004,0.08500000000000019,0.9999999999999999,0.03499999999999992,12,0.043333333333333335,2519.0
KXCPI-26APR,2026-03-23,50,2026-05-12,True,0.6,0.49524999999999997,0.239561970062028,0.175,0.10475000000000001,1.0,0.215,10,0.22999999999999998,1562.0
KXCPI-26APR,2026-03-24,49,2026-05-12,True,0.6,0.5015,0.3981177589608381,0.1649999999999999,0.09850000000000003,1.0000000000000002,0.17500000000000004,11,0.15818181818181817,1138.0
KXCPI-26APR,2026-03-25,48,2026-05-12,True,0.6,0.5255,0.33151131202419026,0.06,0.07450000000000001,1.0,0.015,12,0.02499999999999999,1798.0
KXCPI-26APR,2026-03-26,47,2026-05-12,True,0.6,0.5507500000000001,0.2869005707557934,0.28500000000000003,0.049249999999999905,1.0,0.06999999999999995,10,0.167,1794.0
KXCPI-26APR,2026-03-27,46,2026-05-12,True,0.6,0.5775,0.33457996054754985,0.06499999999999995,0.022499999999999964,1.0,0.0,12,0.05083333333333332,1106.0
KXCPI-26APR,2026-03-28,45,2026-05-12,True,0.6,0.5650000000000002,0.3102821296820041,0.12000000000000001,0.03499999999999981,0.9999999999999999,0.0,12,0.06333333333333334,948.0
KXCPI-26APR,2026-03-29,44,2026-05-12,True,0.6,0.5850000000000001,0.3089902911096076,0.125,0.014999999999999902,1.0,0.0,12,0.05666666666666667,773.0
KXCPI-26APR,2026-03-30,43,2026-05-12,True,0.6,0.6475,0.3056039103152969,0.11499999999999999,0.04749999999999999,1.0,0.0,12,0.04250000000000001,2317.0
KXCPI-26APR,2026-03-31,42,2026-05-12,True,0.6,0.6495000000000001,0.2993321733459336,0.08999999999999997,0.0495000000000001,1.0,0.0050000000000001155,11,0.05090909090909091,2025.0
KXCPI-26APR,2026-04-01,41,2026-05-12,True,0.6,0.7010000000000001,0.3179606893941451,0.05500000000000005,0.10100000000000009,1.0,0.0,12,0.043333333333333314,2672.0
KXCPI-26APR,2026-04-02,40,2026-05-12,True,0.6,0.6915,0.2984589586526094,0.04999999999999993,0.09150000000000003,1.0,0.0,12,0.025833333333333337,1301.0
KXCPI-26APR,2026-04-03,39,2026-05-12,True,0.6,0.6935,0.2709386461913472,0.14500000000000005,0.09350000000000003,0.9999999999999999,0.0050000000000000044,12,0.03666666666666666,3332.0
KXCPI-26APR,2026-04-04,38,2026-05-12,True,0.6,0.69,0.2963106478005811,0.08999999999999997,0.08999999999999997,1.0,0.014999999999999902,12,0.0375,2765.0
KXCPI-26APR,2026-04-05,37,2026-05-12,True,0.6,0.717,0.2751563192078278,0.10499999999999998,0.11699999999999999,1.0,0.010000000000000009,12,0.04999999999999999,4324.0
KXCPI-26APR,2026-04-06,36,2026-05-12,True,0.6,0.7115,0.2963405979611974,0.09000000000000008,0.11150000000000004,1.0,0.0050000000000000044,12,0.03999999999999999,2549.0
KXCPI-26APR,2026-04-07,35,2026-05-12,True,0.6,0.42950000000000005,0.3566226997822769,0.0,0.17049999999999993,1.0,0.33499999999999996,12,0.18916666666666668,6912.0
KXCPI-26APR,2026-04-08,34,2026-05-12,True,0.6,0.5205,0.2625447580889781,0.08499999999999996,0.07950000000000002,1.0,0.010000000000000009,12,0.030833333333333313,5216.0
KXCPI-26APR,2026-04-09,33,2026-05-12,True,0.6,0.5125,0.26850279328155974,0.08999999999999997,0.08750000000000002,1.0,0.0,12,0.01916666666666667,10130.16
KXCPI-26APR,2026-04-10,32,2026-05-12,True,0.6,0.5295,0.22842887295611303,0.17,0.07050000000000001,1.0,0.0050000000000000044,12,0.028333333333333346,28207.299999999996
KXCPI-26APR,2026-04-11,31,2026-05-12,True,0.6,0.5980000000000001,0.24350770008359082,0.265,0.0019999999999998908,1.0,0.0050000000000000044,12,0.03416666666666668,10157.65
KXCPI-26APR,2026-04-12,30,2026-05-12,True,0.6,0.6594999999999998,0.23813809019138454,0.24999999999999994,0.059499999999999775,1.0000000000000002,0.0050000000000000044,12,0.03,10086.009999999998
KXCPI-26APR,2026-04-13,29,2026-05-12,True,0.6,0.6000000000000001,0.24186773244895649,0.22999999999999998,1.1102230246251565e-16,1.0,0.0,12,0.023333333333333334,25818.74
KXCPI-26APR,2026-04-14,28,2026-05-12,True,0.6,0.5275,0.1928568121690287,0.16999999999999998,0.07250000000000001,1.0,0.0,12,0.02416666666666668,24839.89
KXCPI-26APR,2026-04-15,27,2026-05-12,True,0.6,0.53,0.2002498439450079,0.19000000000000003,0.06999999999999995,0.9999999999999999,0.0,12,0.026666666666666672,14274.400000000001
KXCPI-26APR,2026-04-16,26,2026-05-12,True,0.6,0.5495,0.1994987468632322,0.22,0.05049999999999999,1.0,0.0050000000000000044,12,0.02833333333333334,6726.929999999999
KXCPI-26APR,2026-04-17,25,2026-05-12,True,0.6,0.517,0.17003234986319518,0.17500000000000002,0.08299999999999996,1.0,0.0,12,0.02666666666666669,27056.480000000003
KXCPI-26APR,2026-04-18,24,2026-05-12,True,0.6,0.523,0.1669460990859026,0.205,0.07699999999999996,1.0,0.0050000000000000044,12,0.027500000000000007,12755.02
KXCPI-26APR,2026-04-19,23,2026-05-12,True,0.6,0.5319999999999999,0.16515447314559786,0.22000000000000003,0.06800000000000006,1.0,0.0,12,0.021666666666666678,17396.78
KXCPI-26APR,2026-04-20,22,2026-05-12,True,0.6,0.5385000000000001,0.18046537063935567,0.16,0.06149999999999989,1.0,0.0050000000000000044,12,0.025833333333333344,14952.519999999999
KXCPI-26APR,2026-04-21,21,2026-05-12,True,0.6,0.522,0.17724559232883627,0.175,0.07799999999999996,1.0,0.0050000000000000044,12,0.025833333333333347,26202.43
KXCPI-26APR,2026-04-22,20,2026-05-12,True,0.6,0.49999999999999994,0.15491933384829668,0.2,0.10000000000000003,1.0,0.0050000000000000044,12,0.02250000000000001,28387.98
KXCPI-26APR,2026-04-23,19,2026-05-12,True,0.6,0.5175,0.15856780883899485,0.19,0.08250000000000002,1.0,0.010000000000000009,12,0.020000000000000014,37143.659999999996
KXCPI-26APR,2026-04-24,18,2026-05-12,True,0.6,0.519,0.15472233193692503,0.17,0.08099999999999996,1.0,0.0,12,0.016666666666666666,20825.85
KXCPI-26APR,2026-04-25,17,2026-05-12,True,0.6,0.5225,0.15570404619020026,0.17,0.07750000000000001,1.0,0.0,12,0.02416666666666667,8271.41
KXCPI-26APR,2026-04-26,16,2026-05-12,True,0.6,0.5239999999999999,0.13720058308914,0.18,0.07600000000000007,1.0,0.0,11,0.012727272727272733,4951.67
KXCPI-26APR,2026-04-27,15,2026-05-12,True,0.6,0.5495,0.15874429123593709,0.21000000000000005,0.05049999999999999,0.9999999999999999,0.010000000000000009,11,0.0190909090909091,88699.53
KXCPI-26APR,2026-04-28,14,2026-05-12,True,0.6,0.5605,0.16519609559550738,0.28,0.03949999999999998,1.0,0.0050000000000000044,11,0.030909090909090917,25564.39
KXCPI-26APR,2026-04-29,13,2026-05-12,True,0.6,0.552,0.17086837039077776,0.30000000000000004,0.04799999999999993,0.9999999999999999,0.020000000000000018,12,0.025000000000000012,25784.84
KXCPI-26APR,2026-04-30,12,2026-05-12,True,0.6,0.559,0.17612211672586728,0.29000000000000004,0.040999999999999925,1.0,0.020000000000000018,12,0.020000000000000007,38080.159999999996
KXCPI-26APR,2026-05-01,11,2026-05-12,True,0.6,0.5625,0.13799909419992584,0.31000000000000005,0.03749999999999998,1.0,0.0,11,0.014545454545454545,53153.08
KXCPI-26APR,2026-05-02,10,2026-05-12,True,0.6,0.5615,0.13441633085306268,0.31000000000000005,0.03849999999999998,1.0,0.0,11,0.014545454545454554,9691.81
KXCPI-26APR,2026-05-03,9,2026-05-12,True,0.6,0.56,0.1315294643796591,0.33,0.039999999999999925,1.0,0.0,12,0.013333333333333341,10106.090000000002
KXCPI-26APR,2026-05-04,8,2026-05-12,True,0.6,0.56175,0.1436991214308564,0.29500000000000004,0.038250000000000006,1.0,0.0,11,0.013636363636363643,21842.08
KXCPI-26APR,2026-05-05,7,2026-05-12,True,0.6,0.5595,0.15430408290126355,0.30000000000000004,0.04049999999999998,1.0,0.010000000000000009,12,0.014166666666666668,17538.84
KXCPI-26APR,2026-05-06,6,2026-05-12,True,0.6,0.5650000000000001,0.13518505834595776,0.33000000000000007,0.03499999999999992,1.0,0.0,11,0.014545454545454554,19931.95
KXCPI-26APR,2026-05-07,5,2026-05-12,True,0.6,0.5605,0.1314904939529851,0.32500000000000007,0.03949999999999998,1.0,0.0050000000000000044,12,0.013333333333333343,31062.59
KXCPI-26APR,2026-05-08,4,2026-05-12,True,0.6,0.579,0.1279023064686482,0.345,0.02100000000000002,1.0,0.0,12,0.011666666666666674,108338.58
KXCPI-26APR,2026-05-09,3,2026-05-12,True,0.6,0.5774999999999999,0.1250749775134899,0.38,0.022500000000000075,1.0,0.0,12,0.01083333333333334,11936.82
KXCPI-26APR,2026-05-10,2,2026-05-12,True,0.6,0.5804999999999999,0.12029027392104485,0.39,0.019500000000000073,1.0,0.0,12,0.01083333333333334,21086.960000000003
KXCPI-26APR,2026-05-11,1,2026-05-12,True,0.6,0.5904999999999999,0.10936064191472178,0.42000000000000004,0.009500000000000064,1.0,0.0,12,0.01083333333333334,72953.74
KXCPI-26AUG,2026-04-14,150,2026-09-11,False,,0.28200000000000003,0.2469331893448104,,,0.9999999999999999,0.0,7,0.06,42.0
KXCPI-26AUG,2026-04-15,149,2026-09-11,False,,0.2825,0.24564964889044721,,,1.0,0.0,7,0.055714285714285716,23.0
KXCPI-26AUG,2026-04-16,148,2026-09-11,False,,0.28300000000000003,0.24922078564999348,,,1.0,0.0,7,0.0857142857142857,236.0
KXCPI-26AUG,2026-04-17,147,2026-09-11,False,,0.28800000000000003,0.2513085752615696,,,1.0,0.0,7,0.06857142857142855,17.0
KXCPI-26AUG,2026-04-18,146,2026-09-11,False,,0.28300000000000003,0.24740856897043803,,,1.0,0.0,7,0.09428571428571426,117.0
KXCPI-26AUG,2026-04-19,145,2026-09-11,False,,0.2835,0.24673416869173184,,,1.0,0.0,7,0.09285714285714283,3.0
KXCPI-26AUG,2026-04-20,144,2026-09-11,False,,0.28900000000000003,0.24688863886375978,,,1.0,0.0,6,0.04833333333333332,22.0
KXCPI-26AUG,2026-04-21,143,2026-09-11,False,,0.27999999999999997,0.25079872407968906,,,1.0,0.0,7,0.05142857142857142,8.0
KXCPI-26AUG,2026-04-22,142,2026-09-11,False,,0.28650000000000003,0.2509337561987227,,,0.9999999999999999,0.0,7,0.02999999999999997,0.0
KXCPI-26AUG,2026-04-23,141,2026-09-11,False,,0.2815,0.2467949553779412,,,1.0,0.0,7,0.0871428571428571,38.0
KXCPI-26AUG,2026-04-24,140,2026-09-11,False,,0.28049999999999997,0.24712294511032357,,,1.0,0.0,7,0.08999999999999997,6.0
KXCPI-26AUG,2026-04-25,139,2026-09-11,False,,0.2835,0.24713913085547579,,,1.0,0.0,7,0.0814285714285714,145.0
KXCPI-26AUG,2026-04-26,138,2026-09-11,False,,0.28300000000000003,0.24537929823031118,,,0.9999999999999999,0.0,7,0.07999999999999997,17.0
KXCPI-26AUG,2026-04-27,137,2026-09-11,False,,0.28700000000000003,0.24966177120256117,,,0.9999999999999999,0.0,7,0.05142857142857142,1.0
KXCPI-26AUG,2026-04-28,136,2026-09-11,False,,0.3365,0.20153845786846736,,,1.0,0.0,3,0.05333333333333329,0.0
KXCPI-26AUG,2026-04-29,135,2026-09-11,False,,0.28875,0.2520633600902757,,,1.0,0.0,6,0.02999999999999999,74.0
KXCPI-26AUG,2026-04-30,134,2026-09-11,False,,0.2915,0.2482997180828041,,,1.0,0.0,6,0.0433333333333333,15.0
KXCPI-26AUG,2026-05-01,133,2026-09-11,False,,0.296,0.25156311335328957,,,1.0,0.0,5,0.07199999999999998,0.0
KXCPI-26AUG,2026-05-02,132,2026-09-11,False,,0.3065,0.24373705093809597,,,1.0,0.0,7,0.03285714285714287,25.0
KXCPI-26AUG,2026-05-03,131,2026-09-11,False,,0.303,0.25078078076280086,,,1.0,0.0,7,0.04571428571428571,510.0
KXCPI-26AUG,2026-05-04,130,2026-09-11,False,,0.29725,0.252200193298895,,,1.0,0.0,6,0.08,134.37
KXCPI-26AUG,2026-05-05,129,2026-09-11,False,,0.3155,0.2604030529774949,,,1.0,0.0,7,0.024285714285714292,1142.08
KXCPI-26AUG,2026-05-06,128,2026-09-11,False,,0.3185,0.24638942753291992,,,1.0,0.0,7,0.038571428571428576,1054.98
KXCPI-26AUG,2026-05-07,127,2026-09-11,False,,0.2925,0.23578326912654338,,,1.0,0.0,7,0.06714285714285714,385.0
KXCPI-26AUG,2026-05-08,126,2026-09-11,False,,0.294,0.23741103596926577,,,1.0,0.0,7,0.040000000000000015,13.0
KXCPI-26AUG,2026-05-09,125,2026-09-11,False,,0.2915,0.23701845919674694,,,1.0,0.0,7,0.04142857142857143,42.0
KXCPI-26AUG,2026-05-10,124,2026-09-11,False,,0.3095,0.21722051008134566,,,1.0,0.0,4,0.03999999999999999,1.0
KXCPI-26AUG,2026-05-11,123,2026-09-11,False,,0.19500000000000003,0.1467140075112121,,,1.0,0.0,3,0.04,0.35
KXCPI-26AUG,2026-05-12,122,2026-09-11,False,,0.2925,0.24019523309174973,,,1.0,0.0,7,0.08142857142857143,1.65
KXCPI-26AUG,2026-05-13,121,2026-09-11,False,,0.2905,0.238033085935548,,,1.0,0.0,7,0.08714285714285715,1.0
KXCPI-26AUG,2026-05-14,120,2026-09-11,False,,0.294,0.23783187338958586,,,1.0,0.0,7,0.06857142857142857,192.0
KXCPI-26AUG,2026-05-15,119,2026-09-11,False,,0.3005,0.2363255170310646,,,1.0,0.0,7,0.04714285714285716,10.08
KXCPI-26AUG,2026-05-16,118,2026-09-11,False,,0.2935,0.23665956562116816,,,1.0,0.0,7,0.06714285714285714,67.00999999999999
KXCPI-26AUG,2026-05-17,117,2026-09-11,False,,0.292,0.2402831662851145,,,1.0,0.0,7,0.051428571428571435,16.009999999999998
KXCPI-26AUG,2026-05-18,116,2026-09-11,False,,0.2905,0.2495190373498583,,,1.0,0.0,7,0.058571428571428566,401.0
KXCPI-26AUG,2026-05-19,115,2026-09-11,False,,0.338,0.249110417285187,,,1.0,0.0,7,0.07714285714285717,489.02
KXCPI-26AUG,2026-05-20,114,2026-09-11,False,,0.35050000000000003,0.2481929692799536,,,1.0,0.0,7,0.08999999999999998,155.0
KXCPI-26AUG,2026-05-21,113,2026-09-11,False,,0.364,0.259430144740352,,,1.0,0.0,7,0.26285714285714284,155.0
KXCPI-26AUG,2026-05-22,112,2026-09-11,False,,0.33799999999999997,0.25329034723020927,,,1.0,0.0,7,0.08857142857142859,41.0
KXCPI-26AUG,2026-05-23,111,2026-09-11,False,,0.319,0.2522677149379206,,,1.0,0.0,7,0.08571428571428572,263.99
KXCPI-26AUG,2026-05-24,110,2026-09-11,False,,0.33175,0.22853760631458447,,,1.0,0.0,5,0.07599999999999998,1.0
KXCPI-26AUG,2026-05-25,109,2026-09-11,False,,0.31575,0.2533563448978533,,,1.0,0.0,6,0.06999999999999999,0.0
KXCPI-26AUG,2026-05-26,108,2026-09-11,False,,0.34425,0.2273311186353509,,,1.0,0.0,5,0.072,4.02
KXCPI-26AUG,2026-05-27,107,2026-09-11,False,,0.318,0.25095019426172993,,,1.0,0.0,7,0.08857142857142856,40.010000000000005
KXCPI-26AUG,2026-05-29,105,2026-09-11,False,,0.33599999999999997,0.226503863101714,,,1.0,0.0,6,0.09999999999999999,80.00999999999999
KXCPI-26AUG,2026-05-30,104,2026-09-11,False,,0.345,0.22688102609076854,,,1.0,0.0,6,0.09000000000000002,90.0
KXCPI-26AUG,2026-05-31,103,2026-09-11,False,,0.312,0.19360010330575755,,,1.0,0.0,4,0.09000000000000004,1.0
KXCPI-26AUG,2026-06-01,102,2026-09-11,False,,0.3305,0.2540073817824986,,,1.0,0.0,7,0.09,0.0
KXCPI-26AUG,2026-06-02,101,2026-09-11,False,,0.376,0.24253659517689286,,,1.0,0.0,7,0.10000000000000002,462.01
KXCPI-26AUG,2026-06-03,100,2026-09-11,False,,0.33999999999999997,0.24166091947189142,,,1.0,0.0,7,0.09714285714285716,3.0
KXCPI-26AUG,2026-06-04,99,2026-09-11,False,,0.3385,0.2401931514427503,,,1.0,0.0,6,0.09666666666666668,9.0
KXCPI-26AUG,2026-06-05,98,2026-09-11,False,,0.3405,0.24162936493729395,,,1.0,0.0,6,0.09666666666666668,22.0
KXCPI-26AUG,2026-06-06,97,2026-09-11,False,,0.3355,0.2449280506597805,,,1.0,0.0,5,0.096,0.0
KXCPI-26AUG,2026-06-07,96,2026-09-11,False,,0.3295,0.2437308966873096,,,1.0,0.0,3,0.09333333333333334,0.0
KXCPI-26AUG,2026-06-08,95,2026-09-11,False,,0.3295,0.23474400950823002,,,1.0,0.0,4,0.10000000000000002,1.0
KXCPI-26AUG,2026-06-09,94,2026-09-11,False,,0.3175,0.24133741939450662,,,1.0,0.0,7,0.07571428571428573,353.0
KXCPI-26AUG,2026-06-10,93,2026-09-11,False,,0.3195,0.24386420401526746,,,1.0,0.0,7,0.08428571428571428,100.65
KXCPI-26AUG,2026-06-11,92,2026-09-11,False,,0.322,0.23982493615135184,,,1.0,0.0,5,0.088,7.0
KXCPI-26AUG,2026-06-12,91,2026-09-11,False,,0.3155,0.24496887557402058,,,1.0,0.0,7,0.07571428571428572,48.0
KXCPI-26AUG,2026-06-13,90,2026-09-11,False,,0.24775,0.1898221206814422,,,1.0,0.0,4,0.0825,9.0
KXCPI-26AUG,2026-06-14,89,2026-09-11,False,,0.3195,0.2420118798736954,,,1.0,0.0,7,0.08714285714285716,239.0
KXCPI-26AUG,2026-06-15,88,2026-09-11,False,,0.3175,0.24319488070269898,,,1.0,0.0,7,0.08142857142857143,11.0
KXCPI-26AUG,2026-06-16,87,2026-09-11,False,,0.2915,0.24632854077430813,,,1.0,0.010000000000000009,7,0.06999999999999997,807.0
KXCPI-26AUG,2026-06-17,86,2026-09-11,False,,0.257,0.23462949516205328,,,1.0,0.004999999999999893,7,0.07285714285714283,27.0
KXCPI-26AUG,2026-06-18,85,2026-09-11,False,,0.26,0.2360084744241189,,,1.0,0.004999999999999893,6,0.07166666666666661,0.0
KXCPI-26AUG,2026-06-19,84,2026-09-11,False,,0.22199999999999995,0.22364257197590975,,,1.0000000000000002,0.0,7,0.06857142857142859,750.0
KXCPI-26AUG,2026-06-20,83,2026-09-11,False,,0.22375000000000003,0.23194490186248976,,,0.9999999999999999,0.0,6,0.05833333333333335,17.0
KXCPI-26AUG,2026-06-21,82,2026-09-11,False,,0.22600000000000003,0.2322154172315008,,,1.0,0.0,6,0.06166666666666668,31.0
KXCPI-26AUG,2026-06-22,81,2026-09-11,False,,0.22149999999999992,0.22866514819709624,,,1.0000000000000002,0.0,7,0.05571428571428573,2.0
KXCPI-26AUG,2026-06-23,80,2026-09-11,False,,0.22049999999999995,0.2256762061006875,,,1.0000000000000002,0.0,7,0.07000000000000002,2.0
KXCPI-26AUG,2026-06-24,79,2026-09-11,False,,0.22,0.22405356502408078,,,1.0,0.0,7,0.05142857142857143,27.0
KXCPI-26AUG,2026-06-25,78,2026-09-11,False,,0.2145,0.22235051158025249,,,1.0,0.0,7,0.07571428571428572,5.0
KXCPI-26AUG,2026-06-26,77,2026-09-11,False,,0.21249999999999994,0.22493054483551136,,,1.0000000000000002,0.0,7,0.049999999999999996,0.0
KXCPI-26AUG,2026-06-27,76,2026-09-11,False,,0.21300000000000002,0.22384369546627844,,,0.9999999999999999,0.0,6,0.040000000000000015,7.0
KXCPI-26AUG,2026-06-28,75,2026-09-11,False,,0.20999999999999994,0.22271057451320087,,,1.0000000000000002,0.0,7,0.04571428571428572,17.0
KXCPI-26AUG,2026-06-29,74,2026-09-11,False,,0.21400000000000002,0.2271651381704508,,,0.9999999999999999,0.0,7,0.040000000000000015,5.0
KXCPI-26AUG,2026-06-30,73,2026-09-11,False,,0.21149999999999997,0.22564961777056042,,,1.0,0.0,7,0.04142857142857143,22.14
KXCPI-26AUG,2026-07-01,72,2026-09-11,False,,0.20850000000000002,0.22063034696070258,,,0.9999999999999999,0.0,7,0.03285714285714286,12.05
KXCPI-26AUG,2026-07-02,71,2026-09-11,False,,0.214,0.2273851358378555,,,1.0,0.0,7,0.060000000000000005,38.480000000000004
KXCPI-26AUG,2026-07-03,70,2026-09-11,False,,0.2015,0.21153663985229604,,,1.0,0.0,6,0.055,0.0
KXCPI-26AUG,2026-07-04,69,2026-09-11,False,,0.21825,0.2317961119173486,,,1.0,0.0,6,0.06000000000000002,0.0
KXCPI-26AUG,2026-07-05,68,2026-09-11,False,,0.20799999999999996,0.22435685859808252,,,1.0,0.0,7,0.06,27.009999999999998
KXCPI-26AUG,2026-07-06,67,2026-09-11,False,,0.2,0.2083266665599966,,,1.0,0.0,6,0.08,32.0
KXCPI-26AUG,2026-07-07,66,2026-09-11,False,,0.20700000000000002,0.22682812876713507,,,1.0,0.0,7,0.07142857142857142,16.51
KXCPI-26AUG,2026-07-08,65,2026-09-11,False,,0.2345,0.22728781313568044,,,1.0,0.0,7,0.3671428571428571,238.0
KXCPI-26AUG,2026-07-09,64,2026-09-11,False,,0.25899999999999995,0.22895196002655227,,,1.0,0.0,5,0.434,9.0
KXCPI-26AUG,2026-07-10,63,2026-09-11,False,,0.198,0.21586106642931233,,,1.0,0.175,4,0.64,10.0
KXCPI-26AUG,2026-07-11,62,2026-09-11,False,,0.21400000000000002,0.23665164271561692,,,1.0,0.16999999999999998,4,0.6825,83.0
KXCPI-26AUG,2026-07-12,61,2026-09-11,False,,0.199,0.2172533083752696,,,1.0,0.175,4,0.6375,15.0
KXCPI-26AUG,2026-07-13,60,2026-09-11,False,,0.21149999999999997,0.23085222546035808,,,1.0,0.245,3,0.5166666666666667,0.0
KXCPI-26AUG,2026-07-14,59,2026-09-11,False,,0.16974999999999998,0.21029131579787122,,,1.0,0.265,4,0.44,18.0
KXCPI-26AUG,2026-07-15,58,2026-09-11,False,,0.17225,0.2167773915794726,,,1.0,0.32999999999999996,4,0.595,5.0
KXCPI-26AUG,2026-07-16,57,2026-09-11,False,,0.317,0.31378495821183017,,,1.0,0.07499999999999996,6,0.6816666666666666,102.00999999999999
KXCPI-26AUG,2026-07-17,56,2026-09-11,False,,0.2815,0.2782224829161008,,,1.0,0.09499999999999997,7,0.48,28.0
KXCPI-26AUG,2026-07-18,55,2026-09-11,False,,0.2645,0.2734771471256785,,,1.0,0.08499999999999996,7,0.4114285714285714,31.0
KXCPI-26AUG,2026-07-19,54,2026-09-11,False,,0.3105,0.2795348815443254,,,1.0,0.16000000000000003,7,0.47000000000000003,177.0
KXCPI-26AUG,2026-07-20,53,2026-09-11,False,,0.333,0.27750855842658256,,,1.0,0.03999999999999998,7,0.4828571428571428,88.0
KXCPI-26FEB,2026-01-24,46,2026-03-11,True,0.3,0.19125000000000003,0.2301867448399234,0.049999999999999996,0.10874999999999996,0.9999999999999999,0.0,5,0.616,0.0
KXCPI-26FEB,2026-01-29,41,2026-03-11,True,0.3,0.2685,0.12552987692179102,0.0,0.03149999999999997,1.0,0.07,3,0.4633333333333333,0.0
KXCPI-26FEB,2026-01-30,40,2026-03-11,True,0.3,0.2905,0.12633190412560083,0.07,0.009500000000000008,1.0,0.0,3,0.5633333333333332,0.0
KXCPI-26FEB,2026-01-31,39,2026-03-11,True,0.3,0.2905,0.12633190412560083,0.07,0.009500000000000008,1.0,0.0,3,0.5566666666666665,40.0
KXCPI-26FEB,2026-02-01,38,2026-03-11,True,0.3,0.14925000000000002,0.17884892367582203,0.29500000000000004,0.15074999999999997,0.9999999999999999,0.14,5,0.496,0.0
KXCPI-26FEB,2026-02-02,37,2026-03-11,True,0.3,0.1415,0.16741490375710283,0.30999999999999994,0.1585,1.0,0.0,4,0.4725,0.0
KXCPI-26FEB,2026-02-03,36,2026-03-11,True,0.3,0.2105,0.21872299833350858,0.07,0.0895,1.0,0.0,6,0.5416666666666667,35.0
KXCPI-26FEB,2026-02-04,35,2026-03-11,True,0.3,0.259,0.1603714438421005,0.07500000000000001,0.04099999999999998,1.0,0.0,4,0.565,11.0
KXCPI-26FEB,2026-02-05,34,2026-03-11,True,0.3,0.26949999999999996,0.15690681948213722,0.20000000000000007,0.030500000000000027,1.0,0.0,4,0.6225,0.0
KXCPI-26FEB,2026-02-06,33,2026-03-11,True,0.3,0.22149999999999997,0.21791684193746932,0.19999999999999996,0.07850000000000001,1.0,0.0,6,0.5783333333333335,0.0
KXCPI-26FEB,2026-02-07,32,2026-03-11,True,0.3,0.22199999999999998,0.21706220306631,0.21499999999999997,0.07800000000000001,1.0,0.0,6,0.5833333333333334,0.0
KXCPI-26FEB,2026-02-08,31,2026-03-11,True,0.3,0.22649999999999998,0.18747733196309363,0.10499999999999998,0.07350000000000001,1.0,0.0,5,0.5940000000000001,43.0
KXCPI-26FEB,2026-02-09,30,2026-03-11,True,0.3,0.247,0.18785898967044404,0.31,0.05299999999999999,1.0,0.21999999999999997,5,0.496,101.0
KXCPI-26FEB,2026-02-10,29,2026-03-11,True,0.3,0.17750000000000002,0.17640507362318125,0.49000000000000005,0.12249999999999997,1.0,0.0,2,0.48,85.0
KXCPI-26FEB,2026-02-11,28,2026-03-11,True,0.3,0.20525000000000002,0.15830330855670707,0.72,0.09474999999999997,1.0,0.0,3,0.39666666666666667,108.0
KXCPI-26FEB,2026-02-12,27,2026-03-11,True,0.3,0.242,0.19192706948213425,0.35500000000000004,0.057999999999999996,1.0,0.08500000000000008,6,0.435,120.0
KXCPI-26FEB,2026-02-13,26,2026-03-11,True,0.3,0.24450000000000002,0.12397479582560321,0.37000000000000005,0.055499999999999966,1.0,0.0,6,0.035,4731.0
KXCPI-26FEB,2026-02-14,25,2026-03-11,True,0.3,0.254,0.12034949106664308,0.34,0.045999999999999985,1.0,0.0,6,0.02999999999999999,2496.0
KXCPI-26FEB,2026-02-15,24,2026-03-11,True,0.3,0.2595,0.1158004749558481,0.36000000000000004,0.04049999999999998,1.0,0.0,6,0.021666666666666685,5094.0
KXCPI-26FEB,2026-02-16,23,2026-03-11,True,0.3,0.256,0.10892199043352083,0.4,0.043999999999999984,1.0,0.0,6,0.020000000000000014,6013.0
KXCPI-26FEB,2026-02-17,22,2026-03-11,True,0.3,0.2515,0.10245852819555823,0.4,0.04849999999999999,1.0,0.0,6,0.02500000000000002,7136.0
KXCPI-26FEB,2026-02-18,21,2026-03-11,True,0.3,0.2525,0.10145811943851513,0.44000000000000006,0.04749999999999999,1.0,0.0,6,0.03166666666666669,17131.0
KXCPI-26FEB,2026-02-19,20,2026-03-11,True,0.3,0.2495,0.10049751240702429,0.4,0.05049999999999999,1.0,0.0,6,0.028333333333333353,16394.0
KXCPI-26FEB,2026-02-20,19,2026-03-11,True,0.3,0.2545,0.10478430225945105,0.4,0.045499999999999985,1.0,0.0,6,0.02500000000000002,6530.0
KXCPI-26FEB,2026-02-21,18,2026-03-11,True,0.3,0.2515,0.09432788559063539,0.4,0.04849999999999999,1.0,0.0,6,0.021666666666666678,3544.0
KXCPI-26FEB,2026-02-22,17,2026-03-11,True,0.3,0.2485,0.0999887493671163,0.39,0.05149999999999999,1.0,0.0,6,0.01833333333333334,1796.0
KXCPI-26FEB,2026-02-23,16,2026-03-11,True,0.3,0.259,0.0995941765365827,0.42000000000000004,0.04099999999999998,1.0,0.0,6,0.026666666666666682,15202.0
KXCPI-26FEB,2026-02-24,15,2026-03-11,True,0.3,0.255,0.10185774393731681,0.43000000000000005,0.044999999999999984,1.0,0.0,6,0.033333333333333354,2874.0
KXCPI-26FEB,2026-02-25,14,2026-03-11,True,0.3,0.258,0.10017983829094554,0.42999999999999994,0.04199999999999998,1.0,0.0,6,0.02666666666666666,5989.0
KXCPI-26FEB,2026-02-26,13,2026-03-11,True,0.3,0.265,0.10571187255932987,0.41999999999999993,0.034999999999999976,1.0,0.0,6,0.019999999999999993,6740.0
KXCPI-26FEB,2026-02-27,12,2026-03-11,True,0.3,0.2685,0.10563025134874952,0.43999999999999995,0.03149999999999997,1.0,0.0,5,0.010000000000000005,21854.0
KXCPI-26FEB,2026-02-28,11,2026-03-11,True,0.3,0.26949999999999996,0.1000987012902765,0.45999999999999996,0.030500000000000027,1.0,0.0,6,0.021666666666666664,7602.0
KXCPI-26FEB,2026-03-01,10,2026-03-11,True,0.3,0.267,0.09803570778037969,0.475,0.032999999999999974,1.0,0.0,6,0.023333333333333345,4856.0
KXCPI-26FEB,2026-03-02,9,2026-03-11,True,0.3,0.266,0.10071742649611337,0.44499999999999995,0.033999999999999975,1.0,0.0,6,0.020000000000000014,6568.0
KXCPI-26FEB,2026-03-03,8,2026-03-11,True,0.3,0.259,0.1044940189675945,0.45999999999999996,0.04099999999999998,1.0,0.0,6,0.010000000000000005,9320.0
KXCPI-26FEB,2026-03-04,7,2026-03-11,True,0.3,0.2595,0.09802933234496704,0.42999999999999994,0.04049999999999998,1.0,0.0,6,0.018333333333333323,15759.0
KXCPI-26FEB,2026-03-05,6,2026-03-11,True,0.3,0.2555,0.09731264049443936,0.44000000000000006,0.044499999999999984,1.0,0.0,6,0.01833333333333334,12523.0
KXCPI-26FEB,2026-03-06,5,2026-03-11,True,0.3,0.26,0.09999999999999999,0.42500000000000004,0.03999999999999998,1.0,0.0,6,0.013333333333333345,14794.0
KXCPI-26FEB,2026-03-07,4,2026-03-11,True,0.3,0.2615,0.09883192803947517,0.43000000000000005,0.03849999999999998,1.0,0.0,6,0.011666666666666678,6906.0
KXCPI-26FEB,2026-03-09,2,2026-03-11,True,0.3,0.2515,0.10570122988877662,0.44000000000000006,0.04849999999999999,1.0,0.030000000000000027,12,0.023333333333333345,160695.0
KXCPI-26FEB,2026-03-10,1,2026-03-11,True,0.3,0.24650000000000002,0.09585275165586013,0.395,0.053499999999999964,1.0,0.0,6,0.01833333333333334,180622.0
KXCPI-26JAN,2026-01-13,31,2026-02-13,True,0.2,0.261,0.13296240070034837,0.23,0.061,0.9999999999999999,0.0,6,0.05000000000000001,5388.0
KXCPI-26JAN,2026-01-14,30,2026-02-13,True,0.2,0.20999999999999996,0.13856406460551018,0.29,0.009999999999999953,1.0,0.0,6,0.14333333333333334,31331.0
KXCPI-26JAN,2026-01-15,29,2026-02-13,True,0.2,0.22399999999999998,0.12579348154813108,0.285,0.023999999999999966,1.0,0.0,6,0.020000000000000018,17885.0
KXCPI-26JAN,2026-01-16,28,2026-02-13,True,0.2,0.22699999999999998,0.11692305161943045,0.30500000000000005,0.02699999999999997,1.0,0.0,6,0.03666666666666666,11234.0
KXCPI-26JAN,2026-01-17,27,2026-02-13,True,0.2,0.22349999999999998,0.12123427733112448,0.30000000000000004,0.023499999999999965,1.0,0.0,6,0.04833333333333334,1998.0
KXCPI-26JAN,2026-01-18,26,2026-02-13,True,0.2,0.22449999999999998,0.12509896082701888,0.29500000000000004,0.024499999999999966,1.0,0.0,6,0.05833333333333334,1872.0
KXCPI-26JAN,2026-01-19,25,2026-02-13,True,0.2,0.22499999999999998,0.1182159041753689,0.27,0.024999999999999967,1.0,0.0,5,0.05199999999999999,1287.0
KXCPI-26JAN,2026-01-20,24,2026-02-13,True,0.2,0.22350000000000003,0.12327915476673257,0.29000000000000004,0.02350000000000002,0.9999999999999999,0.0,6,0.041666666666666664,11673.0
KXCPI-26JAN,2026-01-21,23,2026-02-13,True,0.2,0.2195,0.12111874338846154,0.30999999999999994,0.01949999999999999,1.0,0.0,6,0.03833333333333333,3711.0
KXCPI-26JAN,2026-01-22,22,2026-02-13,True,0.2,0.20949999999999996,0.1267270689316217,0.31999999999999995,0.009499999999999953,1.0,0.0,6,0.028333333333333335,16734.0
KXCPI-26JAN,2026-01-23,21,2026-02-13,True,0.2,0.20500000000000004,0.12237238250520417,0.31500000000000006,0.005000000000000032,1.0,0.0,6,0.030000000000000002,8165.0
KXCPI-26JAN,2026-01-24,20,2026-02-13,True,0.2,0.204,0.12076423311560422,0.33999999999999997,0.003999999999999976,1.0,0.0,6,0.023333333333333345,1490.0
KXCPI-26JAN,2026-01-25,19,2026-02-13,True,0.2,0.208,0.11762652762026089,0.31999999999999995,0.00799999999999998,1.0,0.0,5,0.036,1085.0
KXCPI-26JAN,2026-01-26,18,2026-02-13,True,0.2,0.2125,0.11997395550701827,0.31999999999999995,0.012499999999999983,1.0,0.0,6,0.028333333333333335,1674.0
KXCPI-26JAN,2026-01-27,17,2026-02-13,True,0.2,0.21549999999999997,0.12332781519186983,0.33499999999999996,0.015499999999999958,1.0,0.0,6,0.04166666666666668,26265.0
KXCPI-26JAN,2026-01-28,16,2026-02-13,True,0.2,0.219,0.11374972527439352,0.37,0.01899999999999999,1.0,0.0,6,0.026666666666666686,6513.0
KXCPI-26JAN,2026-01-29,15,2026-02-13,True,0.2,0.21850000000000003,0.12003228732303654,0.39,0.018500000000000016,1.0,0.0,6,0.03166666666666668,3993.0
KXCPI-26JAN,2026-01-30,14,2026-02-13,True,0.2,0.21999999999999997,0.12409673645990857,0.36,0.019999999999999962,1.0,0.0,6,0.03,17487.0
KXCPI-26JAN,2026-01-31,13,2026-02-13,True,0.2,0.225,0.12757350822173072,0.315,0.024999999999999994,1.0,0.0,6,0.026666666666666682,5092.0
KXCPI-26JAN,2026-02-01,12,2026-02-13,True,0.2,0.22649999999999998,0.12667971424028396,0.33,0.026499999999999968,1.0,0.0,6,0.021666666666666664,2545.0
KXCPI-26JAN,2026-02-02,11,2026-02-13,True,0.2,0.22749999999999998,0.11787175234126282,0.34,0.02749999999999997,1.0,0.0,6,0.011666666666666652,31773.0
KXCPI-26JAN,2026-02-03,10,2026-02-13,True,0.2,0.235,0.12718097341976903,0.34,0.034999999999999976,1.0,0.0,6,0.009999999999999988,31840.0
KXCPI-26JAN,2026-02-04,9,2026-02-13,True,0.2,0.227,0.12598015716770639,0.33499999999999996,0.026999999999999996,1.0,0.0,6,0.013333333333333336,17095.0
KXCPI-26JAN,2026-02-05,8,2026-02-13,True,0.2,0.21949999999999997,0.12557766521161318,0.35,0.019499999999999962,1.0,0.0,6,0.011666666666666678,22345.0
KXCPI-26JAN,2026-02-06,7,2026-02-13,True,0.2,0.22599999999999998,0.12051555916146264,0.36,0.025999999999999968,1.0,0.0,6,0.02333333333333335,14295.0
KXCPI-26JAN,2026-02-07,6,2026-02-13,True,0.2,0.228,0.12335315156087419,0.375,0.027999999999999997,1.0,0.0,6,0.02666666666666666,4021.0
KXCPI-26JAN,2026-02-08,5,2026-02-13,True,0.2,0.23799999999999996,0.11981652640600127,0.36500000000000005,0.03799999999999995,1.0,0.0,6,0.016666666666666673,13982.0
KXCPI-26JAN,2026-02-09,4,2026-02-13,True,0.2,0.23349999999999996,0.11886021201394519,0.36500000000000005,0.033499999999999946,1.0,0.0,6,0.01833333333333333,38121.0
KXCPI-26JAN,2026-02-10,3,2026-02-13,True,0.2,0.23049999999999998,0.1184050252311953,0.36000000000000004,0.03049999999999997,1.0,0.0,6,0.011666666666666652,41174.0
KXCPI-26JAN,2026-02-11,2,2026-02-13,True,0.2,0.23149999999999998,0.11982382901576798,0.34500000000000003,0.03149999999999997,1.0,0.0,6,0.011666666666666653,49279.0
KXCPI-26JAN,2026-02-12,1,2026-02-13,True,0.2,0.22349999999999998,0.11574865010011996,0.39,0.023499999999999965,1.0,0.0,6,0.011666666666666678,148517.0
KXCPI-26JUL,2026-03-15,150,2026-08-12,False,,0.2965,0.21127647763061555,,,1.0,0.0,6,0.056666666666666664,1.0
KXCPI-26JUL,2026-03-16,149,2026-08-12,False,,0.29000000000000004,0.20396078054371136,,,1.0,0.0,7,0.06571428571428571,424.0
KXCPI-26JUL,2026-03-17,148,2026-08-12,False,,0.27399999999999997,0.21077001684300353,,,1.0,0.0,7,0.07714285714285714,260.0
KXCPI-26JUL,2026-03-18,147,2026-08-12,False,,0.286,0.2170345594600086,,,1.0,0.0,7,0.05714285714285711,65.0
KXCPI-26JUL,2026-03-19,146,2026-08-12,False,,0.26299999999999996,0.20840105565951436,,,1.0,0.0,7,0.048571428571428564,390.0
KXCPI-26JUL,2026-03-20,145,2026-08-12,False,,0.2685,0.20605278449950634,,,1.0,0.0,7,0.07857142857142854,203.0
KXCPI-26JUL,2026-03-21,144,2026-08-12,False,,0.273,0.206145579627602,,,1.0,0.0,6,0.0783333333333333,18.0
KXCPI-26JUL,2026-03-22,143,2026-08-12,False,,0.269,0.20649213060065993,,,0.9999999999999999,0.0,7,0.07999999999999997,2.0
KXCPI-26JUL,2026-03-23,142,2026-08-12,False,,0.278,0.21287555049840737,,,1.0,0.0,7,0.03999999999999999,56.0
KXCPI-26JUL,2026-03-24,141,2026-08-12,False,,0.2705,0.21208429927743355,,,1.0,0.0,7,0.044285714285714275,89.0
KXCPI-26JUL,2026-03-25,140,2026-08-12,False,,0.26549999999999996,0.2038620857344494,,,1.0,0.0,7,0.041428571428571426,300.0
KXCPI-26JUL,2026-03-26,139,2026-08-12,False,,0.27099999999999996,0.20599514557387025,,,1.0,0.0,6,0.07333333333333335,124.0
KXCPI-26JUL,2026-03-27,138,2026-08-12,False,,0.297,0.19414170082699905,,,1.0,0.0,6,0.0666666666666667,274.0
KXCPI-26JUL,2026-03-28,137,2026-08-12,False,,0.283,0.2068477701112584,,,1.0,0.0,6,0.07166666666666667,66.0
KXCPI-26JUL,2026-03-29,136,2026-08-12,False,,0.3085,0.174292139811295,,,1.0,0.0,5,0.06600000000000002,32.0
KXCPI-26JUL,2026-03-30,135,2026-08-12,False,,0.303,0.16967910890855126,,,1.0,0.0,3,0.09666666666666672,0.0
KXCPI-26JUL,2026-03-31,134,2026-08-12,False,,0.28075,0.21099037300313017,,,1.0,0.0,6,0.06000000000000003,6.0
KXCPI-26JUL,2026-04-01,133,2026-08-12,False,,0.2935,0.20978024215831192,,,1.0,0.0,5,0.042000000000000016,136.0
KXCPI-26JUL,2026-04-02,132,2026-08-12,False,,0.286,0.21726481537515455,,,1.0,0.0,7,0.051428571428571435,43.0
KXCPI-26JUL,2026-04-03,131,2026-08-12,False,,0.2885,0.2254279263977735,,,1.0,0.0,7,0.049999999999999996,762.0
KXCPI-26JUL,2026-04-04,130,2026-08-12,False,,0.2925,0.22559643170936902,,,1.0,0.0,7,0.05571428571428571,127.0
KXCPI-26JUL,2026-04-05,129,2026-08-12,False,,0.2945,0.2278590573139457,,,1.0,0.0,7,0.0557142857142857,6.0
KXCPI-26JUL,2026-04-06,128,2026-08-12,False,,0.3065,0.21262114194030657,,,1.0,0.0,6,0.051666666666666666,3.0
KXCPI-26JUL,2026-04-07,127,2026-08-12,False,,0.27349999999999997,0.22615868322927596,,,1.0,0.0,7,0.06999999999999999,381.0
KXCPI-26JUL,2026-04-08,126,2026-08-12,False,,0.251,0.2453548450713782,,,1.0,0.0,7,0.09142857142857143,491.0
KXCPI-26JUL,2026-04-09,125,2026-08-12,False,,0.2595,0.24496887557402064,,,1.0,0.0,7,0.04714285714285715,11.0
KXCPI-26JUL,2026-04-10,124,2026-08-12,False,,0.29000000000000004,0.2521904042583698,,,1.0,0.0,7,0.06,308.0
KXCPI-26JUL,2026-04-11,123,2026-08-12,False,,0.35850000000000004,0.17357347147533805,,,1.0,0.0,4,0.05749999999999998,17.0
KXCPI-26JUL,2026-04-12,122,2026-08-12,False,,0.2925,0.2519796618777,,,1.0,0.0,7,0.0642857142857143,132.0
KXCPI-26JUL,2026-04-13,121,2026-08-12,False,,0.2945,0.2502393853892708,,,1.0,0.0,7,0.04142857142857141,30.0
KXCPI-26JUL,2026-04-14,120,2026-08-12,False,,0.2925,0.24978740961065268,,,1.0,0.0,7,0.07,86.0
KXCPI-26JUL,2026-04-15,119,2026-08-12,False,,0.304,0.23169807940507403,,,1.0,0.0,6,0.06999999999999999,47.0
KXCPI-26JUL,2026-04-16,118,2026-08-12,False,,0.2975,0.25207885670956226,,,1.0,0.0,7,0.08714285714285716,121.0
KXCPI-26JUL,2026-04-17,117,2026-08-12,False,,0.304,0.2525549445170298,,,1.0,0.0,7,0.07714285714285714,1.0
KXCPI-26JUL,2026-04-18,116,2026-08-12,False,,0.296,0.25295058806019804,,,1.0,0.0,7,0.0857142857142857,73.0
KXCPI-26JUL,2026-04-19,115,2026-08-12,False,,0.2965,0.2522652373990519,,,1.0,0.0,7,0.08999999999999998,7.0
KXCPI-26JUL,2026-04-20,114,2026-08-12,False,,0.2955,0.252249380574066,,,1.0,0.0,7,0.0642857142857143,7.0
KXCPI-26JUL,2026-04-21,113,2026-08-12,False,,0.2955,0.2530410045822613,,,1.0,0.0,7,0.06714285714285714,6.0
KXCPI-26JUL,2026-04-22,112,2026-08-12,False,,0.29600000000000004,0.2541338230145684,,,1.0,0.0,7,0.05428571428571428,0.0
KXCPI-26JUL,2026-04-23,111,2026-08-12,False,,0.3005,0.2524871283847951,,,1.0,0.0,7,0.09,34.0
KXCPI-26JUL,2026-04-24,110,2026-08-12,False,,0.3065,0.2549661742270923,,,1.0,0.0,7,0.0842857142857143,175.0
KXCPI-26JUL,2026-04-25,109,2026-08-12,False,,0.313,0.25559929577367774,,,1.0,0.0,7,0.07142857142857142,37.0
KXCPI-26JUL,2026-04-26,108,2026-08-12,False,,0.3075,0.2525742465098134,,,1.0,0.0,7,0.07857142857142856,21.0
KXCPI-26JUL,2026-04-27,107,2026-08-12,False,,0.312,0.2548646699721246,,,1.0,0.0,7,0.0457142857142857,9.0
KXCPI-26JUL,2026-04-28,106,2026-08-12,False,,0.31,0.25401771591761074,,,1.0,0.0,6,0.03999999999999999,8.0
KXCPI-26JUL,2026-04-29,105,2026-08-12,False,,0.3145,0.26365650001469715,,,1.0,0.0,6,0.031666666666666676,205.0
KXCPI-26JUL,2026-04-30,104,2026-08-12,False,,0.3185,0.2602071290337757,,,1.0,0.0,7,0.04714285714285714,331.0
KXCPI-26JUL,2026-05-01,103,2026-08-12,False,,0.33075,0.23888687176150974,,,1.0,0.0,5,0.076,0.0
KXCPI-26JUL,2026-05-02,102,2026-08-12,False,,0.3245,0.2589396647869924,,,1.0,0.0,7,0.03857142857142857,45.0
KXCPI-26JUL,2026-05-03,101,2026-08-12,False,,0.3175,0.2522771293637217,,,1.0,0.0,7,0.04714285714285713,1606.0
KXCPI-26JUL,2026-05-04,100,2026-08-12,False,,0.2885,0.24923432749121857,,,1.0,0.0,7,0.0757142857142857,593.3
KXCPI-26JUL,2026-05-05,99,2026-08-12,False,,0.27949999999999997,0.24885688658343372,,,1.0,0.0,7,0.027142857142857156,874.0
KXCPI-26JUL,2026-05-06,98,2026-08-12,False,,0.27249999999999996,0.23705220943918662,,,1.0,0.0,7,0.0442857142857143,1093.54
KXCPI-26JUL,2026-05-07,97,2026-08-12,False,,0.271,0.2369789020145042,,,1.0,0.0,7,0.0742857142857143,245.0
KXCPI-26JUL,2026-05-08,96,2026-08-12,False,,0.27049999999999996,0.23532902498416974,,,1.0,0.0,7,0.03285714285714287,0.0
KXCPI-26JUL,2026-05-09,95,2026-08-12,False,,0.27349999999999997,0.2283588185290859,,,1.0,0.0,7,0.0385714285714286,212.0
KXCPI-26JUL,2026-05-10,94,2026-08-12,False,,0.28900000000000003,0.21749482752470228,,,1.0,0.0,5,0.03799999999999999,6.0
KXCPI-26JUL,2026-05-11,93,2026-08-12,False,,0.2875,0.2195307495545897,,,1.0,0.0,6,0.044999999999999984,51.3
KXCPI-26JUL,2026-05-12,92,2026-08-12,False,,0.302,0.22292599668948437,,,1.0,0.0,7,0.051428571428571414,659.0
KXCPI-26JUL,2026-05-13,91,2026-08-12,False,,0.3055,0.22162975883215685,,,1.0,0.0,7,0.04714285714285714,56.0
KXCPI-26JUL,2026-05-14,90,2026-08-12,False,,0.3265,0.23010378093373432,,,1.0,0.0,7,0.049999999999999996,917.0
KXCPI-26JUL,2026-05-15,89,2026-08-12,False,,0.3375,0.2187321421282204,,,1.0,0.0,6,0.05166666666666667,2.0
KXCPI-26JUL,2026-05-16,88,2026-08-12,False,,0.3295,0.2176688999374968,,,1.0,0.0,6,0.065,87.0
KXCPI-26JUL,2026-05-17,87,2026-08-12,False,,0.3225,0.22944225853142222,,,1.0,0.0,7,0.06142857142857142,151.0
KXCPI-26JUL,2026-05-18,86,2026-08-12,False,,0.3155,0.2520114084719182,,,1.0,0.1299999999999999,7,0.14285714285714288,617.4300000000001
KXCPI-26JUL,2026-05-19,85,2026-08-12,False,,0.45299999999999996,0.23460818400047345,,,1.0,0.0,5,0.39,126.0
KXCPI-26JUL,2026-05-20,84,2026-08-12,False,,0.4155,0.2526553977258353,,,1.0,0.0,4,0.51,27.0
KXCPI-26JUL,2026-05-21,83,2026-08-12,False,,0.28475,0.2879755849026094,,,1.0,0.26999999999999996,4,0.5625,0.0
KXCPI-26JUL,2026-05-22,82,2026-08-12,False,,0.26050000000000006,0.2788633177741382,,,0.9999999999999999,0.255,6,0.555,8.620000000000001
KXCPI-26JUL,2026-05-23,81,2026-08-12,False,,0.25775,0.27821293553679344,,,1.0,0.255,6,0.5583333333333332,1.0
KXCPI-26JUL,2026-05-24,80,2026-08-12,False,,0.27675,0.300161519019344,,,1.0,0.13,6,0.21333333333333335,14.0
KXCPI-26JUL,2026-05-25,79,2026-08-12,False,,0.2825,0.2608519695152789,,,1.0,0.09499999999999997,7,0.2485714285714286,119.5
KXCPI-26JUL,2026-05-26,78,2026-08-12,False,,0.3055,0.2571376090734298,,,1.0,0.18000000000000005,7,0.29000000000000004,424.68
KXCPI-26JUL,2026-05-27,77,2026-08-12,False,,0.3105,0.2392483019793453,,,1.0,0.14,7,0.22714285714285715,361.01
KXCPI-26JUL,2026-05-28,76,2026-08-12,False,,0.3035,0.2435934112409447,,,1.0,0.13,7,0.2757142857142857,1408.13
KXCPI-26JUL,2026-05-29,75,2026-08-12,False,,0.303,0.23514038360094594,,,1.0,0.044999999999999984,7,0.29857142857142854,1295.0
KXCPI-26JUL,2026-05-30,74,2026-08-12,False,,0.3,0.2224859546128699,,,1.0,0.18499999999999994,7,0.32428571428571423,315.38
KXCPI-26JUL,2026-05-31,73,2026-08-12,False,,0.309,0.22140234867769584,,,1.0,0.17499999999999993,7,0.32142857142857145,46.0
KXCPI-26JUL,2026-06-01,72,2026-08-12,False,,0.291,0.23878651553217994,,,1.0,0.17499999999999993,7,0.3914285714285714,38.38
KXCPI-26JUL,2026-06-02,71,2026-08-12,False,,0.2865,0.24610516044975572,,,1.0,0.17999999999999994,7,0.3757142857142857,54.0
KXCPI-26JUL,2026-06-03,70,2026-08-12,False,,0.304,0.23469980826579304,,,1.0,0.17499999999999993,7,0.36428571428571427,67.66
KXCPI-26JUL,2026-06-04,69,2026-08-12,False,,0.3095,0.2327224742047918,,,1.0,0.21999999999999997,7,0.3457142857142857,44.0
KXCPI-26JUL,2026-06-05,68,2026-08-12,False,,0.312,0.2204676847068522,,,1.0,0.044999999999999984,5,0.458,453.0
KXCPI-26JUL,2026-06-06,67,2026-08-12,False,,0.332,0.19608926538696606,,,1.0,0.07999999999999996,5,0.382,248.01
KXCPI-26JUL,2026-06-07,66,2026-08-12,False,,0.31224999999999997,0.21304327612013482,,,1.0,0.15500000000000003,5,0.45200000000000007,29.0
KXCPI-26JUL,2026-06-08,65,2026-08-12,False,,0.327,0.2118277602204206,,,1.0,0.09499999999999997,7,0.30571428571428566,24.0
KXCPI-26JUL,2026-06-09,64,2026-08-12,False,,0.298,0.22692730113408568,,,1.0,0.245,6,0.4116666666666667,243.01
KXCPI-26JUL,2026-06-10,63,2026-08-12,False,,0.3055,0.22851641078924725,,,1.0,0.10999999999999999,6,0.4383333333333333,405.73
KXCPI-26JUL,2026-06-11,62,2026-08-12,False,,0.189,0.3146092814905498,,,1.0,0.3199999999999999,7,0.4257142857142857,137.62
KXCPI-26JUL,2026-06-12,61,2026-08-12,False,,0.2545,0.26206821631018135,,,1.0,0.0,7,0.24714285714285714,296.29
KXCPI-26JUL,2026-06-13,60,2026-08-12,False,,0.172,0.2860349628978947,,,1.0,0.18999999999999995,7,0.39999999999999997,244.33
KXCPI-26JUL,2026-06-14,59,2026-08-12,False,,0.195,0.28561337503695444,,,1.0,0.20999999999999996,7,0.3514285714285714,396.09000000000003
KXCPI-26JUL,2026-06-15,58,2026-08-12,False,,0.15550000000000003,0.2501394611012025,,,1.0,0.22499999999999998,7,0.34714285714285714,197.01
KXCPI-26JUL,2026-06-16,57,2026-08-12,False,,0.1175,0.2438108898306226,,,1.0,0.010000000000000009,7,0.24714285714285714,2084.4999999999995
KXCPI-26JUL,2026-06-17,56,2026-08-12,False,,0.12,0.25495097567963926,,,1.0,0.0,7,0.27428571428571435,713.06
KXCPI-26JUL,2026-06-18,55,2026-08-12,False,,0.02650000000000001,0.27954919066239486,,,1.0,0.0,10,0.057000000000000016,1003.22
KXCPI-26JUL,2026-06-19,54,2026-08-12,False,,0.12449999999999999,0.28275386823171844,,,1.0,0.0,9,0.2922222222222222,939.0
KXCPI-26JUL,2026-06-20,53,2026-08-12,False,,0.13825,0.2852620505780606,,,0.9999999999999999,0.0,8,0.29374999999999996,96.0
KXCPI-26JUL,2026-06-21,52,2026-08-12,False,,0.16249999999999998,0.27828717182076507,,,1.0,0.015000000000000013,8,0.295,213.71
KXCPI-26JUL,2026-06-22,51,2026-08-12,False,,0.12099999999999998,0.29079030245178394,,,1.0,0.025000000000000022,9,0.3522222222222222,2109.33
KXCPI-26JUL,2026-06-23,50,2026-08-12,False,,0.10000000000000003,0.297069015550259,,,0.9999999999999999,0.10000000000000003,8,0.3725,1116.0
KXCPI-26JUL,2026-06-24,49,2026-08-12,False,,0.14950000000000002,0.2561244814538431,,,0.9999999999999999,0.0,7,0.33285714285714285,76.94
KXCPI-26JUL,2026-06-25,48,2026-08-12,False,,0.0945,0.30760323470340817,,,1.0,0.08499999999999996,9,0.36444444444444435,1075.7
KXCPI-26JUL,2026-06-26,47,2026-08-12,False,,0.07550000000000001,0.3132886049635384,,,1.0,0.0,9,0.25222222222222224,26.0
KXCPI-26JUL,2026-06-27,46,2026-08-12,False,,0.05649999999999998,0.3282647559516556,,,1.0,0.08499999999999996,10,0.374,61.0
KXCPI-26JUL,2026-06-28,45,2026-08-12,False,,0.07349999999999998,0.3271815245395131,,,1.0,0.08999999999999997,10,0.37299999999999994,217.0
KXCPI-26JUL,2026-06-29,44,2026-08-12,False,,0.10299999999999997,0.3374774066511712,,,1.0,0.14500000000000002,10,0.288,378.54
KXCPI-26JUL,2026-06-30,43,2026-08-12,False,,0.102,0.327865826215542,,,1.0,0.07999999999999996,10,0.261,1412.8899999999999
KXCPI-26JUL,2026-07-01,42,2026-08-12,False,,0.04749999999999997,0.31826679060184715,,,0.9999999999999999,0.15000000000000002,10,0.28300000000000003,752.0
KXCPI-26JUL,2026-07-02,41,2026-08-12,False,,0.04349999999999997,0.3147344118459245,,,1.0,0.13,10,0.28200000000000003,227.71
KXCPI-26JUL,2026-07-03,40,2026-08-12,False,,0.04699999999999999,0.28406161303491884,,,1.0000000000000002,0.06500000000000006,10,0.265,1264.0
KXCPI-26JUL,2026-07-04,39,2026-08-12,False,,0.053500000000000006,0.28546059272691215,,,1.0,0.07000000000000006,10,0.24700000000000003,67.0
KXCPI-26JUL,2026-07-05,38,2026-08-12,False,,0.05349999999999999,0.28581068909332275,,,1.0000000000000002,0.06500000000000006,10,0.238,197.0
KXCPI-26JUL,2026-07-06,37,2026-08-12,False,,0.022,0.28760389427127026,,,0.9999999999999998,0.05499999999999999,10,0.29900000000000004,1088.56
KXCPI-26JUL,2026-07-07,36,2026-08-12,False,,0.015000000000000006,0.27924004010886405,,,1.0,0.0,10,0.27599999999999997,164.22
KXCPI-26JUL,2026-07-08,35,2026-08-12,False,,0.10449999999999998,0.2694990723546187,,,1.0,0.025000000000000022,10,0.248,7335.13
KXCPI-26JUL,2026-07-09,34,2026-08-12,False,,0.1305,0.2542041502414939,,,1.0,0.0,10,0.24500000000000002,1430.0
KXCPI-26JUL,2026-07-10,33,2026-08-12,False,,0.1255,0.243104401441027,,,1.0,0.0,10,0.211,1200.0
KXCPI-26JUL,2026-07-11,32,2026-08-12,False,,0.13,0.2541653005427767,,,1.0,0.0,10,0.198,1119.24
KXCPI-26JUL,2026-07-12,31,2026-08-12,False,,0.15975,0.2620924216760187,,,1.0,0.020000000000000018,9,0.2788888888888889,579.0
KXCPI-26JUL,2026-07-13,30,2026-08-12,False,,0.12450000000000001,0.2909463008872944,,,0.9999999999999999,0.019999999999999962,10,0.292,1638.35
KXCPI-26JUL,2026-07-14,29,2026-08-12,False,,0.1215,0.2467544325843003,,,1.0,0.0,10,0.143,6362.85
KXCPI-26JUL,2026-07-15,28,2026-08-12,False,,0.1,0.22135943621178658,,,0.9999999999999999,0.010000000000000009,10,0.06400000000000002,38041.63
KXCPI-26JUL,2026-07-16,27,2026-08-12,False,,0.107,0.17986383738817543,,,1.0,0.0,10,0.04799999999999999,25068.89
KXCPI-26JUL,2026-07-17,26,2026-08-12,False,,0.08499999999999999,0.16844880527923017,,,1.0,0.0,10,0.046000000000000006,33341.36
KXCPI-26JUL,2026-07-18,25,2026-08-12,False,,0.08399999999999999,0.21527656630483494,,,1.0,0.03500000000000003,10,0.10500000000000001,7073.79
KXCPI-26JUL,2026-07-19,24,2026-08-12,False,,0.05450000000000001,0.22908459136310322,,,1.0,0.04999999999999993,10,0.09500000000000001,4415.96
KXCPI-26JUL,2026-07-20,23,2026-08-12,False,,0.0865,0.16543201020358786,,,1.0,0.0,10,0.030999999999999993,17492.8
KXCPI-26JUN,2026-02-22,142,2026-07-14,True,-0.4,0.16375000000000003,0.13037805605238945,0.025000000000000022,0.5637500000000001,1.0,0.1899999999999999,3,0.33,6.0
KXCPI-26JUN,2026-02-23,141,2026-07-14,True,-0.4,0.249,0.17291327305906853,0.05499999999999994,0.649,1.0,0.0,7,0.08857142857142859,0.0
KXCPI-26JUN,2026-02-24,140,2026-07-14,True,-0.4,0.225,0.1696319545368737,0.06499999999999995,0.625,1.0,0.0,7,0.0914285714285714,24.0
KXCPI-26JUN,2026-02-25,139,2026-07-14,True,-0.4,0.22950000000000004,0.17798806139738696,0.06499999999999996,0.6295000000000001,0.9999999999999999,0.0,7,0.09571428571428571,0.0
KXCPI-26JUN,2026-02-26,138,2026-07-14,True,-0.4,0.23800000000000002,0.18174432590867862,0.06499999999999995,0.638,1.0,0.0,4,0.10749999999999998,10.0
KXCPI-26JUN,2026-02-27,137,2026-07-14,True,-0.4,0.222,0.17092688495377198,0.06499999999999995,0.622,1.0,0.0,7,0.10571428571428569,20.0
KXCPI-26JUN,2026-02-28,136,2026-07-14,True,-0.4,0.2215,0.170844227294925,0.07499999999999996,0.6215,1.0,0.0,7,0.09857142857142855,30.0
KXCPI-26JUN,2026-03-01,135,2026-07-14,True,-0.4,0.2195,0.1687298136074357,0.07000000000000006,0.6195,1.0,0.0,7,0.08999999999999998,19.0
KXCPI-26JUN,2026-03-02,134,2026-07-14,True,-0.4,0.2055,0.1694690237182005,0.09000000000000008,0.6055,1.0,0.0,7,0.05285714285714284,14.0
KXCPI-26JUN,2026-03-03,133,2026-07-14,True,-0.4,0.2175,0.17844817174742922,0.09000000000000008,0.6175,1.0,0.0,7,0.08714285714285712,23.0
KXCPI-26JUN,2026-03-04,132,2026-07-14,True,-0.4,0.22400000000000006,0.15107613974417006,0.16999999999999996,0.6240000000000001,0.9999999999999999,0.0,5,0.06799999999999998,0.0
KXCPI-26JUN,2026-03-05,131,2026-07-14,True,-0.4,0.23900000000000005,0.1713300907604966,0.16999999999999996,0.639,0.9999999999999999,0.0,5,0.07999999999999999,0.0
KXCPI-26JUN,2026-03-09,127,2026-07-14,True,-0.4,0.23950000000000002,0.22111026660921923,0.15500000000000005,0.6395000000000001,0.9999999999999999,0.07000000000000006,14,0.07714285714285714,628.0
KXCPI-26JUN,2026-03-10,126,2026-07-14,True,-0.4,0.25049999999999994,0.2360079447815264,0.17500000000000004,0.6505,1.0,0.0,7,0.09857142857142856,215.0
KXCPI-26JUN,2026-03-11,125,2026-07-14,True,-0.4,0.26,0.24289915602982237,0.20500000000000007,0.66,1.0,0.0,7,0.06857142857142856,304.0
KXCPI-26JUN,2026-03-12,124,2026-07-14,True,-0.4,0.25999999999999995,0.24617067250182342,0.19500000000000006,0.6599999999999999,1.0,0.0,7,0.08857142857142856,47.0
KXCPI-26JUN,2026-03-13,123,2026-07-14,True,-0.4,0.25,0.241039415863879,0.20500000000000007,0.65,1.0,0.0,7,0.08857142857142856,319.0
KXCPI-26JUN,2026-03-14,122,2026-07-14,True,-0.4,0.26699999999999996,0.2443583434221144,0.18500000000000005,0.667,1.0,0.0,7,0.09142857142857143,211.0
KXCPI-26JUN,2026-03-15,121,2026-07-14,True,-0.4,0.293,0.21685479012463615,0.22499999999999998,0.6930000000000001,1.0,0.0,5,0.072,5.0
KXCPI-26JUN,2026-03-16,120,2026-07-14,True,-0.4,0.2535,0.24695698005928077,0.20500000000000007,0.6535,1.0,0.0,7,0.0785714285714286,713.0
KXCPI-26JUN,2026-03-17,119,2026-07-14,True,-0.4,0.25949999999999995,0.25260591837880597,0.20999999999999996,0.6595,1.0,0.0,7,0.07571428571428572,41.0
KXCPI-26JUN,2026-03-18,118,2026-07-14,True,-0.4,0.272,0.25732469760984855,0.19500000000000006,0.672,1.0,0.0,7,0.05714285714285716,46.0
KXCPI-26JUN,2026-03-19,117,2026-07-14,True,-0.4,0.266,0.2528715088735779,0.20999999999999996,0.666,1.0,0.0,7,0.09999999999999999,463.0
KXCPI-26JUN,2026-03-20,116,2026-07-14,True,-0.4,0.25350000000000006,0.2451280277732434,0.21999999999999997,0.6535000000000001,1.0,0.0,7,0.07857142857142858,278.0
KXCPI-26JUN,2026-03-21,115,2026-07-14,True,-0.4,0.25250000000000006,0.2447319962734746,0.21999999999999997,0.6525000000000001,1.0,0.0,7,0.07857142857142858,15.0
KXCPI-26JUN,2026-03-22,114,2026-07-14,True,-0.4,0.2525,0.2539561970104293,0.245,0.6525000000000001,1.0,0.0,7,0.05571428571428573,23.0
KXCPI-26JUN,2026-03-23,113,2026-07-14,True,-0.4,0.252,0.2582556872558666,0.245,0.652,1.0,0.0,7,0.028571428571428584,53.0
KXCPI-26JUN,2026-03-24,112,2026-07-14,True,-0.4,0.24550000000000002,0.24612953906429028,0.24,0.6455000000000001,1.0,0.0,7,0.06714285714285714,81.0
KXCPI-26JUN,2026-03-25,111,2026-07-14,True,-0.4,0.2405,0.24760805721946932,0.25,0.6405000000000001,1.0,0.0,7,0.07,310.0
KXCPI-26JUN,2026-03-26,110,2026-07-14,True,-0.4,0.2415,0.24683547151898572,0.25,0.6415,1.0,0.0,7,0.07571428571428573,9.0
KXCPI-26JUN,2026-03-27,109,2026-07-14,True,-0.4,0.259,0.24843308958349328,0.20999999999999996,0.659,1.0,0.0,7,0.07428571428571429,631.0
KXCPI-26JUN,2026-03-28,108,2026-07-14,True,-0.4,0.25549999999999995,0.24651521251233155,0.20999999999999996,0.6555,1.0,0.0,7,0.0842857142857143,6.0
KXCPI-26JUN,2026-03-29,107,2026-07-14,True,-0.4,0.265,0.246322958735072,0.19999999999999996,0.665,1.0,0.0,7,0.08857142857142856,439.0
KXCPI-26JUN,2026-03-30,106,2026-07-14,True,-0.4,0.2445,0.22309134900304853,0.19999999999999996,0.6445000000000001,1.0,0.0,6,0.085,40.0
KXCPI-26JUN,2026-03-31,105,2026-07-14,True,-0.4,0.2635,0.2466125503700085,0.19999999999999996,0.6635,1.0,0.0,6,0.08166666666666667,0.0
KXCPI-26JUN,2026-04-01,104,2026-07-14,True,-0.4,0.269,0.2460467435265096,0.18999999999999995,0.669,1.0,0.0,7,0.08571428571428572,51.0
KXCPI-26JUN,2026-04-02,103,2026-07-14,True,-0.4,0.2705,0.24321749525887318,0.18999999999999995,0.6705000000000001,1.0,0.0,6,0.09666666666666666,29.0
KXCPI-26JUN,2026-04-03,102,2026-07-14,True,-0.4,0.27049999999999996,0.2463326003597575,0.19999999999999996,0.6705,1.0,0.0,7,0.06999999999999998,340.0
KXCPI-26JUN,2026-04-04,101,2026-07-14,True,-0.4,0.25449999999999995,0.24388470636757853,0.20500000000000007,0.6545,1.0,0.0,7,0.06142857142857143,216.0
KXCPI-26JUN,2026-04-05,100,2026-07-14,True,-0.4,0.25749999999999995,0.24381088983062263,0.20500000000000007,0.6575,1.0,0.0,7,0.05571428571428571,13.0
KXCPI-26JUN,2026-04-06,99,2026-07-14,True,-0.4,0.272,0.21334479135896428,0.27,0.672,1.0,0.0,6,0.05333333333333334,12.0
KXCPI-26JUN,2026-04-07,98,2026-07-14,True,-0.4,0.2485,0.23769255352240215,0.20500000000000007,0.6485000000000001,1.0,0.0,6,0.06166666666666665,10.0
KXCPI-26JUN,2026-04-08,97,2026-07-14,True,-0.4,0.25649999999999995,0.24991548571467115,0.21999999999999997,0.6565,1.0,0.0,7,0.04142857142857145,223.0
KXCPI-26JUN,2026-04-09,96,2026-07-14,True,-0.4,0.26649999999999996,0.2458205646401456,0.19500000000000006,0.6665,1.0,0.0,7,0.04714285714285714,11.0
KXCPI-26JUN,2026-04-10,95,2026-07-14,True,-0.4,0.289,0.26339893697583516,0.21500000000000008,0.6890000000000001,1.0,0.0,7,0.05428571428571429,218.0
KXCPI-26JUN,2026-04-11,94,2026-07-14,True,-0.4,0.2835,0.26149139565194107,0.19999999999999996,0.6835,1.0,0.0,7,0.061428571428571443,110.0
KXCPI-26JUN,2026-04-12,93,2026-07-14,True,-0.4,0.29200000000000004,0.2619847323795797,0.18999999999999995,0.6920000000000001,1.0,0.0,7,0.07428571428571427,115.0
KXCPI-26JUN,2026-04-13,92,2026-07-14,True,-0.4,0.2975,0.2604683282090166,0.17999999999999994,0.6975,1.0,0.0,7,0.0357142857142857,47.620000000000005
KXCPI-26JUN,2026-04-14,91,2026-07-14,True,-0.4,0.29300000000000004,0.2587489130411952,0.18999999999999995,0.6930000000000001,1.0,0.0,7,0.07714285714285714,52.0
KXCPI-26JUN,2026-04-15,90,2026-07-14,True,-0.4,0.28049999999999997,0.25606590948425756,0.19999999999999996,0.6805,1.0,0.0,7,0.0642857142857143,176.0
KXCPI-26JUN,2026-04-16,89,2026-07-14,True,-0.4,0.288,0.25779061270729,0.18999999999999995,0.688,1.0,0.0,7,0.0685714285714286,447.0
KXCPI-26JUN,2026-04-17,88,2026-07-14,True,-0.4,0.2835,0.2564717333352742,0.19500000000000006,0.6835,1.0,0.0,7,0.050000000000000024,166.4
KXCPI-26JUN,2026-04-18,87,2026-07-14,True,-0.4,0.271,0.25230735225117795,0.19500000000000006,0.671,1.0,0.0,7,0.07714285714285714,220.0
KXCPI-26JUN,2026-04-19,86,2026-07-14,True,-0.4,0.268,0.24854778212649575,0.18500000000000005,0.668,1.0,0.0,7,0.08,51.0
KXCPI-26JUN,2026-04-20,85,2026-07-14,True,-0.4,0.2405,0.2336872910536643,0.19999999999999996,0.6405000000000001,1.0,0.0,7,0.04142857142857142,268.0
KXCPI-26JUN,2026-04-21,84,2026-07-14,True,-0.4,0.237,0.2375520995487095,0.20500000000000007,0.637,1.0,0.0,7,0.042857142857142864,172.0
KXCPI-26JUN,2026-04-22,83,2026-07-14,True,-0.4,0.248,0.24656844891429236,0.19999999999999996,0.648,1.0,0.0,7,0.04571428571428572,381.0
KXCPI-26JUN,2026-04-23,82,2026-07-14,True,-0.4,0.27449999999999997,0.21840272434198252,0.27,0.6745,1.0,0.0,6,0.085,150.0
KXCPI-26JUN,2026-04-24,81,2026-07-14,True,-0.4,0.23800000000000004,0.24053274205396655,0.21,0.6380000000000001,0.9999999999999999,0.0,7,0.054285714285714284,792.0
KXCPI-26JUN,2026-04-25,80,2026-07-14,True,-0.4,0.247,0.23893723025095942,0.19999999999999996,0.647,1.0,0.0,7,0.06571428571428571,208.0
KXCPI-26JUN,2026-04-26,79,2026-07-14,True,-0.4,0.24650000000000005,0.2369340625574972,0.19999999999999996,0.6465000000000001,1.0,0.0,6,0.075,0.0
KXCPI-26JUN,2026-04-27,78,2026-07-14,True,-0.4,0.24775000000000003,0.23597126414036096,0.20500000000000007,0.64775,1.0,0.0,6,0.03333333333333332,0.0
KXCPI-26JUN,2026-04-28,77,2026-07-14,True,-0.4,0.25,0.23853720883753127,0.20500000000000007,0.65,1.0,0.0,7,0.03428571428571429,6.0
KXCPI-26JUN,2026-04-29,76,2026-07-14,True,-0.4,0.2485,0.23323325234622957,0.20499999999999996,0.6485000000000001,1.0,0.0,7,0.015714285714285715,109.0
KXCPI-26JUN,2026-04-30,75,2026-07-14,True,-0.4,0.2835,0.24449488747211054,0.18500000000000005,0.6835,1.0,0.0,7,0.027142857142857142,1514.81
KXCPI-26JUN,2026-05-01,74,2026-07-14,True,-0.4,0.2835,0.24612547612955468,0.18500000000000005,0.6835,1.0,0.0,7,0.02714285714285713,6.0
KXCPI-26JUN,2026-05-02,73,2026-07-14,True,-0.4,0.3015,0.24299742796992724,0.15500000000000003,0.7015,1.0,0.0,7,0.012857142857142853,611.0
KXCPI-26JUN,2026-05-03,72,2026-07-14,True,-0.4,0.2995,0.24989947979137533,0.17500000000000004,0.6995,1.0,0.0,7,0.01571428571428569,625.0
KXCPI-26JUN,2026-05-04,71,2026-07-14,True,-0.4,0.30599999999999994,0.25702918122267754,0.17500000000000004,0.706,1.0,0.0,7,0.034285714285714294,980.0
KXCPI-26JUN,2026-05-05,70,2026-07-14,True,-0.4,0.3025,0.26859588604444407,0.20499999999999996,0.7025,1.0,0.0,7,0.027142857142857153,1322.6100000000001
KXCPI-26JUN,2026-05-06,69,2026-07-14,True,-0.4,0.3085,0.2549073361047108,0.15500000000000003,0.7085,1.0,0.0,7,0.024285714285714292,3058.51
KXCPI-26JUN,2026-05-07,68,2026-07-14,True,-0.4,0.313,0.247852778882949,0.135,0.7130000000000001,1.0,0.0,7,0.025714285714285707,1122.0
KXCPI-26JUN,2026-05-08,67,2026-07-14,True,-0.4,0.3165,0.24814864496909914,0.14500000000000002,0.7165,1.0,0.0,7,0.038571428571428576,11.0
KXCPI-26JUN,2026-05-09,66,2026-07-14,True,-0.4,0.3395,0.23556262436982653,0.07499999999999996,0.7395,1.0,0.0,7,0.04428571428571427,965.0
KXCPI-26JUN,2026-05-10,65,2026-07-14,True,-0.4,0.34850000000000003,0.22135435392148942,0.16500000000000004,0.7485,1.0,0.0,6,0.024999999999999984,280.59000000000003
KXCPI-26JUN,2026-05-11,64,2026-07-14,True,-0.4,0.34550000000000003,0.228428872956113,0.07000000000000006,0.7455,1.0,0.0,7,0.038571428571428576,1834.0
KXCPI-26JUN,2026-05-12,63,2026-07-14,True,-0.4,0.385,0.21696773953747128,0.06499999999999995,0.785,1.0,0.0,7,0.05142857142857142,1837.5900000000001
KXCPI-26JUN,2026-05-13,62,2026-07-14,True,-0.4,0.38549999999999995,0.21363461798126257,0.06000000000000005,0.7855,1.0,0.0,7,0.049999999999999996,535.28
KXCPI-26JUN,2026-05-14,61,2026-07-14,True,-0.4,0.404,0.2029384143034531,0.05499999999999994,0.804,1.0,0.0,7,0.037142857142857144,834.0
KXCPI-26JUN,2026-05-15,60,2026-07-14,True,-0.4,0.423,0.19892460883460347,0.040000000000000036,0.823,1.0,0.0,7,0.04857142857142854,938.87
KXCPI-26JUN,2026-05-16,59,2026-07-14,True,-0.4,0.4195,0.2036412286350679,0.050000000000000044,0.8195,1.0,0.0,7,0.06428571428571425,167.0
KXCPI-26JUN,2026-05-17,58,2026-07-14,True,-0.4,0.41600000000000004,0.1882657695918193,0.06499999999999995,0.8160000000000001,1.0,0.0,6,0.05333333333333332,125.0
KXCPI-26JUN,2026-05-18,57,2026-07-14,True,-0.4,0.414,0.20446026508835402,0.050000000000000044,0.8140000000000001,1.0,0.0,7,0.05428571428571426,202.0
KXCPI-26JUN,2026-05-19,56,2026-07-14,True,-0.4,0.411,0.20317234063720385,0.05499999999999994,0.8109999999999999,1.0,0.0,7,0.06285714285714286,1530.4099999999999
KXCPI-26JUN,2026-05-20,55,2026-07-14,True,-0.4,0.4395,0.20072306793191458,0.050000000000000044,0.8395,1.0,0.0,7,0.06714285714285712,1254.25
KXCPI-26JUN,2026-05-21,54,2026-07-14,True,-0.4,0.4155,0.2151970027672319,0.07000000000000006,0.8155,1.0,0.015000000000000124,7,0.13714285714285715,816.01
KXCPI-26JUN,2026-05-22,53,2026-07-14,True,-0.4,0.407,0.22011587857308249,0.07499999999999996,0.8069999999999999,1.0,0.010000000000000009,7,0.05428571428571423,593.03
KXCPI-26JUN,2026-05-23,52,2026-07-14,True,-0.4,0.427,0.21718885790942408,0.07000000000000006,0.827,1.0,0.0,7,0.07142857142857142,400.01
KXCPI-26JUN,2026-05-24,51,2026-07-14,True,-0.4,0.38449999999999995,0.2370859548771289,0.08000000000000007,0.7845,1.0,0.0,7,0.05,624.75
KXCPI-26JUN,2026-05-25,50,2026-07-14,True,-0.4,0.377,0.23531043325785622,0.08000000000000007,0.777,1.0,0.0,7,0.04857142857142858,782.01
KXCPI-26JUN,2026-05-26,49,2026-07-14,True,-0.4,0.377,0.2350978519680688,0.08499999999999996,0.777,1.0,0.0,7,0.042857142857142864,1016.35
KXCPI-26JUN,2026-05-27,48,2026-07-14,True,-0.4,0.3315,0.24669363591304902,0.08499999999999996,0.7315,1.0,0.0,7,0.19,3697.78
KXCPI-26JUN,2026-05-28,47,2026-07-14,True,-0.4,0.4255,0.25099750994780806,0.07000000000000006,0.8255,1.0,0.02499999999999991,7,0.17714285714285719,456.8
KXCPI-26JUN,2026-05-29,46,2026-07-14,True,-0.4,0.32899999999999996,0.23229076606701352,0.09000000000000008,0.729,1.0,0.0,7,0.26571428571428574,435.71000000000004
KXCPI-26JUN,2026-05-30,45,2026-07-14,True,-0.4,0.2895,0.21104442660255207,0.10999999999999999,0.6895,1.0,0.0,7,0.04428571428571431,1736.3899999999999
KXCPI-26JUN,2026-05-31,44,2026-07-14,True,-0.4,0.30250000000000005,0.18095234179197572,0.05000000000000005,0.7025000000000001,0.9999999999999999,0.0,7,0.04999999999999997,2430.4
KXCPI-26JUN,2026-06-01,43,2026-07-14,True,-0.4,0.3135,0.21205600675293304,0.135,0.7135,1.0,0.010000000000000009,7,0.1442857142857143,2813.54
KXCPI-26JUN,2026-06-02,42,2026-07-14,True,-0.4,0.29900000000000004,0.20395832907728967,0.10999999999999999,0.6990000000000001,1.0,0.0,7,0.07999999999999999,1193.0
KXCPI-26JUN,2026-06-03,41,2026-07-14,True,-0.4,0.29500000000000004,0.21183720164314862,0.09000000000000008,0.6950000000000001,1.0,0.0,7,0.06285714285714286,1599.12
KXCPI-26JUN,2026-06-04,40,2026-07-14,True,-0.4,0.29200000000000004,0.2020791923974361,0.08499999999999996,0.6920000000000001,1.0,0.0,7,0.05714285714285715,549.51
KXCPI-26JUN,2026-06-05,39,2026-07-14,True,-0.4,0.3055,0.20129518126373516,0.10499999999999998,0.7055,1.0,0.0,7,0.20714285714285716,2323.19
KXCPI-26JUN,2026-06-06,38,2026-07-14,True,-0.4,0.2885,0.18525050607218324,0.10000000000000009,0.6885,1.0,0.0,7,0.18142857142857144,696.99
KXCPI-26JUN,2026-06-07,37,2026-07-14,True,-0.4,0.22250000000000003,0.20553284409067082,0.14500000000000002,0.6225,1.0,0.0,7,0.31285714285714283,1804.12
KXCPI-26JUN,2026-06-08,36,2026-07-14,True,-0.4,0.21600000000000003,0.23204309944490914,0.1399999999999999,0.6160000000000001,1.0,0.0,7,0.14285714285714288,1504.4299999999998
KXCPI-26JUN,2026-06-09,35,2026-07-14,True,-0.4,0.21400000000000002,0.2578836947152728,0.06000000000000006,0.6140000000000001,0.9999999999999999,0.0,9,0.05777777777777779,7963.59
KXCPI-26JUN,2026-06-10,34,2026-07-14,True,-0.4,0.1385,0.21111075292367276,0.050000000000000044,0.5385,1.0,0.015000000000000006,9,0.046666666666666655,25337.39
KXCPI-26JUN,2026-06-11,33,2026-07-14,True,-0.4,0.091,0.1887299658241902,0.04499999999999993,0.491,1.0,0.035,8,0.051250000000000004,18883.83
KXCPI-26JUN,2026-06-12,32,2026-07-14,True,-0.4,0.016499999999999994,0.17285181514812048,0.040000000000000036,0.41650000000000004,1.0,0.04,9,0.03222222222222223,29123.49
KXCPI-26JUN,2026-06-13,31,2026-07-14,True,-0.4,0.051499999999999976,0.21283268076120265,0.050000000000000044,0.4515,1.0,0.0,9,0.04777777777777777,6669.389999999999
KXCPI-26JUN,2026-06-14,30,2026-07-14,True,-0.4,0.039999999999999994,0.18681541692269404,0.0050000000000000044,0.44,1.0,0.0,9,0.01999999999999999,9977.21
KXCPI-26JUN,2026-06-15,29,2026-07-14,True,-0.4,-0.043500000000000025,0.1823670748792117,0.07000000000000006,0.3565,1.0,0.009999999999999995,9,0.05222222222222222,27100.22
KXCPI-26JUN,2026-06-16,28,2026-07-14,True,-0.4,-0.08499999999999999,0.14378803844548407,0.10999999999999999,0.31500000000000006,1.0,0.0,9,0.017777777777777774,51017.630000000005
KXCPI-26JUN,2026-06-17,27,2026-07-14,True,-0.4,-0.06699999999999999,0.20714970432032961,0.17999999999999994,0.333,1.0,0.010000000000000009,9,0.07555555555555557,32548.21
KXCPI-26JUN,2026-06-18,26,2026-07-14,True,-0.4,-0.07599999999999998,0.17585221067703413,0.14500000000000002,0.32400000000000007,1.0,0.0,9,0.03555555555555556,31717.079999999998
KXCPI-26JUN,2026-06-19,25,2026-07-14,True,-0.4,-0.101,0.18330030005430978,0.25,0.29900000000000004,1.0,0.0,9,0.09333333333333332,8951.48
KXCPI-26JUN,2026-06-20,24,2026-07-14,True,-0.4,-0.08150000000000002,0.20544524818062837,0.245,0.3185,1.0,0.009999999999999995,9,0.11222222222222222,5376.21
KXCPI-26JUN,2026-06-21,23,2026-07-14,True,-0.4,-0.08400000000000002,0.19453534383242546,0.25,0.316,1.0,0.0050000000000000044,8,0.12375,11302.83
KXCPI-26JUN,2026-06-22,22,2026-07-14,True,-0.4,-0.12499999999999997,0.1554831180546621,0.17999999999999994,0.275,1.0,0.005000000000000001,9,0.054444444444444455,27875.27
KXCPI-26JUN,2026-06-23,21,2026-07-14,True,-0.4,-0.148,0.13563185466548777,0.18999999999999995,0.252,1.0,0.004999999999999999,9,0.04666666666666666,17286.25
KXCPI-26JUN,2026-06-24,20,2026-07-14,True,-0.4,-0.1515,0.12844356737493706,0.15999999999999992,0.24850000000000003,1.0,0.005000000000000001,8,0.06125,30692.33
KXCPI-26JUN,2026-06-25,19,2026-07-14,True,-0.4,-0.1355,0.129960570943652,0.14,0.2645,1.0,0.004999999999999999,8,0.025000000000000005,11420.56
KXCPI-26JUN,2026-06-26,18,2026-07-14,True,-0.4,-0.14100000000000001,0.13311273417671202,0.14,0.259,1.0,0.05,9,0.05000000000000001,11106.25
KXCPI-26JUN,2026-06-27,17,2026-07-14,True,-0.4,-0.103,0.1642893788411168,0.16999999999999993,0.29700000000000004,1.0,0.0,6,0.12333333333333334,6797.02
KXCPI-26JUN,2026-06-28,16,2026-07-14,True,-0.4,-0.13449999999999998,0.14944815154427304,0.14,0.26550000000000007,1.0,0.0,8,0.047500000000000014,12828.439999999999
KXCPI-26JUN,2026-06-29,15,2026-07-14,True,-0.4,-0.14700000000000002,0.13925157090675852,0.15500000000000003,0.253,1.0,0.01,9,0.05666666666666667,9897.2
KXCPI-26JUN,2026-06-30,14,2026-07-14,True,-0.4,-0.147,0.12079321172979879,0.08000000000000007,0.253,1.0,0.009999999999999998,9,0.03333333333333333,42947.740000000005
KXCPI-26JUN,2026-07-01,13,2026-07-14,True,-0.4,-0.14950000000000002,0.11313598013010714,0.10499999999999998,0.2505,1.0,0.0,9,0.027777777777777776,15635.74
KXCPI-26JUN,2026-07-02,12,2026-07-14,True,-0.4,-0.15275,0.10888038161211595,0.10499999999999998,0.24725000000000003,1.0,0.0,7,0.021428571428571436,13919.789999999999
KXCPI-26JUN,2026-07-03,11,2026-07-14,True,-0.4,-0.16400000000000003,0.10864621484432856,0.14500000000000002,0.236,1.0,0.0,9,0.020000000000000004,3208.5899999999997
KXCPI-26JUN,2026-07-04,10,2026-07-14,True,-0.4,-0.1645,0.10858061521284541,0.16999999999999993,0.23550000000000001,1.0,0.0,6,0.019999999999999987,4749.97
KXCPI-26JUN,2026-07-05,9,2026-07-14,True,-0.4,-0.1655,0.1002983050704248,0.13,0.23450000000000001,1.0,0.0,8,0.025,3590.9100000000003
KXCPI-26JUN,2026-07-06,8,2026-07-14,True,-0.4,-0.161,0.09422844581123048,0.12,0.23900000000000002,1.0,0.0,6,0.02333333333333334,15469.830000000002
KXCPI-26JUN,2026-07-07,7,2026-07-14,True,-0.4,-0.1535,0.10338157476068933,0.08499999999999996,0.24650000000000002,1.0,0.0,9,0.012222222222222225,17891.359999999997
KXCPI-26JUN,2026-07-08,6,2026-07-14,True,-0.4,-0.158,0.10552724766618335,0.11499999999999999,0.24200000000000002,1.0,0.0,9,0.011111111111111108,29635.750000000004
KXCPI-26JUN,2026-07-09,5,2026-07-14,True,-0.4,-0.14900000000000002,0.11044908329180464,0.135,0.251,1.0,0.0,9,0.020000000000000004,56484.939999999995
KXCPI-26JUN,2026-07-10,4,2026-07-14,True,-0.4,-0.152,0.10390380166288431,0.09499999999999997,0.24800000000000003,1.0,0.0,9,0.017777777777777785,86051.95
KXCPI-26JUN,2026-07-11,3,2026-07-14,True,-0.4,-0.14700000000000002,0.10483797022071728,0.10000000000000009,0.253,1.0,0.0,9,0.02,16960.79
KXCPI-26JUN,2026-07-12,2,2026-07-14,True,-0.4,-0.148,0.10721940122944168,0.09999999999999998,0.252,1.0,0.0,9,0.022222222222222233,5420.23
KXCPI-26JUN,2026-07-13,1,2026-07-14,True,-0.4,-0.1455,0.0998986986902232,0.07000000000000006,0.25450000000000006,1.0,0.0,7,0.011428571428571413,32838.36
KXCPI-26MAR,2026-02-18,51,2026-04-10,True,0.9,0.25349999999999995,0.17259128019688597,0.095,0.6465000000000001,1.0,0.0,7,0.0842857142857143,17.0
KXCPI-26MAR,2026-02-19,50,2026-04-10,True,0.9,0.2985,0.12266927080569118,0.060000000000000005,0.6015,1.0,0.0,4,0.0475,26.0
KXCPI-26MAR,2026-02-20,49,2026-04-10,True,0.9,0.2605,0.15808146633935302,0.05,0.6395,1.0,0.0,7,0.06714285714285713,672.0
KXCPI-26MAR,2026-02-21,48,2026-04-10,True,0.9,0.253,0.15840138888279987,0.05,0.647,1.0,0.0,7,0.07714285714285715,229.0
KXCPI-26MAR,2026-02-22,47,2026-04-10,True,0.9,0.25299999999999995,0.1374445342674637,0.075,0.647,1.0,0.0,5,0.064,11.0
KXCPI-26MAR,2026-02-23,46,2026-04-10,True,0.9,0.24950000000000003,0.15779654622329348,0.05,0.6505,1.0,0.0,7,0.07857142857142858,145.0
KXCPI-26MAR,2026-02-24,45,2026-04-10,True,0.9,0.22400000000000003,0.1497464523786791,0.08000000000000002,0.6759999999999999,0.9999999999999999,0.0,6,0.06666666666666667,20.0
KXCPI-26MAR,2026-02-25,44,2026-04-10,True,0.9,0.2295,0.16546827490488922,0.07500000000000001,0.6705,1.0,0.0,7,0.08142857142857142,75.0
KXCPI-26MAR,2026-02-26,43,2026-04-10,True,0.9,0.22999999999999998,0.16186414056238646,0.05,0.67,1.0,0.0,7,0.07999999999999997,63.0
KXCPI-26MAR,2026-02-27,42,2026-04-10,True,0.9,0.23399999999999999,0.1550612782096162,0.045000000000000005,0.666,1.0,0.0,7,0.0657142857142857,226.0
KXCPI-26MAR,2026-02-28,41,2026-04-10,True,0.9,0.28750000000000003,0.18109044701474453,0.07500000000000001,0.6125,0.9999999999999999,0.010000000000000009,7,0.1357142857142857,1014.0
KXCPI-26MAR,2026-03-01,40,2026-04-10,True,0.9,0.3,0.16,0.07500000000000001,0.6000000000000001,0.9999999999999999,0.0,7,0.06571428571428571,400.0
KXCPI-26MAR,2026-03-02,39,2026-04-10,True,0.9,0.2985,0.1527997054970984,0.08499999999999999,0.6015,1.0,0.0,6,0.051666666666666666,215.0
KXCPI-26MAR,2026-03-03,38,2026-04-10,True,0.9,0.31150000000000005,0.16946312283207815,0.11000000000000003,0.5885,0.9999999999999999,0.0,7,0.044285714285714255,1058.0
KXCPI-26MAR,2026-03-04,37,2026-04-10,True,0.9,0.3485000000000001,0.17775755961421164,0.15500000000000003,0.5514999999999999,0.9999999999999999,0.0,7,0.030000000000000002,926.0
KXCPI-26MAR,2026-03-05,36,2026-04-10,True,0.9,0.34750000000000003,0.17231874535290695,0.155,0.5525,1.0,0.020000000000000018,7,0.044285714285714275,1714.0
KXCPI-26MAR,2026-03-06,35,2026-04-10,True,0.9,0.4205,0.16040495628252888,0.245,0.47950000000000004,1.0,0.0,7,0.04428571428571427,2251.0
KXCPI-26MAR,2026-03-07,34,2026-04-10,True,0.9,0.5025,0.1686527497552293,0.59,0.3975000000000001,1.0,0.040000000000000036,7,0.16428571428571428,4971.0
KXCPI-26MAR,2026-03-09,32,2026-04-10,True,0.9,0.51475,0.164529442653891,0.615,0.38525,1.0,0.030000000000000027,12,0.04999999999999998,8556.0
KXCPI-26MAR,2026-03-10,31,2026-04-10,True,0.9,0.552,0.3497084499979948,0.0,0.348,1.0,0.07999999999999996,11,0.26363636363636367,5613.0
KXCPI-26MAR,2026-03-11,30,2026-04-10,True,0.9,0.6745000000000001,0.2282536965746667,0.01999999999999999,0.22549999999999992,1.0,0.04500000000000001,12,0.06333333333333334,24231.0
KXCPI-26MAR,2026-03-12,29,2026-04-10,True,0.9,0.7415,0.2400578055385828,0.08500000000000002,0.15849999999999997,1.0,0.020000000000000018,12,0.05166666666666669,23947.0
KXCPI-26MAR,2026-03-13,28,2026-04-10,True,0.9,0.7330000000000001,0.22762029786466764,0.13000000000000003,0.16699999999999993,0.9999999999999999,0.010000000000000009,12,0.03333333333333335,45409.0
KXCPI-26MAR,2026-03-14,27,2026-04-10,True,0.9,0.772,0.23348661631879464,0.13499999999999998,0.128,1.0,0.015000000000000013,12,0.025000000000000012,24603.0
KXCPI-26MAR,2026-03-15,26,2026-04-10,True,0.9,0.771,0.22794516884549237,0.15,0.129,1.0,0.010000000000000009,12,0.03000000000000001,8252.0
KXCPI-26MAR,2026-03-16,25,2026-04-10,True,0.9,0.8215000000000001,0.19361753536289017,0.21000000000000002,0.0784999999999999,0.9999999999999999,0.010000000000000009,12,0.019166666666666676,59694.0
KXCPI-26MAR,2026-03-17,24,2026-04-10,True,0.9,0.8560000000000002,0.22992172581119869,0.18,0.04399999999999982,1.0,0.015000000000000013,15,0.023333333333333352,78284.0
KXCPI-26MAR,2026-03-18,23,2026-04-10,True,0.9,0.9235000000000001,0.23706064624901374,0.1299999999999999,0.023500000000000076,1.0,0.015000000000000013,15,0.061333333333333344,75159.0
KXCPI-26MAR,2026-03-19,22,2026-04-10,True,0.9,0.8980000000000002,0.22670685918163136,0.19499999999999995,0.0019999999999997797,1.0,0.025000000000000022,15,0.024666666666666687,68771.0
KXCPI-26MAR,2026-03-20,21,2026-04-10,True,0.9,0.8995000000000002,0.21805905163510186,0.24,0.0004999999999998339,1.0,0.010000000000000009,15,0.02333333333333335,53393.0
KXCPI-26MAR,2026-03-21,20,2026-04-10,True,0.9,0.9125000000000002,0.20807150213328113,0.23000000000000007,0.012500000000000178,0.9999999999999999,0.0,15,0.018000000000000016,14673.0
KXCPI-26MAR,2026-03-22,19,2026-04-10,True,0.9,0.9235000000000001,0.23129580627413032,0.22000000000000008,0.023500000000000076,1.0,0.0050000000000000044,15,0.014666666666666658,25145.0
KXCPI-26MAR,2026-03-23,18,2026-04-10,True,0.9,0.8940000000000001,0.2333752343330372,0.17,0.005999999999999894,0.9999999999999999,0.0,15,0.012000000000000005,51306.0
KXCPI-26MAR,2026-03-24,17,2026-04-10,True,0.9,0.8845000000000001,0.18844030885137078,0.20999999999999996,0.015499999999999958,1.0,0.0,15,0.010000000000000002,70893.0
KXCPI-26MAR,2026-03-25,16,2026-04-10,True,0.9,0.8665,0.17924215464002882,0.23999999999999994,0.033499999999999974,1.0,0.0,15,0.012666666666666668,46811.0
KXCPI-26MAR,2026-03-26,15,2026-04-10,True,0.9,0.8805,0.18047091178358915,0.21499999999999997,0.019500000000000073,1.0,0.0,15,0.01666666666666666,22363.0
KXCPI-26MAR,2026-03-27,14,2026-04-10,True,0.9,0.8664999999999999,0.1860853298892742,0.26999999999999996,0.033500000000000085,1.0,0.0050000000000000044,15,0.018666666666666668,26560.0
KXCPI-26MAR,2026-03-28,13,2026-04-10,True,0.9,0.8680000000000001,0.18351021769917883,0.20500000000000007,0.03199999999999992,1.0,0.010000000000000009,14,0.021428571428571415,6565.0
KXCPI-26MAR,2026-03-29,12,2026-04-10,True,0.9,0.88,0.16822603841260725,0.27,0.020000000000000018,1.0,0.0,15,0.01866666666666668,10088.0
KXCPI-26MAR,2026-03-30,11,2026-04-10,True,0.9,0.8854999999999998,0.15569120077897788,0.245,0.01450000000000018,1.0,0.0,15,0.015333333333333343,50929.0
KXCPI-26MAR,2026-03-31,10,2026-04-10,True,0.9,0.8905000000000001,0.1488615128231606,0.315,0.009499999999999953,1.0,0.0,15,0.016666666666666677,59648.0
KXCPI-26MAR,2026-04-01,9,2026-04-10,True,0.9,0.8795,0.14909644529632493,0.3,0.020500000000000074,1.0,0.0,15,0.018000000000000013,33614.0
KXCPI-26MAR,2026-04-02,8,2026-04-10,True,0.9,0.889,0.15355455056754264,0.265,0.01100000000000001,1.0,0.0,15,0.018666666666666675,44803.0
KXCPI-26MAR,2026-04-03,7,2026-04-10,True,0.9,0.9220000000000002,0.14531345429794174,0.29499999999999993,0.02200000000000013,1.0,0.0,15,0.01333333333333334,37092.0
KXCPI-26MAR,2026-04-04,6,2026-04-10,True,0.9,0.9325000000000001,0.14454670525473767,0.235,0.032500000000000084,1.0,0.0,15,0.014000000000000009,19321.0
KXCPI-26MAR,2026-04-05,5,2026-04-10,True,0.9,0.9510000000000002,0.1469659824585268,0.205,0.051000000000000156,0.9999999999999999,0.0,15,0.012000000000000004,52426.0
KXCPI-26MAR,2026-04-06,4,2026-04-10,True,0.9,0.9470000000000002,0.1459143584435747,0.275,0.04700000000000015,1.0,0.0,15,0.01200000000000001,59061.0
KXCPI-26MAR,2026-04-07,3,2026-04-10,True,0.9,0.9025000000000001,0.15441421566682265,0.29000000000000004,0.0025000000000000577,1.0,0.0,15,0.019333333333333345,141081.0
KXCPI-26MAR,2026-04-08,2,2026-04-10,True,0.9,0.9005,0.1471385401585866,0.37000000000000005,0.0004999999999999449,1.0,0.019999999999999997,15,0.014000000000000005,47736.0
KXCPI-26MAR,2026-04-09,1,2026-04-10,True,0.9,0.8975,0.14540890619215868,0.36500000000000005,0.0025000000000000577,1.0,0.0050000000000000044,15,0.013333333333333341,57626.84
KXCPI-26MAY,2026-02-22,108,2026-06-10,True,0.5,0.24950000000000003,0.08602179956266903,0.6599999999999999,0.25049999999999994,1.0,0.0,4,0.047500000000000014,0.0
KXCPI-26MAY,2026-02-23,107,2026-06-10,True,0.5,0.254,0.16517869111964772,0.049999999999999996,0.246,1.0,0.0,7,0.09714285714285716,0.0
KXCPI-26MAY,2026-02-24,106,2026-06-10,True,0.5,0.225,0.16605721905415613,0.035,0.275,1.0,0.0,7,0.08857142857142856,20.0
KXCPI-26MAY,2026-02-25,105,2026-06-10,True,0.5,0.22850000000000006,0.17273607035011534,0.0,0.27149999999999996,0.9999999999999999,0.009999999999999995,7,0.09571428571428571,0.0
KXCPI-26MAY,2026-02-26,104,2026-06-10,True,0.5,0.29500000000000004,0.11821590417536887,0.375,0.20499999999999996,1.0,0.0,2,0.105,0.0
KXCPI-26MAY,2026-02-27,103,2026-06-10,True,0.5,0.225,0.16605721905415613,0.03499999999999999,0.275,1.0,0.0,7,0.07428571428571429,10.0
KXCPI-26MAY,2026-02-28,102,2026-06-10,True,0.5,0.2235,0.16400533527906946,0.03,0.27649999999999997,1.0,0.0,7,0.10142857142857141,17.0
KXCPI-26MAY,2026-03-01,101,2026-06-10,True,0.5,0.2285,0.15342017468377486,0.035,0.27149999999999996,1.0,0.0,6,0.09833333333333331,0.0
KXCPI-26MAY,2026-03-02,100,2026-06-10,True,0.5,0.228,0.15302287410710858,0.035,0.272,1.0,0.0,6,0.09666666666666664,0.0
KXCPI-26MAY,2026-03-03,99,2026-06-10,True,0.5,0.22,0.17233687939614084,0.035,0.28,1.0,0.0,7,0.0914285714285714,0.0
KXCPI-26MAY,2026-03-04,98,2026-06-10,True,0.5,0.22500000000000006,0.1591383046283955,0.08500000000000002,0.2749999999999999,0.9999999999999999,0.0,5,0.06599999999999999,1.0
KXCPI-26MAY,2026-03-05,97,2026-06-10,True,0.5,0.25900000000000006,0.15441502517566094,0.11000000000000003,0.24099999999999994,0.9999999999999999,0.0,4,0.07499999999999998,44.0
KXCPI-26MAY,2026-03-06,96,2026-06-10,True,0.5,0.3057500000000001,0.18762845599748457,0.03499999999999998,0.19424999999999992,0.9999999999999999,0.0,3,0.4066666666666667,129.0
KXCPI-26MAY,2026-03-07,95,2026-06-10,True,0.5,0.40700000000000003,0.12942565433483424,0.125,0.09299999999999997,1.0,0.0,3,0.7133333333333334,70.0
KXCPI-26MAY,2026-03-09,93,2026-06-10,True,0.5,0.15549999999999997,0.3155467477252776,0.10999999999999999,0.34450000000000003,1.0,0.12,9,0.7477777777777779,488.0
KXCPI-26MAY,2026-03-10,92,2026-06-10,True,0.5,0.261,0.2384931864854843,0.1,0.239,1.0,0.0,7,0.10571428571428572,218.0
KXCPI-26MAY,2026-03-11,91,2026-06-10,True,0.5,0.27649999999999997,0.24575953694617833,0.13000000000000006,0.22350000000000003,1.0,0.0,7,0.08428571428571428,262.0
KXCPI-26MAY,2026-03-12,90,2026-06-10,True,0.5,0.27949999999999997,0.24500969368578052,0.10999999999999999,0.22050000000000003,1.0,0.0,7,0.08999999999999997,42.0
KXCPI-26MAY,2026-03-13,89,2026-06-10,True,0.5,0.25949999999999995,0.24126696831518402,0.1,0.24050000000000005,1.0,0.0,7,0.09571428571428572,255.0
KXCPI-26MAY,2026-03-14,88,2026-06-10,True,0.5,0.2835,0.24794707096475246,0.14999999999999997,0.21650000000000003,1.0,0.0,7,0.08999999999999998,300.0
KXCPI-26MAY,2026-03-15,87,2026-06-10,True,0.5,0.14400000000000002,0.283485449362044,0.38000000000000006,0.356,0.9999999999999999,0.21999999999999997,5,0.6479999999999999,166.0
KXCPI-26MAY,2026-03-16,86,2026-06-10,True,0.5,0.2875,0.2503872001520845,0.12499999999999994,0.21250000000000002,1.0,0.0,7,0.0814285714285714,282.0
KXCPI-26MAY,2026-03-17,85,2026-06-10,True,0.5,0.2705,0.24653549440192177,0.11500000000000005,0.22949999999999998,1.0,0.0,7,0.08142857142857143,220.0
KXCPI-26MAY,2026-03-18,84,2026-06-10,True,0.5,0.34349999999999997,0.35335216144803766,0.06499999999999995,0.15650000000000003,1.0,0.0,12,0.057499999999999996,1495.0
KXCPI-26MAY,2026-03-19,83,2026-06-10,True,0.5,0.45500000000000007,0.4318275118609282,0.07500000000000002,0.04499999999999993,0.9999999999999998,0.014999999999999986,12,0.0775,962.0
KXCPI-26MAY,2026-03-20,82,2026-06-10,True,0.5,0.39849999999999997,0.39843161270160277,0.04499999999999998,0.10150000000000003,1.0000000000000002,0.0,12,0.08083333333333333,1027.0
KXCPI-26MAY,2026-03-21,81,2026-06-10,True,0.5,0.4015,0.4001846448828341,0.07,0.09849999999999998,1.0,0.0,12,0.08249999999999999,1476.0
KXCPI-26MAY,2026-03-22,80,2026-06-10,True,0.5,0.4515,0.4269634059260817,0.05499999999999999,0.04849999999999999,1.0,0.015000000000000013,12,0.08166666666666665,774.0
KXCPI-26MAY,2026-03-23,79,2026-06-10,True,0.5,0.376,0.410273079789547,0.07,0.124,1.0,0.0,12,0.016666666666666673,831.0
KXCPI-26MAY,2026-03-24,78,2026-06-10,True,0.5,0.36,0.3967366884975475,0.05999999999999994,0.14,1.0,0.014999999999999986,12,0.055833333333333346,756.0
KXCPI-26MAY,2026-03-25,77,2026-06-10,True,0.5,0.354,0.39558058597459,0.044999999999999984,0.14600000000000002,1.0,0.014999999999999986,12,0.050833333333333335,571.0
KXCPI-26MAY,2026-03-26,76,2026-06-10,True,0.5,0.354,0.38403645660275537,0.10500000000000001,0.14600000000000002,1.0,0.014999999999999986,12,0.0675,884.0
KXCPI-26MAY,2026-03-27,75,2026-06-10,True,0.5,0.37550000000000006,0.41563174806552017,0.050000000000000044,0.12449999999999994,1.0,0.0,12,0.06083333333333333,777.0
KXCPI-26MAY,2026-03-28,74,2026-06-10,True,0.5,0.3755,0.4052773741525673,0.03999999999999998,0.1245,1.0,0.035,12,0.06333333333333334,384.0
KXCPI-26MAY,2026-03-29,73,2026-06-10,True,0.5,0.40700000000000003,0.4046615870082062,0.04999999999999999,0.09299999999999997,1.0,0.0050000000000000044,12,0.06416666666666668,465.0
KXCPI-26MAY,2026-03-30,72,2026-06-10,True,0.5,0.40650000000000003,0.40522555447552916,0.10499999999999998,0.09349999999999997,1.0,0.020000000000000018,12,0.06416666666666666,545.0
KXCPI-26MAY,2026-03-31,71,2026-06-10,True,0.5,0.399,0.403235663105336,0.11499999999999999,0.10099999999999998,1.0,0.0,12,0.06833333333333334,494.0
KXCPI-26MAY,2026-04-01,70,2026-06-10,True,0.5,0.40900000000000003,0.4051160327609857,0.10999999999999999,0.09099999999999997,1.0,0.0050000000000000044,12,0.07583333333333332,306.0
KXCPI-26MAY,2026-04-02,69,2026-06-10,True,0.5,0.43174999999999997,0.31926389946249795,0.42999999999999994,0.06825000000000003,1.0,0.325,10,0.429,679.0
KXCPI-26MAY,2026-04-03,68,2026-06-10,True,0.5,0.3105,0.315499207605978,0.095,0.1895,1.0,0.014999999999999986,12,0.055000000000000014,890.0
KXCPI-26MAY,2026-04-04,67,2026-06-10,True,0.5,0.3455000000000001,0.33448430456450423,0.08500000000000003,0.15449999999999992,0.9999999999999999,0.0,12,0.04416666666666667,775.0
KXCPI-26MAY,2026-04-05,66,2026-06-10,True,0.5,0.3559999999999999,0.36036648012821615,0.12000000000000002,0.14400000000000007,1.0000000000000002,0.010000000000000009,12,0.06333333333333334,1416.0
KXCPI-26MAY,2026-04-06,65,2026-06-10,True,0.5,0.3795,0.3721958489827635,0.05500000000000005,0.1205,1.0,0.020000000000000018,12,0.057500000000000016,639.0
KXCPI-26MAY,2026-04-07,64,2026-06-10,True,0.5,0.299,0.33030137753270117,0.09999999999999998,0.201,1.0,0.024999999999999994,12,0.05250000000000001,2054.0
KXCPI-26MAY,2026-04-08,63,2026-06-10,True,0.5,0.305,0.3465183977799736,0.10499999999999998,0.195,1.0,0.0050000000000000044,12,0.04750000000000001,565.0
KXCPI-26MAY,2026-04-09,62,2026-06-10,True,0.5,0.31449999999999995,0.34833855657965856,0.06999999999999999,0.18550000000000005,1.0000000000000002,0.0050000000000000044,12,0.03083333333333334,402.0
KXCPI-26MAY,2026-04-10,61,2026-06-10,True,0.5,0.30350000000000005,0.3711303679301924,0.07500000000000004,0.19649999999999995,1.0,0.0,14,0.03642857142857143,2909.02
KXCPI-26MAY,2026-04-11,60,2026-06-10,True,0.5,0.289,0.3801039331551306,0.05500000000000001,0.21100000000000002,1.0000000000000002,0.0,14,0.048571428571428585,2031.0
KXCPI-26MAY,2026-04-12,59,2026-06-10,True,0.5,0.334,0.41078461509652475,0.07500000000000001,0.16599999999999998,1.0,0.0,14,0.044285714285714296,1433.35
KXCPI-26MAY,2026-04-13,58,2026-06-10,True,0.5,0.32049999999999995,0.41704885804902997,0.06499999999999999,0.17950000000000005,1.0000000000000002,0.0,14,0.02071428571428572,1034.97
KXCPI-26MAY,2026-04-14,57,2026-06-10,True,0.5,0.2815,0.4051021476121794,0.03000000000000002,0.21850000000000003,1.0000000000000002,0.0,14,0.03928571428571429,616.0
KXCPI-26MAY,2026-04-15,56,2026-06-10,True,0.5,0.266,0.3918469088815172,0.08500000000000002,0.23399999999999999,1.0,2.7755575615628914e-17,14,0.027142857142857146,711.0
KXCPI-26MAY,2026-04-16,55,2026-06-10,True,0.5,0.263,0.40906112012754287,0.07500000000000001,0.237,1.0,0.0,14,0.035714285714285705,1468.0
KXCPI-26MAY,2026-04-17,54,2026-06-10,True,0.5,0.16150000000000003,0.39442077785025476,0.065,0.33849999999999997,1.0,0.03,14,0.032857142857142856,2001.6699999999998
KXCPI-26MAY,2026-04-18,53,2026-06-10,True,0.5,0.179,0.3909718659954958,0.059999999999999984,0.321,1.0000000000000002,0.0,14,0.051428571428571414,1966.63
KXCPI-26MAY,2026-04-19,52,2026-06-10,True,0.5,0.20449999999999996,0.404017016968345,0.05,0.29550000000000004,1.0000000000000002,0.014999999999999986,14,0.05000000000000001,571.6600000000001
KXCPI-26MAY,2026-04-20,51,2026-06-10,True,0.5,0.2905,0.4154031174654327,0.0,0.20950000000000002,1.0,0.0,14,0.042142857142857156,1481.47
KXCPI-26MAY,2026-04-21,50,2026-06-10,True,0.5,0.2615,0.38661059219840316,0.11500000000000002,0.2385,1.0,0.009999999999999981,14,0.030714285714285715,294.56
KXCPI-26MAY,2026-04-22,49,2026-06-10,True,0.5,0.2665,0.38862288918693405,0.10000000000000003,0.23349999999999999,1.0,0.010000000000000009,14,0.02071428571428572,230.17000000000002
KXCPI-26MAY,2026-04-23,48,2026-06-10,True,0.5,0.20900000000000002,0.3173625686813113,0.06500000000000002,0.291,1.0,0.0,14,0.042857142857142864,2554.0
KXCPI-26MAY,2026-04-24,47,2026-06-10,True,0.5,0.2785000000000001,0.3237093603836627,0.13500000000000004,0.22149999999999992,0.9999999999999999,0.015,14,0.028571428571428574,3646.0
KXCPI-26MAY,2026-04-25,46,2026-06-10,True,0.5,0.281,0.3097402137275688,0.12500000000000003,0.21899999999999997,0.9999999999999999,0.0050000000000000044,14,0.02928571428571428,1347.0
KXCPI-26MAY,2026-04-26,45,2026-06-10,True,0.5,0.2915000000000001,0.3042659198793056,0.10500000000000001,0.2084999999999999,1.0,0.0,14,0.03357142857142858,525.0
KXCPI-26MAY,2026-04-27,44,2026-06-10,True,0.5,0.335,0.27198345537918295,0.18,0.16499999999999998,1.0,0.0,14,0.03142857142857143,1970.6399999999999
KXCPI-26MAY,2026-04-28,43,2026-06-10,True,0.5,0.3795,0.23564751218716481,0.25,0.1205,1.0,0.02499999999999991,14,0.020714285714285696,4399.93
KXCPI-26MAY,2026-04-29,42,2026-06-10,True,0.5,0.4565000000000001,0.25545596489414774,0.30000000000000004,0.04349999999999993,1.0,0.025000000000000022,14,0.02214285714285713,3946.05
KXCPI-26MAY,2026-04-30,41,2026-06-10,True,0.5,0.517,0.23624351842960692,0.3,0.017000000000000015,1.0,0.0050000000000000044,13,0.027692307692307714,6489.75
KXCPI-26MAY,2026-05-01,40,2026-06-10,True,0.5,0.5235000000000001,0.23579175134003308,0.27999999999999997,0.023500000000000076,1.0,0.019999999999999907,14,0.029285714285714276,2513.8
KXCPI-26MAY,2026-05-02,39,2026-06-10,True,0.5,0.5255,0.24939877706195757,0.20000000000000007,0.025499999999999967,1.0,0.019999999999999907,14,0.03428571428571428,1168.19
KXCPI-26MAY,2026-05-03,38,2026-06-10,True,0.5,0.5165,0.24632854077430816,0.25000000000000006,0.01649999999999996,1.0,0.02499999999999991,14,0.035714285714285705,2451.4
KXCPI-26MAY,2026-05-04,37,2026-06-10,True,0.5,0.54,0.2491987158875423,0.235,0.040000000000000036,1.0,0.0050000000000001155,14,0.04928571428571427,3703.96
KXCPI-26MAY,2026-05-05,36,2026-06-10,True,0.5,0.5155000000000001,0.2716794986744492,0.125,0.01550000000000007,1.0,0.020000000000000018,14,0.03214285714285715,1203.02
KXCPI-26MAY,2026-05-06,35,2026-06-10,True,0.5,0.4855000000000001,0.23862051462520986,0.265,0.014499999999999902,1.0,0.010000000000000009,14,0.03642857142857142,9464.380000000001
KXCPI-26MAY,2026-05-07,34,2026-06-10,True,0.5,0.5045000000000001,0.24192922518786356,0.22999999999999998,0.0045000000000000595,1.0,0.014999999999999902,14,0.03428571428571428,3464.74
KXCPI-26MAY,2026-05-08,33,2026-06-10,True,0.5,0.5145,0.24482595859099587,0.19499999999999995,0.014499999999999957,1.0,0.020000000000000018,12,0.05083333333333332,1950.71
KXCPI-26MAY,2026-05-09,32,2026-06-10,True,0.5,0.5215,0.22646798890792488,0.20999999999999996,0.021499999999999964,1.0,0.0,12,0.04083333333333331,2111.16
KXCPI-26MAY,2026-05-10,31,2026-06-10,True,0.5,0.532,0.23059921942625913,0.19999999999999996,0.03200000000000003,1.0,0.009999999999999898,12,0.03666666666666666,3256.21
KXCPI-26MAY,2026-05-11,30,2026-06-10,True,0.5,0.541,0.23306436879111322,0.18499999999999994,0.041000000000000036,1.0,0.010000000000000009,14,0.03,3525.77
KXCPI-26MAY,2026-05-12,29,2026-06-10,True,0.5,0.5765,0.2039552647028265,0.21999999999999997,0.07650000000000001,1.0,0.015000000000000013,14,0.023571428571428583,11885.380000000001
KXCPI-26MAY,2026-05-13,28,2026-06-10,True,0.5,0.5880000000000001,0.20038962048968512,0.21999999999999997,0.08800000000000008,1.0,0.015000000000000013,13,0.02307692307692309,9753.52
KXCPI-26MAY,2026-05-14,27,2026-06-10,True,0.5,0.5655,0.18590252822379802,0.24,0.0655,1.0,0.020000000000000018,13,0.020000000000000004,4560.45
KXCPI-26MAY,2026-05-15,26,2026-06-10,True,0.5,0.55725,0.1900919185552085,0.2450000000000001,0.05725000000000002,1.0,0.020000000000000018,13,0.024615384615384612,4293.23
KXCPI-26MAY,2026-05-16,25,2026-06-10,True,0.5,0.5635,0.15785357138816977,0.2450000000000001,0.0635,1.0,0.0,14,0.016428571428571424,1962.31
KXCPI-26MAY,2026-05-17,24,2026-06-10,True,0.5,0.539,0.1458732326371086,0.30000000000000004,0.039000000000000035,1.0,0.005,13,0.015384615384615384,10560.11
KXCPI-26MAY,2026-05-18,23,2026-06-10,True,0.5,0.5509999999999999,0.1496629546681476,0.25,0.050999999999999934,1.0,0.020000000000000018,14,0.030000000000000002,5415.18
KXCPI-26MAY,2026-05-19,22,2026-06-10,True,0.5,0.5745,0.14352613002516304,0.31499999999999995,0.07450000000000001,1.0,0.0,14,0.02785714285714287,7668.68
KXCPI-26MAY,2026-05-20,21,2026-06-10,True,0.5,0.5735,0.12185134385799776,0.375,0.07350000000000001,1.0,0.0,8,0.04125,32742.31
KXCPI-26MAY,2026-05-21,20,2026-06-10,True,0.5,0.5565,0.1320331397793751,0.2849999999999999,0.056499999999999995,1.0,0.0,9,0.029999999999999995,5538.63
KXCPI-26MAY,2026-05-22,19,2026-06-10,True,0.5,0.5527500000000001,0.16898206265754948,0.29999999999999993,0.052750000000000075,1.0,0.029999999999999916,10,0.03699999999999999,2140.06
KXCPI-26MAY,2026-05-23,18,2026-06-10,True,0.5,0.5609999999999999,0.12758918449461149,0.30500000000000005,0.06099999999999994,1.0,0.0,12,0.02333333333333334,1619.3
KXCPI-26MAY,2026-05-24,17,2026-06-10,True,0.5,0.5435,0.17452148864824646,0.37,0.04349999999999998,1.0,0.010000000000000009,14,0.031428571428571445,5873.900000000001
KXCPI-26MAY,2026-05-25,16,2026-06-10,True,0.5,0.48225,0.2679970848722054,0.36499999999999994,0.017749999999999988,1.0,0.135,11,0.08181818181818182,3544.5800000000004
KXCPI-26MAY,2026-05-26,15,2026-06-10,True,0.5,0.5097499999999999,0.1810177822756649,0.5,0.009749999999999925,1.0,0.010000000000000009,13,0.05615384615384617,8963.490000000002
KXCPI-26MAY,2026-05-27,14,2026-06-10,True,0.5,0.51575,0.12928432812990137,0.505,0.015750000000000042,1.0,0.0050000000000000044,12,0.03000000000000001,21154.480000000003
KXCPI-26MAY,2026-05-28,13,2026-06-10,True,0.5,0.513,0.1324990566004151,0.48000000000000004,0.013000000000000012,1.0,0.005,12,0.012500000000000004,2686.89
KXCPI-26MAY,2026-05-29,12,2026-06-10,True,0.5,0.514,0.1510099334481014,0.4,0.014000000000000012,1.0,0.010000000000000009,14,0.034285714285714294,4633.36
KXCPI-26MAY,2026-05-30,11,2026-06-10,True,0.5,0.511,0.1314496101173374,0.455,0.01100000000000001,1.0,0.0,12,0.031666666666666676,1459.3
KXCPI-26MAY,2026-05-31,10,2026-06-10,True,0.5,0.52525,0.12825730973320784,0.505,0.025249999999999995,1.0,0.0,13,0.025384615384615387,4382.59
KXCPI-26MAY,2026-06-01,9,2026-06-10,True,0.5,0.512,0.1351147660324363,0.4650000000000001,0.01200000000000001,1.0,0.0050000000000000044,10,0.024999999999999998,12992.949999999999
KXCPI-26MAY,2026-06-02,8,2026-06-10,True,0.5,0.51,0.12922847983320085,0.465,0.010000000000000009,1.0,0.004999999999999999,8,0.016249999999999994,17152.690000000002
KXCPI-26MAY,2026-06-03,7,2026-06-10,True,0.5,0.484,0.13395521639712285,0.405,0.016000000000000014,1.0,0.0050000000000000044,14,0.022142857142857148,11571.869999999999
KXCPI-26MAY,2026-06-04,6,2026-06-10,True,0.5,0.49499999999999994,0.12599603168354157,0.41500000000000004,0.00500000000000006,1.0,0.0,10,0.04100000000000001,2615.7400000000002
KXCPI-26MAY,2026-06-05,5,2026-06-10,True,0.5,0.49900000000000005,0.13963881981741325,0.43,0.0009999999999999454,1.0,0.0050000000000000044,13,0.03692307692307693,37181.85999999999
KXCPI-26MAY,2026-06-06,4,2026-06-10,True,0.5,0.512,0.11781765572273113,0.575,0.01200000000000001,1.0,0.005000000000000001,10,0.019,15583.719999999998
KXCPI-26MAY,2026-06-07,3,2026-06-10,True,0.5,0.503,0.10742904635153386,0.6,0.0030000000000000027,1.0,0.0,11,0.020909090909090922,13943.999999999998
KXCPI-26MAY,2026-06-08,2,2026-06-10,True,0.5,0.50125,0.11836780601160102,0.505,0.0012499999999999734,1.0,0.0,13,0.02384615384615385,27434.449999999997
KXCPI-26MAY,2026-06-09,1,2026-06-10,True,0.5,0.4995,0.10271197593270225,0.515,0.0005000000000000004,1.0,0.005,12,0.018333333333333344,50647.07000000001
KXCPI-26NOV,2026-07-13,150,2026-12-10,False,,0.3025,0.27931836674304106,,,1.0,0.0,3,0.79,5.0
KXCPI-26NOV,2026-07-14,149,2026-12-10,False,,0.2205,0.2162862686348812,,,1.0,0.265,4,0.6875,5.19
KXCPI-26NOV,2026-07-15,148,2026-12-10,False,,0.22799999999999998,0.19030501832584445,,,1.0,0.265,4,0.7050000000000001,5.0
KXCPI-26OCT,2026-06-13,150,2026-11-10,False,,0.319,0.22658111130453923,,,1.0,0.0,6,0.06666666666666664,41.0
KXCPI-26OCT,2026-06-14,149,2026-11-10,False,,0.31025,0.24946430105327694,,,1.0,0.0,6,0.05999999999999998,108.0
KXCPI-26OCT,2026-06-15,148,2026-11-10,False,,0.29100000000000004,0.25830021293061295,,,1.0,0.019999999999999907,7,0.05999999999999998,86.0
KXCPI-26OCT,2026-06-16,147,2026-11-10,False,,0.2985,0.24969531433328898,,,1.0,0.0,7,0.07285714285714283,74.0
KXCPI-26OCT,2026-06-17,146,2026-11-10,False,,0.2915,0.25254257066878844,,,1.0,0.0,7,0.0557142857142857,61.0
KXCPI-26OCT,2026-06-18,145,2026-11-10,False,,0.2885,0.25163018499377215,,,1.0,0.0,7,0.06999999999999999,63.0
KXCPI-26OCT,2026-06-19,144,2026-11-10,False,,0.29100000000000004,0.25003799711243885,,,1.0,0.0,7,0.05999999999999999,1.0
KXCPI-26OCT,2026-06-20,143,2026-11-10,False,,0.29400000000000004,0.24852364072659164,,,1.0,0.0,7,0.05714285714285715,54.0
KXCPI-26OCT,2026-06-21,142,2026-11-10,False,,0.28900000000000003,0.2526440183340979,,,1.0,0.0,6,0.053333333333333344,0.0
KXCPI-26OCT,2026-06-22,141,2026-11-10,False,,0.2935,0.2449647933887643,,,1.0,0.0,7,0.06999999999999998,19.0
KXCPI-26OCT,2026-06-23,140,2026-11-10,False,,0.2945,0.2549897056745625,,,1.0,0.0,7,0.06428571428571427,13.0
KXCPI-26OCT,2026-06-24,139,2026-11-10,False,,0.299,0.24959767627123455,,,1.0,0.0,7,0.08285714285714282,111.99
KXCPI-26OCT,2026-06-25,138,2026-11-10,False,,0.29900000000000004,0.2521884216216121,,,1.0,0.0,7,0.07428571428571425,5.0
KXCPI-26OCT,2026-06-26,137,2026-11-10,False,,0.29600000000000004,0.25314817795117545,,,1.0,0.0,7,0.0657142857142857,66.0
KXCPI-26OCT,2026-06-27,136,2026-11-10,False,,0.29874999999999996,0.2536452985962878,,,1.0,0.0,6,0.05333333333333331,7.0
KXCPI-26OCT,2026-06-28,135,2026-11-10,False,,0.29600000000000004,0.2533456137374397,,,1.0,0.0,7,0.05714285714285713,51.0
KXCPI-26OCT,2026-06-29,134,2026-11-10,False,,0.2975,0.2536606985719309,,,1.0,0.0,7,0.05285714285714284,3.0
KXCPI-26OCT,2026-06-30,133,2026-11-10,False,,0.29500000000000004,0.25352514668174436,,,1.0,0.0,7,0.03999999999999999,77.0
KXCPI-26OCT,2026-07-01,132,2026-11-10,False,,0.2955,0.2557923962904292,,,1.0,0.0,7,0.0671428571428571,75.0
KXCPI-26OCT,2026-07-02,131,2026-11-10,False,,0.2935,0.2563352297285724,,,1.0,0.0050000000000001155,7,0.06857142857142853,33.0
KXCPI-26OCT,2026-07-03,130,2026-11-10,False,,0.293,0.25641957803568743,,,1.0,0.0050000000000001155,7,0.0671428571428571,0.0
KXCPI-26OCT,2026-07-04,129,2026-11-10,False,,0.2935,0.2563352297285724,,,1.0,0.0050000000000001155,7,0.06571428571428568,0.0
KXCPI-26OCT,2026-07-05,128,2026-11-10,False,,0.29100000000000004,0.2553801088573658,,,1.0,0.0050000000000001155,7,0.058571428571428545,48.739999999999995
KXCPI-26OCT,2026-07-06,127,2026-11-10,False,,0.29100000000000004,0.2575247560915261,,,0.9999999999999999,0.0,7,0.07714285714285711,34.0
KXCPI-26OCT,2026-07-07,126,2026-11-10,False,,0.28700000000000003,0.25986727381492264,,,1.0,0.004999999999999893,7,0.06428571428571427,53.0
KXCPI-26OCT,2026-07-08,125,2026-11-10,False,,0.28700000000000003,0.25986727381492264,,,1.0,0.004999999999999893,7,0.06428571428571427,1.0
KXCPI-26OCT,2026-07-09,124,2026-11-10,False,,0.2875,0.2603723295590374,,,1.0,0.004999999999999893,7,0.06285714285714285,1.0
KXCPI-26OCT,2026-07-10,123,2026-11-10,False,,0.249,0.33286483743405515,,,1.0,0.13,5,0.6079999999999999,17.0
KXCPI-26OCT,2026-07-11,122,2026-11-10,False,,0.2475,0.33285695125684245,,,1.0,0.13,5,0.604,24.0
KXCPI-26OCT,2026-07-12,121,2026-11-10,False,,0.24525,0.33130791946465754,,,1.0,0.0,5,0.6619999999999999,60.0
KXCPI-26OCT,2026-07-13,120,2026-11-10,False,,0.22799999999999998,0.3214669500897409,,,1.0,0.05499999999999999,5,0.674,0.0
KXCPI-26OCT,2026-07-14,119,2026-11-10,False,,0.16599999999999998,0.2652244332636042,,,1.0,0.27,6,0.6783333333333333,3.0
KXCPI-26OCT,2026-07-15,118,2026-11-10,False,,0.16599999999999998,0.2652244332636042,,,1.0,0.27,6,0.6783333333333333,0.0
KXCPI-26OCT,2026-07-16,117,2026-11-10,False,,0.1495,0.23963461769953023,,,1.0,0.0,3,0.69,0.0
KXCPI-26SEP,2026-05-17,150,2026-10-14,False,,0.27849999999999997,0.20368541921306,,,1.0,0.0,7,0.06428571428571427,4.0
KXCPI-26SEP,2026-05-18,149,2026-10-14,False,,0.269,0.214100443717429,,,1.0,0.0,7,0.05428571428571428,610.0
KXCPI-26SEP,2026-05-19,148,2026-10-14,False,,0.32799999999999996,0.2324134247413432,,,1.0,0.0,7,0.07428571428571429,758.13
KXCPI-26SEP,2026-05-20,147,2026-10-14,False,,0.349,0.2229327252782776,,,1.0,0.0,7,0.09428571428571426,490.0
KXCPI-26SEP,2026-05-21,146,2026-10-14,False,,0.35,0.22360679774997894,,,1.0,0.0,7,0.09714285714285713,133.99
KXCPI-26SEP,2026-05-22,145,2026-10-14,False,,0.357,0.22461300051421776,,,1.0,0.0,7,0.08857142857142855,20.0
KXCPI-26SEP,2026-05-23,144,2026-10-14,False,,0.3175,0.2157400055622508,,,1.0,0.0,7,0.07000000000000002,1060.7
KXCPI-26SEP,2026-05-24,143,2026-10-14,False,,0.315,0.22107690969434143,,,1.0,0.0,7,0.05714285714285713,5.0
KXCPI-26SEP,2026-05-25,142,2026-10-14,False,,0.32099999999999995,0.20629832767136044,,,1.0,0.0,6,0.05000000000000001,3.0
KXCPI-26SEP,2026-05-26,141,2026-10-14,False,,0.3145,0.2175769978651236,,,1.0,0.0,7,0.0642857142857143,18.0
KXCPI-26SEP,2026-05-27,140,2026-10-14,False,,0.31775,0.20340215706820808,,,1.0,0.0,5,0.08000000000000002,38.0
KXCPI-26SEP,2026-05-28,139,2026-10-14,False,,0.314,0.2059223154492975,,,1.0,0.0,6,0.08999999999999998,60.01
KXCPI-26SEP,2026-05-29,138,2026-10-14,False,,0.3055,0.22027199095663524,,,1.0,0.0,7,0.08428571428571427,145.01
KXCPI-26SEP,2026-05-30,137,2026-10-14,False,,0.313,0.20695651717208616,,,1.0,0.0,6,0.08333333333333333,8.0
KXCPI-26SEP,2026-05-31,136,2026-10-14,False,,0.304,0.22154909162531,,,1.0,0.0,7,0.08571428571428572,5.0
KXCPI-26SEP,2026-06-01,135,2026-10-14,False,,0.3025,0.22258425371081395,,,1.0,0.0,7,0.08428571428571427,2.0
KXCPI-26SEP,2026-06-02,134,2026-10-14,False,,0.34199999999999997,0.21687784580265454,,,1.0,0.0,7,0.09428571428571426,502.03
KXCPI-26SEP,2026-06-03,133,2026-10-14,False,,0.33299999999999996,0.21751091926613705,,,1.0,0.0,7,0.08857142857142859,2.0
KXCPI-26SEP,2026-06-04,132,2026-10-14,False,,0.345,0.2137171027316251,,,1.0,0.0,7,0.07714285714285715,289.0
KXCPI-26SEP,2026-06-05,131,2026-10-14,False,,0.3565,0.1958513466892684,,,1.0,0.0,6,0.075,58.0
KXCPI-26SEP,2026-06-06,130,2026-10-14,False,,0.3565,0.1958513466892684,,,1.0,0.0,6,0.075,0.0
KXCPI-26SEP,2026-06-07,129,2026-10-14,False,,0.3565,0.1958513466892684,,,1.0,0.0,6,0.075,1.0
KXCPI-26SEP,2026-06-08,128,2026-10-14,False,,0.34299999999999997,0.21366094636128524,,,1.0,0.0,7,0.07142857142857141,54.0
KXCPI-26SEP,2026-06-09,127,2026-10-14,False,,0.34049999999999997,0.2109733395479154,,,1.0,0.0,7,0.0814285714285714,136.0
KXCPI-26SEP,2026-06-10,126,2026-10-14,False,,0.3255,0.21610124941795222,,,1.0,0.0,7,0.08142857142857143,406.88
KXCPI-26SEP,2026-06-11,125,2026-10-14,False,,0.3185,0.2197902409116474,,,1.0,0.0,7,0.08714285714285715,61.0
KXCPI-26SEP,2026-06-12,124,2026-10-14,False,,0.315,0.22371857321197092,,,1.0,0.0,6,0.08,2.0
KXCPI-26SEP,2026-06-13,123,2026-10-14,False,,0.323,0.22174534944390603,,,1.0,0.0,7,0.0885714285714286,124.0
KXCPI-26SEP,2026-06-14,122,2026-10-14,False,,0.313,0.22479101405527757,,,1.0,0.0,7,0.08,261.0
KXCPI-26SEP,2026-06-15,121,2026-10-14,False,,0.31,0.22759613353482083,,,1.0,0.0,7,0.07714285714285718,45.0
KXCPI-26SEP,2026-06-16,120,2026-10-14,False,,0.303,0.23257471917644018,,,1.0,0.0,7,0.08857142857142856,103.0
KXCPI-26SEP,2026-06-17,119,2026-10-14,False,,0.299,0.23515739410020683,,,1.0,0.0,7,0.07142857142857142,125.0
KXCPI-26SEP,2026-06-18,118,2026-10-14,False,,0.2985,0.23716608104870307,,,1.0,0.0,7,0.06142857142857142,6.0
KXCPI-26SEP,2026-06-19,117,2026-10-14,False,,0.2815,0.21910670916245353,,,1.0,0.0,6,0.06166666666666667,1.0
KXCPI-26SEP,2026-06-20,116,2026-10-14,False,,0.2935,0.2379238323497669,,,1.0,0.0,7,0.06999999999999999,66.0
KXCPI-26SEP,2026-06-21,115,2026-10-14,False,,0.297,0.2426746793548927,,,1.0,0.0,7,0.07142857142857142,36.0
KXCPI-26SEP,2026-06-22,114,2026-10-14,False,,0.2915,0.2426473778964034,,,1.0,0.0,7,0.058571428571428566,44.0
KXCPI-26SEP,2026-06-23,113,2026-10-14,False,,0.2935,0.24022437428371,,,1.0,0.0,7,0.08428571428571427,13.0
KXCPI-26SEP,2026-06-24,112,2026-10-14,False,,0.2905,0.23887182755611847,,,1.0,0.0,7,0.07285714285714283,17.01
KXCPI-26SEP,2026-06-25,111,2026-10-14,False,,0.2935,0.2375031578737428,,,1.0,0.0,7,0.06714285714285713,21.0
KXCPI-26SEP,2026-06-26,110,2026-10-14,False,,0.289,0.23553980555311665,,,1.0,0.0,7,0.05142857142857144,5.0
KXCPI-26SEP,2026-06-27,109,2026-10-14,False,,0.2909999999999999,0.24190700692621536,,,1.0,0.0,7,0.05428571428571427,46.0
KXCPI-26SEP,2026-06-28,108,2026-10-14,False,,0.288,0.24136279746472944,,,1.0,0.0,7,0.048571428571428564,212.0
KXCPI-26SEP,2026-06-29,107,2026-10-14,False,,0.28900000000000003,0.2440880988495752,,,1.0,0.0,7,0.04571428571428571,24.0
KXCPI-26SEP,2026-06-30,106,2026-10-14,False,,0.2895,0.24318665670632503,,,1.0,0.0,7,0.03857142857142857,2.0
KXCPI-26SEP,2026-07-01,105,2026-10-14,False,,0.2895,0.23987444632557256,,,1.0,0.0,7,0.06142857142857143,43.0
KXCPI-26SEP,2026-07-02,104,2026-10-14,False,,0.2935,0.23792383234976688,,,1.0,0.0,7,0.05571428571428572,44.0
KXCPI-26SEP,2026-07-03,103,2026-10-14,False,,0.2935,0.2360248927549804,,,1.0,0.0,7,0.052857142857142866,0.0
KXCPI-26SEP,2026-07-04,102,2026-10-14,False,,0.294,0.2342306555513176,,,1.0,0.0,7,0.05999999999999999,0.0
KXCPI-26SEP,2026-07-05,101,2026-10-14,False,,0.2885,0.23878389811710504,,,1.0,0.0,7,0.0557142857142857,18.009999999999998
KXCPI-26SEP,2026-07-06,100,2026-10-14,False,,0.2825,0.24544602257930354,,,1.0,0.009999999999999898,7,0.06428571428571427,7.0
KXCPI-26SEP,2026-07-07,99,2026-10-14,False,,0.279,0.24931706720559665,,,1.0,0.0,7,0.05428571428571428,52.0
KXCPI-26SEP,2026-07-08,98,2026-10-14,False,,0.2815,0.24800756036863067,,,1.0,0.009999999999999898,7,0.06428571428571427,116.0
KXCPI-26SEP,2026-07-09,97,2026-10-14,False,,0.27949999999999997,0.24985946049729635,,,1.0,0.0,7,0.0557142857142857,55.0
KXCPI-26SEP,2026-07-10,96,2026-10-14,False,,0.3085,0.19944360105052256,,,1.0,0.15999999999999992,4,0.7175,157.11
KXCPI-26SEP,2026-07-11,95,2026-10-14,False,,0.31,0.19974984355438177,,,1.0,0.16499999999999992,4,0.52,36.0
KXCPI-26SEP,2026-07-12,94,2026-10-14,False,,0.312,0.1996396754154845,,,1.0,0.14500000000000002,4,0.645,85.0
KXCPI-26SEP,2026-07-13,93,2026-10-14,False,,0.312,0.1996396754154845,,,1.0,0.14500000000000002,4,0.6575,10.0
KXCPI-26SEP,2026-07-14,92,2026-10-14,False,,0.309,0.19904522099261765,,,1.0,0.15000000000000002,4,0.7325,7.0
KXCPI-26SEP,2026-07-15,91,2026-10-14,False,,0.309,0.19904522099261765,,,1.0,0.14500000000000002,4,0.7225,5.0
KXCPI-26SEP,2026-07-16,90,2026-10-14,False,,0.314,0.19950939827486824,,,1.0,0.16999999999999993,3,0.7233333333333333,65.0
KXCPI-26SEP,2026-07-17,89,2026-10-14,False,,0.431,0.08966047066572873,,,1.0,0.0,2,0.65,0.0
KXCPI-26SEP,2026-07-18,88,2026-10-14,False,,0.43,0.0894427190999916,,,1.0,0.0,2,0.64,0.0
KXCPI-26SEP,2026-07-19,87,2026-10-14,False,,0.4305,0.08899297725101685,,,1.0,0.0,2,0.645,0.0
KXCPI-26SEP,2026-07-20,86,2026-10-14,False,,0.431,0.08966047066572873,,,1.0,0.0,2,0.65,7.0
