target_month,nowcast_date,cpi_mom_nowcast,cpi_mom_actual_clevelandfed
2013-08,2013-08-20,0.1622798409,
2013-08,2013-08-21,0.1353778859,
2013-08,2013-08-22,0.1353778859,
2013-08,2013-08-23,0.1353778859,
2013-08,2013-08-26,0.1353778859,
2013-08,2013-08-27,0.1248922461,
2013-08,2013-08-28,0.1248922461,
2013-08,2013-08-29,0.1248922461,
2013-08,2013-08-30,0.1248922461,
2013-08,2013-09-03,0.1248922461,
2013-08,2013-09-04,0.1248922461,
2013-08,2013-09-05,0.1248922461,
2013-08,2013-09-06,0.1248922461,
2013-08,2013-09-09,0.1248922461,
2013-08,2013-09-10,0.1248922461,
2013-08,2013-09-11,0.1248922461,
2013-08,2013-09-12,0.1248922461,
2013-08,2013-09-13,0.1248922461,
2013-09,2013-09-03,0.3936874753,
2013-09,2013-09-04,0.3128509454,
2013-09,2013-09-05,0.3128509454,
2013-09,2013-09-06,0.3128509454,
2013-09,2013-09-09,0.3128509454,
2013-09,2013-09-10,0.2983250987,
2013-09,2013-09-11,0.2983250987,
2013-09,2013-09-12,0.2983250987,
2013-09,2013-09-13,0.2983250987,
2013-09,2013-09-16,0.2983250987,
2013-09,2013-09-17,0.2726734763,
2013-09,2013-09-18,0.2726734763,
2013-09,2013-09-19,0.2726734763,
2013-09,2013-09-20,0.2726734763,
2013-09,2013-09-23,0.2416745955,
2013-09,2013-09-24,0.2416745955,
2013-09,2013-09-25,0.2416745955,
2013-09,2013-09-26,0.2416745955,
2013-09,2013-09-27,0.2416745955,
2013-09,2013-09-30,0.2031578759,
2013-09,2013-10-01,0.2031578759,
2013-09,2013-10-02,0.2031578759,
2013-09,2013-10-03,0.2031578759,
2013-09,2013-10-04,0.2031578759,
2013-09,2013-10-07,0.2031578759,
2013-09,2013-10-08,0.2031578759,
2013-09,2013-10-09,0.2031578759,
2013-09,2013-10-10,0.2031578759,
2013-09,2013-10-11,0.2031578759,
2013-09,2013-10-15,0.2031578759,
2013-09,2013-10-16,0.2031578759,
2013-09,2013-10-17,0.2031578759,
2013-09,2013-10-18,0.2031578759,
2013-09,2013-10-21,0.2031578759,
2013-09,2013-10-22,0.2031578759,
2013-09,2013-10-23,0.2031578759,
2013-09,2013-10-24,0.2031578759,
2013-09,2013-10-25,0.2031578759,
2013-10,2013-10-01,0.1605095678,
2013-10,2013-10-02,0.1181388586,
2013-10,2013-10-03,0.1533869055,
2013-10,2013-10-04,0.1633099308,
2013-10,2013-10-07,0.1737504144,
2013-10,2013-10-08,-0.0011812538,
2013-10,2013-10-09,-0.0011812538,
2013-10,2013-10-10,-0.0011812538,
2013-10,2013-10-11,-0.0011812538,
2013-10,2013-10-15,-0.0011812538,
2013-10,2013-10-16,-0.0011812538,
2013-10,2013-10-17,-0.0011812538,
2013-10,2013-10-18,-0.009326704,
2013-10,2013-10-21,-0.009326704,
2013-10,2013-10-22,-0.0095735358,
2013-10,2013-10-23,-0.0095735358,
2013-10,2013-10-24,-0.0095735358,
2013-10,2013-10-25,-0.0095735358,
2013-10,2013-10-28,-0.0095735358,
2013-10,2013-10-29,-0.0330225593,
2013-10,2013-10-30,-0.0355596994,
2013-10,2013-10-31,-0.0355596994,
2013-10,2013-11-01,-0.0355596994,
2013-10,2013-11-04,-0.0355596994,
2013-10,2013-11-05,-0.0355596994,
2013-10,2013-11-06,-0.0355596994,
2013-10,2013-11-07,-0.0355596994,
2013-10,2013-11-08,-0.0355596994,
2013-10,2013-11-12,-0.0355596994,
2013-10,2013-11-13,-0.0355596994,
2013-10,2013-11-14,-0.0355596994,
2013-10,2013-11-15,-0.0355596994,
2013-11,2013-11-01,0.2265089028,
2013-11,2013-11-04,0.1225895504,
2013-11,2013-11-05,0.067695188,
2013-11,2013-11-06,0.067695188,
2013-11,2013-11-07,0.067695188,
2013-11,2013-11-08,0.067695188,
2013-11,2013-11-12,0.0140597203,
2013-11,2013-11-13,0.0140597203,
2013-11,2013-11-14,0.0140597203,
2013-11,2013-11-15,0.0140597203,
2013-11,2013-11-18,0.008618441,
2013-11,2013-11-19,0.0087751396,
2013-11,2013-11-20,0.0087751396,
2013-11,2013-11-21,0.0087751396,
2013-11,2013-11-22,0.03474188,
2013-11,2013-11-25,0.03474188,
2013-11,2013-11-26,0.03474188,
2013-11,2013-11-27,0.03474188,
2013-11,2013-11-30,0.03474188,
2013-11,2013-12-03,0.03474188,
2013-11,2013-12-04,0.03474188,
2013-11,2013-12-05,0.03474188,
2013-11,2013-12-06,0.03474188,
2013-11,2013-12-09,0.03474188,
2013-11,2013-12-10,0.03474188,
2013-11,2013-12-11,0.03474188,
2013-12,2013-12-03,0.4384211884,
2013-12,2013-12-04,0.2678089848,
2013-12,2013-12-05,0.2678089848,
2013-12,2013-12-06,0.2678089848,
2013-12,2013-12-09,0.2654151755,
2013-12,2013-12-10,0.2654151755,
2013-12,2013-12-11,0.2654151755,
2013-12,2013-12-12,0.2654151755,
2013-12,2013-12-13,0.2654151755,
2013-12,2013-12-16,0.2464787298,
2013-12,2013-12-17,0.2464787298,
2013-12,2013-12-18,0.2464787298,
2013-12,2013-12-19,0.2464787298,
2013-12,2013-12-20,0.2503802733,
2013-12,2013-12-23,0.2503802733,
2013-12,2013-12-24,0.2503802733,
2013-12,2013-12-26,0.2714486084,
2013-12,2013-12-27,0.2714486084,
2013-12,2013-12-30,0.2714486084,
2013-12,2013-12-31,0.2714486084,
2013-12,2014-01-02,0.2714486084,
2013-12,2014-01-03,0.2714486084,
2013-12,2014-01-06,0.2714486084,
2013-12,2014-01-07,0.2714486084,
2013-12,2014-01-08,0.2714486084,
2013-12,2014-01-09,0.2714486084,
2013-12,2014-01-10,0.2714486084,
2014-01,2014-01-02,0.0644952879,
2014-01,2014-01-03,-0.0403358419,
2014-01,2014-01-06,-0.033393426,
2014-01,2014-01-07,0.0472896646,
2014-01,2014-01-08,0.0472896646,
2014-01,2014-01-09,0.0472896646,
2014-01,2014-01-10,0.0472896646,
2014-01,2014-01-13,0.0472896646,
2014-01,2014-01-14,0.0432957278,
2014-01,2014-01-15,0.0432957278,
2014-01,2014-01-16,0.0440334732,
2014-01,2014-01-17,0.0440334732,
2014-01,2014-01-21,0.0266511863,
2014-01,2014-01-22,0.0266511863,
2014-01,2014-01-23,0.0266511863,
2014-01,2014-01-24,0.0266511863,
2014-01,2014-01-27,0.0175589132,
2014-01,2014-01-28,0.0175589132,
2014-01,2014-01-29,0.0175589132,
2014-01,2014-01-30,0.0175589132,
2014-01,2014-01-31,0.0175589132,
2014-01,2014-02-03,0.0175589132,
2014-01,2014-02-04,0.0175589132,
2014-01,2014-02-05,0.0175589132,
2014-01,2014-02-06,0.0175589132,
2014-01,2014-02-07,0.0175589132,
2014-01,2014-02-10,0.0175589132,
2014-01,2014-02-11,0.0175589132,
2014-01,2014-02-12,0.0175589132,
2014-01,2014-02-13,0.0728332113,
2014-01,2014-02-14,0.0728332113,
2014-02,2014-02-03,0.1019897335,
2014-02,2014-02-04,-0.006581305,
2014-02,2014-02-05,-0.006581305,
2014-02,2014-02-06,-0.006581305,
2014-02,2014-02-07,-0.006581305,
2014-02,2014-02-10,-0.006581305,
2014-02,2014-02-11,0.0061216399,
2014-02,2014-02-12,0.0061216399,
2014-02,2014-02-13,0.0061216399,
2014-02,2014-02-14,0.0061216399,
2014-02,2014-02-18,-0.0410285791,
2014-02,2014-02-19,-0.0046123243,
2014-02,2014-02-20,-0.0020109037,
2014-02,2014-02-21,-0.0020109037,
2014-02,2014-02-24,0.0387041541,
2014-02,2014-02-25,0.0387041541,
2014-02,2014-02-26,0.0387041541,
2014-02,2014-02-27,0.0387041541,
2014-02,2014-02-28,0.0387041541,
2014-02,2014-03-03,0.0387041541,
2014-02,2014-03-04,0.0387041541,
2014-02,2014-03-05,0.0387041541,
2014-02,2014-03-06,0.0387041541,
2014-02,2014-03-07,0.0387041541,
2014-02,2014-03-10,0.0387041541,
2014-02,2014-03-11,0.0387041541,
2014-02,2014-03-12,0.0387041541,
2014-02,2014-03-13,0.0387041541,
2014-03,2014-03-03,-0.1322478152,
2014-03,2014-03-04,-0.0199345915,
2014-03,2014-03-05,-0.0199345915,
2014-03,2014-03-06,-0.0199345915,
2014-03,2014-03-07,-0.0199345915,
2014-03,2014-03-10,0.0018725035,
2014-03,2014-03-11,0.0018725035,
2014-03,2014-03-12,0.0018725035,
2014-03,2014-03-13,0.0018725035,
2014-03,2014-03-14,0.0018725035,
2014-03,2014-03-17,0.0346269054,
2014-03,2014-03-18,0.0346269054,
2014-03,2014-03-19,0.0346269054,
2014-03,2014-03-20,0.0346269054,
2014-03,2014-03-21,0.0478421405,
2014-03,2014-03-24,0.0478421405,
2014-03,2014-03-25,0.0478421405,
2014-03,2014-03-26,0.0478421405,
2014-03,2014-03-27,0.0478421405,
2014-03,2014-03-28,0.0641329213,
2014-03,2014-03-31,0.0641329213,
2014-03,2014-04-01,0.0641329213,
2014-03,2014-04-02,0.0641329213,
2014-03,2014-04-03,0.0641329213,
2014-03,2014-04-04,0.0641329213,
2014-03,2014-04-07,0.0641329213,
2014-03,2014-04-08,0.0641329213,
2014-03,2014-04-09,0.0641329213,
2014-04,2014-04-01,-0.0051496894,
2014-04,2014-04-02,-0.0766688638,
2014-04,2014-04-03,-0.0833942907,
2014-04,2014-04-04,-0.0659519233,
2014-04,2014-04-07,-0.0523096954,
2014-04,2014-04-08,0.1479750505,
2014-04,2014-04-09,0.1479750505,
2014-04,2014-04-10,0.1479750505,
2014-04,2014-04-11,0.1479750505,
2014-04,2014-04-14,0.1479750505,
2014-04,2014-04-15,0.1970099416,
2014-04,2014-04-16,0.1970099416,
2014-04,2014-04-17,0.1970099416,
2014-04,2014-04-18,0.1970099416,
2014-04,2014-04-21,0.2248590165,
2014-04,2014-04-22,0.2248590165,
2014-04,2014-04-23,0.2248590165,
2014-04,2014-04-24,0.2248590165,
2014-04,2014-04-25,0.2248590165,
2014-04,2014-04-28,0.249140648,
2014-04,2014-04-29,0.249140648,
2014-04,2014-04-30,0.249140648,
2014-04,2014-05-01,0.249140648,
2014-04,2014-05-02,0.249140648,
2014-04,2014-05-05,0.249140648,
2014-04,2014-05-06,0.249140648,
2014-04,2014-05-07,0.249140648,
2014-04,2014-05-08,0.249140648,
2014-04,2014-05-09,0.249140648,
2014-04,2014-05-12,0.249140648,
2014-05,2014-05-01,0.0793790218,
2014-05,2014-05-02,0.0730182829,
2014-05,2014-05-05,0.1607040397,
2014-05,2014-05-06,0.1607040397,
2014-05,2014-05-07,0.1607040397,
2014-05,2014-05-08,0.1607040397,
2014-05,2014-05-09,0.1607040397,
2014-05,2014-05-12,0.1507058845,
2014-05,2014-05-13,0.1507058845,
2014-05,2014-05-14,0.1526021347,
2014-05,2014-05-15,0.1526021347,
2014-05,2014-05-16,0.1480268838,
2014-05,2014-05-19,0.1480268838,
2014-05,2014-05-20,0.1480268838,
2014-05,2014-05-21,0.1480268838,
2014-05,2014-05-22,0.1480268838,
2014-05,2014-05-23,0.1480268838,
2014-05,2014-05-27,0.1480268838,
2014-05,2014-05-28,0.1480268838,
2014-05,2014-05-29,0.1480268838,
2014-05,2014-05-30,0.1480268838,
2014-05,2014-06-02,0.1480268838,
2014-05,2014-06-03,0.1480268838,
2014-05,2014-06-04,0.1480268838,
2014-05,2014-06-05,0.1480268838,
2014-05,2014-06-06,0.1480268838,
2014-05,2014-06-09,0.1480268838,
2014-05,2014-06-10,0.1480268838,
2014-05,2014-06-11,0.1480268838,
2014-06,2014-06-02,0.210294402,
2014-06,2014-06-03,0.3057035976,
2014-06,2014-06-04,0.3057035976,
2014-06,2014-06-05,0.3057035976,
2014-06,2014-06-06,0.3057035976,
2014-06,2014-06-09,0.3057035976,
2014-06,2014-06-10,0.295287015,
2014-06,2014-06-11,0.295287015,
2014-06,2014-06-12,0.295287015,
2014-06,2014-06-13,0.295287015,
2014-06,2014-06-16,0.295287015,
2014-06,2014-06-17,0.3157115089,
2014-06,2014-06-18,0.3157115089,
2014-06,2014-06-19,0.3157115089,
2014-06,2014-06-20,0.3157115089,
2014-06,2014-06-23,0.3223892276,
2014-06,2014-06-24,0.3223892276,
2014-06,2014-06-25,0.322389,
2014-06,2014-06-26,0.3223892276,
2014-06,2014-06-27,0.3263958589,
2014-06,2014-06-30,0.3263958589,
2014-06,2014-07-01,0.3263958589,
2014-06,2014-07-02,0.3263958589,
2014-06,2014-07-03,0.3263958589,
2014-06,2014-07-07,0.3263958589,
2014-06,2014-07-08,0.3263958589,
2014-06,2014-07-09,0.3263958589,
2014-06,2014-07-10,0.3263958589,
2014-06,2014-07-11,0.3263958589,
2014-06,2014-07-14,0.3263958589,
2014-06,2014-07-15,0.3263958589,
2014-06,2014-07-16,0.3263958589,
2014-06,2014-07-17,0.3263958589,
2014-07,2014-07-01,0.1432167747,
2014-07,2014-07-02,0.1435382059,
2014-07,2014-07-03,0.1265023505,
2014-07,2014-07-07,0.1070557608,
2014-07,2014-07-08,0.2108173169,
2014-07,2014-07-09,0.2108173169,
2014-07,2014-07-10,0.2108173169,
2014-07,2014-07-11,0.2108173169,
2014-07,2014-07-14,0.2108173169,
2014-07,2014-07-15,0.1835549893,
2014-07,2014-07-16,0.1835549893,
2014-07,2014-07-17,0.1835549893,
2014-07,2014-07-18,0.1835549893,
2014-07,2014-07-21,0.1835549893,
2014-07,2014-07-22,0.156790134,
2014-07,2014-07-23,0.156790134,
2014-07,2014-07-24,0.156790134,
2014-07,2014-07-25,0.156790134,
2014-07,2014-07-28,0.1259014736,
2014-07,2014-07-29,0.1259014736,
2014-07,2014-07-30,0.1259014736,
2014-07,2014-07-31,0.1259014736,
2014-07,2014-08-01,0.1259014736,
2014-07,2014-08-04,0.1259014736,
2014-07,2014-08-05,0.1259014736,
2014-07,2014-08-06,0.1259014736,
2014-07,2014-08-07,0.1259014736,
2014-07,2014-08-08,0.1259014736,
2014-07,2014-08-11,0.1259014736,
2014-07,2014-08-12,0.1259014736,
2014-07,2014-08-13,0.1259014736,
2014-07,2014-08-14,0.1259014736,
2014-08,2014-08-01,0.0170991101,
2014-08,2014-08-04,0.0268608009,
2014-08,2014-08-05,0.0268608009,
2014-08,2014-08-06,0.0268608009,
2014-08,2014-08-07,0.0268608009,
2014-08,2014-08-08,0.0268608009,
2014-08,2014-08-11,0.0182288535,
2014-08,2014-08-12,0.0182288535,
2014-08,2014-08-13,0.0182288535,
2014-08,2014-08-14,0.0182288535,
2014-08,2014-08-15,0.0182288535,
2014-08,2014-08-18,0.0018639416,
2014-08,2014-08-19,0.001864,
2014-08,2014-08-20,0.0018639416,
2014-08,2014-08-21,0.001864,
2014-08,2014-08-22,-0.0124531967,
2014-08,2014-08-25,-0.0124531967,
2014-08,2014-08-26,-0.012453,
2014-08,2014-08-27,-0.0124531967,
2014-08,2014-08-28,-0.0124531967,
2014-08,2014-08-29,-0.0124531967,
2014-08,2014-09-02,-0.0124531967,
2014-08,2014-09-03,-0.012453,
2014-08,2014-09-04,-0.0124531967,
2014-08,2014-09-05,-0.012453,
2014-08,2014-09-08,-0.0124531967,
2014-08,2014-09-09,-0.012453,
2014-08,2014-09-10,-0.0124531967,
2014-08,2014-09-11,-0.012453,
2014-09,2014-09-02,0.1739254809,
2014-09,2014-09-03,0.2150686322,
2014-09,2014-09-04,0.2150686322,
2014-09,2014-09-05,0.2150686322,
2014-09,2014-09-08,0.215069,
2014-09,2014-09-09,0.2137011683,
2014-09,2014-09-10,0.213701,
2014-09,2014-09-11,0.2137011683,
2014-09,2014-09-12,0.213701,
2014-09,2014-09-15,0.2137011683,
2014-09,2014-09-16,0.213701,
2014-09,2014-09-17,0.1795665505,
2014-09,2014-09-18,0.179567,
2014-09,2014-09-19,0.179567,
2014-09,2014-09-22,0.1492990513,
2014-09,2014-09-23,0.1492990513,
2014-09,2014-09-24,0.1492990513,
2014-09,2014-09-25,0.1492990513,
2014-09,2014-09-26,0.1492990513,
2014-09,2014-09-29,0.1316994938,
2014-09,2014-09-30,0.131699,
2014-09,2014-10-01,0.131699,
2014-09,2014-10-02,0.1316994938,
2014-09,2014-10-03,0.1316994938,
2014-09,2014-10-06,0.1316994938,
2014-09,2014-10-07,0.1316994938,
2014-09,2014-10-08,0.1316994938,
2014-09,2014-10-09,0.1316994938,
2014-09,2014-10-10,0.1316994938,
2014-09,2014-10-14,0.1316994938,
2014-09,2014-10-15,0.1316994938,
2014-09,2014-10-16,0.1316994938,
2014-09,2014-10-17,0.1316994938,
2014-10,2014-10-01,0.140686,
2014-10,2014-10-02,0.089467,
2014-10,2014-10-03,0.082275,
2014-10,2014-10-06,0.0654946097,
2014-10,2014-10-07,0.170290023,
2014-10,2014-10-08,0.170290023,
2014-10,2014-10-09,0.170290023,
2014-10,2014-10-10,0.170290023,
2014-10,2014-10-14,0.170290023,
2014-10,2014-10-15,0.105729643,
2014-10,2014-10-16,0.105729643,
2014-10,2014-10-17,0.105729643,
2014-10,2014-10-20,0.105729643,
2014-10,2014-10-21,0.042603938,
2014-10,2014-10-22,0.0410382974,
2014-10,2014-10-23,0.041038,
2014-10,2014-10-24,0.0410382974,
2014-10,2014-10-27,-0.0124043252,
2014-10,2014-10-28,-0.0124043252,
2014-10,2014-10-29,-0.0124043252,
2014-10,2014-10-30,-0.0124043252,
2014-10,2014-10-31,-0.012404,
2014-10,2014-11-03,-0.012404,
2014-10,2014-11-04,-0.012404,
2014-10,2014-11-05,-0.012404,
2014-10,2014-11-06,-0.012404,
2014-10,2014-11-07,-0.0124043252,
2014-10,2014-11-10,-0.012404,
2014-10,2014-11-12,-0.012404,
2014-10,2014-11-13,-0.012404,
2014-10,2014-11-14,-0.012404,
2014-10,2014-11-17,-0.012404,
2014-11,2014-11-03,0.08244,
2014-11,2014-11-04,-0.0193232751,
2014-11,2014-11-05,-0.019323,
2014-11,2014-11-06,-0.019323,
2014-11,2014-11-07,-0.019323,
2014-11,2014-11-10,-0.019323,
2014-11,2014-11-12,-0.0579616792,
2014-11,2014-11-13,-0.057962,
2014-11,2014-11-14,-0.057962,
2014-11,2014-11-17,-0.057962,
2014-11,2014-11-18,-0.094123,
2014-11,2014-11-19,-0.094123,
2014-11,2014-11-20,-0.098481,
2014-11,2014-11-21,-0.098481,
2014-11,2014-11-24,-0.098481,
2014-11,2014-11-25,-0.143693,
2014-11,2014-11-26,-0.143693,
2014-11,2014-11-28,-0.143693,
2014-11,2014-12-01,-0.143693,
2014-11,2014-12-02,-0.143693,
2014-11,2014-12-03,-0.143693,
2014-11,2014-12-04,-0.143693,
2014-11,2014-12-05,-0.143693,
2014-11,2014-12-08,-0.143693,
2014-11,2014-12-09,-0.143693,
2014-11,2014-12-10,-0.143693,
2014-11,2014-12-11,-0.143693,
2014-11,2014-12-12,-0.143693,
2014-12,2014-12-01,-0.213639,
2014-12,2014-12-02,-0.001364,
2014-12,2014-12-03,-0.001364,
2014-12,2014-12-04,-0.001364,
2014-12,2014-12-05,-0.001364,
2014-12,2014-12-08,-0.001364,
2014-12,2014-12-09,-0.080964,
2014-12,2014-12-10,-0.080964,
2014-12,2014-12-11,-0.080964,
2014-12,2014-12-12,-0.080964,
2014-12,2014-12-15,-0.080964,
2014-12,2014-12-16,-0.175336,
2014-12,2014-12-17,-0.18689,
2014-12,2014-12-18,-0.18689,
2014-12,2014-12-19,-0.18689,
2014-12,2014-12-22,-0.295725,
2014-12,2014-12-23,-0.295725,
2014-12,2014-12-24,-0.295725,
2014-12,2014-12-26,-0.395588,
2014-12,2014-12-29,-0.395588,
2014-12,2014-12-30,-0.395588,
2014-12,2014-12-31,-0.395588,
2014-12,2015-01-02,-0.395588,
2014-12,2015-01-05,-0.395588,
2014-12,2015-01-06,-0.395588,
2014-12,2015-01-07,-0.395588,
2014-12,2015-01-08,-0.395588,
2014-12,2015-01-09,-0.395588,
2014-12,2015-01-12,-0.395588,
2014-12,2015-01-13,-0.395588,
2015-01,2015-01-02,-0.297676,
2015-01,2015-01-05,-0.297676,
2015-01,2015-01-06,-0.565556,
2015-01,2015-01-07,-0.565556,
2015-01,2015-01-08,-0.565556,
2015-01,2015-01-09,-0.565556,
2015-01,2015-01-12,-0.565556,
2015-01,2015-01-13,-0.637436,
2015-01,2015-01-14,-0.637436,
2015-01,2015-01-15,-0.637436,
2015-01,2015-01-16,-0.590938,
2015-01,2015-01-20,-0.657465,
2015-01,2015-01-21,-0.657465,
2015-01,2015-01-22,-0.657465,
2015-01,2015-01-23,-0.657465,
2015-01,2015-01-26,-0.701326,
2015-01,2015-01-27,-0.701326,
2015-01,2015-01-28,-0.701326,
2015-01,2015-01-29,-0.701326,
2015-01,2015-01-30,-0.701326,
2015-01,2015-02-02,-0.701326,
2015-01,2015-02-03,-0.701326,
2015-01,2015-02-04,-0.701326,
2015-01,2015-02-05,-0.701326,
2015-01,2015-02-06,-0.701326,
2015-01,2015-02-09,-0.701326,
2015-01,2015-02-10,-0.701326,
2015-01,2015-02-11,-0.701326,
2015-01,2015-02-12,-0.701326,
2015-01,2015-02-13,-0.701326,
2015-01,2015-02-17,-0.701326,
2015-01,2015-02-18,-0.686287,
2015-01,2015-02-19,-0.686287,
2015-01,2015-02-20,-0.686287,
2015-01,2015-02-23,-0.686287,
2015-02,2015-02-02,-0.027088,
2015-02,2015-02-03,-0.107227,
2015-02,2015-02-04,-0.107227,
2015-02,2015-02-05,-0.107227,
2015-02,2015-02-06,-0.107227,
2015-02,2015-02-09,0.021249,
2015-02,2015-02-10,0.021249,
2015-02,2015-02-11,0.021249,
2015-02,2015-02-12,0.021249,
2015-02,2015-02-13,0.021249,
2015-02,2015-02-17,0.121643,
2015-02,2015-02-18,0.121643,
2015-02,2015-02-19,0.135847,
2015-02,2015-02-20,0.135847,
2015-02,2015-02-23,0.215593,
2015-02,2015-02-24,0.215593,
2015-02,2015-02-25,0.216519,
2015-02,2015-02-26,0.216519,
2015-02,2015-02-27,0.216519,
2015-02,2015-03-02,0.216519,
2015-02,2015-03-03,0.216519,
2015-02,2015-03-04,0.216519,
2015-02,2015-03-05,0.216519,
2015-02,2015-03-06,0.216519,
2015-02,2015-03-09,0.216519,
2015-02,2015-03-10,0.216519,
2015-02,2015-03-11,0.216519,
2015-02,2015-03-12,0.216519,
2015-02,2015-03-13,0.216519,
2015-02,2015-03-16,0.216519,
2015-02,2015-03-17,0.216519,
2015-02,2015-03-18,0.216519,
2015-03,2015-03-02,0.101441,
2015-03,2015-03-03,0.373202,
2015-03,2015-03-04,0.373202,
2015-03,2015-03-05,0.373202,
2015-03,2015-03-06,0.373202,
2015-03,2015-03-09,0.387193,
2015-03,2015-03-10,0.387193,
2015-03,2015-03-11,0.387193,
2015-03,2015-03-12,0.387193,
2015-03,2015-03-13,0.387193,
2015-03,2015-03-16,0.369871,
2015-03,2015-03-17,0.369871,
2015-03,2015-03-18,0.369871,
2015-03,2015-03-19,0.369871,
2015-03,2015-03-20,0.369871,
2015-03,2015-03-23,0.355386,
2015-03,2015-03-24,0.355386,
2015-03,2015-03-25,0.355386,
2015-03,2015-03-26,0.355386,
2015-03,2015-03-27,0.347845,
2015-03,2015-03-30,0.347845,
2015-03,2015-03-31,0.347845,
2015-03,2015-04-01,0.347845,
2015-03,2015-04-02,0.347845,
2015-03,2015-04-03,0.347845,
2015-03,2015-04-06,0.347845,
2015-03,2015-04-07,0.347845,
2015-03,2015-04-08,0.347845,
2015-03,2015-04-09,0.347845,
2015-03,2015-04-10,0.347845,
2015-03,2015-04-13,0.347845,
2015-04,2015-04-01,-0.115801,
2015-04,2015-04-02,-0.03508,
2015-04,2015-04-03,-0.03508,
2015-04,2015-04-06,-0.031424,
2015-04,2015-04-07,-0.031424,
2015-04,2015-04-08,-0.031424,
2015-04,2015-04-09,-0.031424,
2015-04,2015-04-10,-0.031424,
2015-04,2015-04-13,-0.031424,
2015-04,2015-04-14,-0.035848,
2015-04,2015-04-15,-0.035848,
2015-04,2015-04-16,-0.035848,
2015-04,2015-04-17,-0.031106,
2015-04,2015-04-20,0.01088,
2015-04,2015-04-21,0.01088,
2015-04,2015-04-22,0.01088,
2015-04,2015-04-23,0.01088,
2015-04,2015-04-24,0.01088,
2015-04,2015-04-27,0.068717,
2015-04,2015-04-28,0.068717,
2015-04,2015-04-29,0.068717,
2015-04,2015-04-30,0.068717,
2015-04,2015-05-01,0.068717,
2015-04,2015-05-04,0.068717,
2015-04,2015-05-05,0.068717,
2015-04,2015-05-06,0.068717,
2015-04,2015-05-07,0.068717,
2015-04,2015-05-08,0.068717,
2015-04,2015-05-11,0.068717,
2015-04,2015-05-12,0.068717,
2015-04,2015-05-13,0.068717,
2015-04,2015-05-14,0.068717,
2015-04,2015-05-15,0.068717,
2015-04,2015-05-18,0.068717,
2015-04,2015-05-19,0.068717,
2015-05,2015-05-01,0.262526,
2015-05,2015-05-04,0.271192,
2015-05,2015-05-05,0.460411,
2015-05,2015-05-06,0.460411,
2015-05,2015-05-07,0.460411,
2015-05,2015-05-08,0.460411,
2015-05,2015-05-11,0.460411,
2015-05,2015-05-12,0.483471,
2015-05,2015-05-13,0.483471,
2015-05,2015-05-14,0.483471,
2015-05,2015-05-15,0.483471,
2015-05,2015-05-18,0.483471,
2015-05,2015-05-19,0.520195,
2015-05,2015-05-20,0.520195,
2015-05,2015-05-21,0.520195,
2015-05,2015-05-22,0.525005,
2015-05,2015-05-26,0.55617,
2015-05,2015-05-27,0.55617,
2015-05,2015-05-28,0.55617,
2015-05,2015-05-29,0.55617,
2015-05,2015-06-01,0.55617,
2015-05,2015-06-02,0.55617,
2015-05,2015-06-03,0.55617,
2015-05,2015-06-04,0.55617,
2015-05,2015-06-05,0.55617,
2015-05,2015-06-08,0.55617,
2015-05,2015-06-09,0.55617,
2015-05,2015-06-10,0.55617,
2015-05,2015-06-11,0.55617,
2015-05,2015-06-12,0.55617,
2015-05,2015-06-15,0.55617,
2015-06,2015-06-01,0.063944,
2015-06,2015-06-02,0.274781,
2015-06,2015-06-03,0.274781,
2015-06,2015-06-04,0.274781,
2015-06,2015-06-05,0.274781,
2015-06,2015-06-08,0.274781,
2015-06,2015-06-09,0.274781,
2015-06,2015-06-10,0.274781,
2015-06,2015-06-11,0.274781,
2015-06,2015-06-12,0.274781,
2015-06,2015-06-15,0.303323,
2015-06,2015-06-16,0.303323,
2015-06,2015-06-17,0.281421,
2015-06,2015-06-18,0.281421,
2015-06,2015-06-19,0.286524,
2015-06,2015-06-22,0.286524,
2015-06,2015-06-23,0.286524,
2015-06,2015-06-24,0.286524,
2015-06,2015-06-25,0.286524,
2015-06,2015-06-26,0.286598,
2015-06,2015-06-29,0.286598,
2015-06,2015-06-30,0.286598,
2015-06,2015-07-01,0.286598,
2015-06,2015-07-02,0.286598,
2015-06,2015-07-03,0.286598,
2015-06,2015-07-06,0.286598,
2015-06,2015-07-07,0.286598,
2015-06,2015-07-08,0.286598,
2015-06,2015-07-09,0.286598,
2015-06,2015-07-10,0.286598,
2015-06,2015-07-13,0.286598,
2015-07,2015-07-01,0.025584,
2015-07,2015-07-02,0.066522,
2015-07,2015-07-03,0.066522,
2015-07,2015-07-06,0.026959,
2015-07,2015-07-07,0.16377,
2015-07,2015-07-08,0.16377,
2015-07,2015-07-09,0.16377,
2015-07,2015-07-10,0.16377,
2015-07,2015-07-13,0.16377,
2015-07,2015-07-14,0.194962,
2015-07,2015-07-15,0.194962,
2015-07,2015-07-16,0.194962,
2015-07,2015-07-17,0.197219,
2015-07,2015-07-20,0.19219,
2015-07,2015-07-21,0.19219,
2015-07,2015-07-22,0.19219,
2015-07,2015-07-23,0.19219,
2015-07,2015-07-24,0.19219,
2015-07,2015-07-27,0.169922,
2015-07,2015-07-28,0.169922,
2015-07,2015-07-29,0.169922,
2015-07,2015-07-30,0.169922,
2015-07,2015-07-31,0.169922,
2015-07,2015-08-03,0.169922,
2015-07,2015-08-04,0.169922,
2015-07,2015-08-05,0.169922,
2015-07,2015-08-06,0.169922,
2015-07,2015-08-07,0.169922,
2015-07,2015-08-10,0.169922,
2015-07,2015-08-11,0.169922,
2015-07,2015-08-12,0.169922,
2015-07,2015-08-13,0.169922,
2015-07,2015-08-14,0.169922,
2015-08,2015-08-03,-0.110383,
2015-08,2015-08-04,0.002361,
2015-08,2015-08-05,0.002361,
2015-08,2015-08-06,0.002361,
2015-08,2015-08-07,0.002361,
2015-08,2015-08-10,-0.040099,
2015-08,2015-08-11,-0.040099,
2015-08,2015-08-12,-0.040099,
2015-08,2015-08-13,-0.040099,
2015-08,2015-08-14,-0.040099,
2015-08,2015-08-17,-0.014431,
2015-08,2015-08-18,-0.016153,
2015-08,2015-08-19,-0.016153,
2015-08,2015-08-20,-0.016153,
2015-08,2015-08-21,-0.030974,
2015-08,2015-08-24,-0.030974,
2015-08,2015-08-25,-0.030974,
2015-08,2015-08-26,-0.030974,
2015-08,2015-08-27,-0.030974,
2015-08,2015-08-28,-0.075437,
2015-08,2015-08-31,-0.075437,
2015-08,2015-09-01,-0.075437,
2015-08,2015-09-02,-0.075437,
2015-08,2015-09-03,-0.075437,
2015-08,2015-09-04,-0.075437,
2015-08,2015-09-08,-0.075437,
2015-08,2015-09-09,-0.075437,
2015-08,2015-09-10,-0.075437,
2015-09,2015-09-01,0.219988,
2015-09,2015-09-02,0.089819,
2015-09,2015-09-03,0.116086,
2015-09,2015-09-04,0.126885,
2015-09,2015-09-08,0.116962,
2015-09,2015-09-09,-0.105353,
2015-09,2015-09-10,-0.105353,
2015-09,2015-09-11,-0.105353,
2015-09,2015-09-14,-0.105353,
2015-09,2015-09-15,-0.151562,
2015-09,2015-09-16,-0.154033,
2015-09,2015-09-17,-0.154033,
2015-09,2015-09-18,-0.154033,
2015-09,2015-09-21,-0.192497,
2015-09,2015-09-22,-0.192497,
2015-09,2015-09-23,-0.192497,
2015-09,2015-09-24,-0.192497,
2015-09,2015-09-25,-0.192497,
2015-09,2015-09-28,-0.214369,
2015-09,2015-09-29,-0.214369,
2015-09,2015-09-30,-0.214369,
2015-09,2015-10-01,-0.214369,
2015-09,2015-10-02,-0.214369,
2015-09,2015-10-05,-0.214369,
2015-09,2015-10-06,-0.214369,
2015-09,2015-10-07,-0.214369,
2015-09,2015-10-08,-0.214369,
2015-09,2015-10-09,-0.214369,
2015-09,2015-10-12,-0.214369,
2015-10,2015-10-01,0.269715,
2015-10,2015-10-02,0.258283,
2015-10,2015-10-05,0.259077,
2015-10,2015-10-06,0.209464,
2015-10,2015-10-07,0.209464,
2015-10,2015-10-08,0.209464,
2015-10,2015-10-09,0.209464,
2015-10,2015-10-12,0.209464,
2015-10,2015-10-13,0.209464,
2015-10,2015-10-14,0.223663,
2015-10,2015-10-15,0.233039,
2015-10,2015-10-16,0.233039,
2015-10,2015-10-19,0.205144,
2015-10,2015-10-20,0.205144,
2015-10,2015-10-21,0.205144,
2015-10,2015-10-22,0.205144,
2015-10,2015-10-23,0.205144,
2015-10,2015-10-26,0.170908,
2015-10,2015-10-27,0.170908,
2015-10,2015-10-28,0.170908,
2015-10,2015-10-29,0.170908,
2015-10,2015-10-30,0.170908,
2015-10,2015-11-02,0.170908,
2015-10,2015-11-03,0.170908,
2015-10,2015-11-04,0.170908,
2015-10,2015-11-05,0.170908,
2015-10,2015-11-06,0.170908,
2015-10,2015-11-09,0.170908,
2015-10,2015-11-10,0.170908,
2015-10,2015-11-12,0.170908,
2015-11,2015-11-02,0.192776,
2015-11,2015-11-03,0.044735,
2015-11,2015-11-04,0.044735,
2015-11,2015-11-05,0.044735,
2015-11,2015-11-06,0.044735,
2015-11,2015-11-09,0.044735,
2015-11,2015-11-10,0.056069,
2015-11,2015-11-12,0.056069,
2015-11,2015-11-13,0.056069,
2015-11,2015-11-16,0.056069,
2015-11,2015-11-17,0.028441,
2015-11,2015-11-18,0.028441,
2015-11,2015-11-19,0.028441,
2015-11,2015-11-20,0.028441,
2015-11,2015-11-23,-0.021508,
2015-11,2015-11-24,-0.021508,
2015-11,2015-11-25,-0.021508,
2015-11,2015-11-27,-0.062977,
2015-11,2015-11-30,-0.062977,
2015-11,2015-12-01,-0.062977,
2015-11,2015-12-02,-0.062977,
2015-11,2015-12-03,-0.062977,
2015-11,2015-12-04,-0.062977,
2015-11,2015-12-07,-0.062977,
2015-11,2015-12-08,-0.062977,
2015-11,2015-12-09,-0.062977,
2015-11,2015-12-10,-0.062977,
2015-12,2015-12-01,0.220712,
2015-12,2015-12-02,0.212617,
2015-12,2015-12-03,0.184284,
2015-12,2015-12-04,0.19103,
2015-12,2015-12-07,0.1871,
2015-12,2015-12-08,0.021492,
2015-12,2015-12-09,0.021492,
2015-12,2015-12-10,0.021492,
2015-12,2015-12-11,0.021492,
2015-12,2015-12-14,0.021492,
2015-12,2015-12-15,0.015254,
2015-12,2015-12-16,0.015254,
2015-12,2015-12-17,0.015254,
2015-12,2015-12-18,0.015254,
2015-12,2015-12-21,0.004092,
2015-12,2015-12-22,0.004092,
2015-12,2015-12-23,0.004092,
2015-12,2015-12-24,0.004092,
2015-12,2015-12-28,0.002131,
2015-12,2015-12-29,0.002131,
2015-12,2015-12-30,0.002131,
2015-12,2015-12-31,0.002131,
2015-12,2016-01-04,0.002131,
2015-12,2016-01-05,0.002131,
2015-12,2016-01-06,0.002131,
2015-12,2016-01-07,0.002131,
2015-12,2016-01-08,0.002131,
2015-12,2016-01-11,0.002131,
2015-12,2016-01-12,0.002131,
2015-12,2016-01-13,0.002131,
2015-12,2016-01-14,0.002131,
2016-01,2016-01-04,0.059798,
2016-01,2016-01-05,0.034485,
2016-01,2016-01-06,0.034485,
2016-01,2016-01-07,0.034485,
2016-01,2016-01-08,0.034485,
2016-01,2016-01-11,0.034485,
2016-01,2016-01-12,0.004912,
2016-01,2016-01-13,0.004912,
2016-01,2016-01-14,0.004912,
2016-01,2016-01-15,0.004912,
2016-01,2016-01-19,0.004912,
2016-01,2016-01-20,-0.069693,
2016-01,2016-01-21,-0.069693,
2016-01,2016-01-22,-0.069693,
2016-01,2016-01-25,-0.127146,
2016-01,2016-01-26,-0.127146,
2016-01,2016-01-27,-0.127146,
2016-01,2016-01-28,-0.127146,
2016-01,2016-01-29,-0.127146,
2016-01,2016-02-01,-0.127146,
2016-01,2016-02-02,-0.127146,
2016-01,2016-02-03,-0.127146,
2016-01,2016-02-04,-0.127146,
2016-01,2016-02-05,-0.127146,
2016-01,2016-02-08,-0.127146,
2016-01,2016-02-09,-0.127146,
2016-01,2016-02-10,-0.127146,
2016-01,2016-02-11,-0.127146,
2016-01,2016-02-12,-0.06303,
2016-01,2016-02-16,-0.06303,
2016-02,2016-02-01,0.194886,
2016-02,2016-02-02,-0.225116,
2016-02,2016-02-03,-0.225116,
2016-02,2016-02-04,-0.225116,
2016-02,2016-02-05,-0.225116,
2016-02,2016-02-08,-0.286003,
2016-02,2016-02-09,-0.286003,
2016-02,2016-02-10,-0.286003,
2016-02,2016-02-11,-0.286003,
2016-02,2016-02-12,-0.286003,
2016-02,2016-02-16,-0.325124,
2016-02,2016-02-17,-0.325124,
2016-02,2016-02-18,-0.319005,
2016-02,2016-02-19,-0.319005,
2016-02,2016-02-22,-0.338187,
2016-02,2016-02-23,-0.338187,
2016-02,2016-02-24,-0.338187,
2016-02,2016-02-25,-0.338187,
2016-02,2016-02-26,-0.331281,
2016-02,2016-02-29,-0.331281,
2016-02,2016-03-01,-0.331281,
2016-02,2016-03-02,-0.331281,
2016-02,2016-03-03,-0.331281,
2016-02,2016-03-04,-0.331281,
2016-02,2016-03-07,-0.331281,
2016-02,2016-03-08,-0.331281,
2016-02,2016-03-09,-0.331281,
2016-02,2016-03-10,-0.331281,
2016-03,2016-03-01,0.097603,
2016-03,2016-03-02,0.0956,
2016-03,2016-03-03,0.103011,
2016-03,2016-03-04,0.107084,
2016-03,2016-03-07,0.127649,
2016-03,2016-03-08,-0.025022,
2016-03,2016-03-09,-0.025022,
2016-03,2016-03-10,-0.025022,
2016-03,2016-03-11,-0.025022,
2016-03,2016-03-14,-0.025022,
2016-03,2016-03-15,0.095348,
2016-03,2016-03-16,0.106955,
2016-03,2016-03-17,0.106955,
2016-03,2016-03-18,0.106955,
2016-03,2016-03-21,0.177366,
2016-03,2016-03-22,0.177366,
2016-03,2016-03-23,0.177366,
2016-03,2016-03-24,0.177366,
2016-03,2016-03-25,0.177366,
2016-03,2016-03-28,0.242323,
2016-03,2016-03-29,0.242323,
2016-03,2016-03-30,0.242323,
2016-03,2016-03-31,0.242323,
2016-03,2016-04-01,0.242323,
2016-03,2016-04-04,0.242323,
2016-03,2016-04-05,0.242323,
2016-03,2016-04-06,0.242323,
2016-03,2016-04-07,0.242323,
2016-03,2016-04-08,0.242323,
2016-03,2016-04-11,0.242323,
2016-04,2016-04-01,0.179847,
2016-04,2016-04-04,0.127369,
2016-04,2016-04-05,0.292934,
2016-04,2016-04-06,0.292934,
2016-04,2016-04-07,0.292934,
2016-04,2016-04-08,0.292934,
2016-04,2016-04-11,0.292934,
2016-04,2016-04-12,0.282176,
2016-04,2016-04-13,0.282176,
2016-04,2016-04-14,0.26948,
2016-04,2016-04-15,0.26948,
2016-04,2016-04-18,0.306036,
2016-04,2016-04-19,0.306036,
2016-04,2016-04-20,0.306036,
2016-04,2016-04-21,0.306036,
2016-04,2016-04-22,0.306036,
2016-04,2016-04-25,0.335551,
2016-04,2016-04-26,0.335551,
2016-04,2016-04-27,0.335551,
2016-04,2016-04-28,0.335551,
2016-04,2016-04-29,0.335551,
2016-04,2016-05-02,0.335551,
2016-04,2016-05-03,0.335551,
2016-04,2016-05-04,0.335551,
2016-04,2016-05-05,0.335551,
2016-04,2016-05-06,0.335551,
2016-04,2016-05-09,0.335551,
2016-04,2016-05-10,0.335551,
2016-04,2016-05-11,0.335551,
2016-04,2016-05-12,0.335551,
2016-05,2016-05-02,0.170428,
2016-05,2016-05-03,0.209743,
2016-05,2016-05-04,0.209743,
2016-05,2016-05-05,0.209743,
2016-05,2016-05-06,0.209743,
2016-05,2016-05-09,0.209743,
2016-05,2016-05-10,0.195461,
2016-05,2016-05-11,0.195461,
2016-05,2016-05-12,0.195461,
2016-05,2016-05-13,0.195461,
2016-05,2016-05-16,0.195461,
2016-05,2016-05-17,0.209917,
2016-05,2016-05-18,0.209917,
2016-05,2016-05-19,0.209917,
2016-05,2016-05-20,0.209917,
2016-05,2016-05-23,0.237982,
2016-05,2016-05-24,0.237982,
2016-05,2016-05-25,0.237982,
2016-05,2016-05-26,0.237982,
2016-05,2016-05-27,0.237982,
2016-05,2016-05-31,0.267472,
2016-05,2016-06-01,0.267472,
2016-05,2016-06-02,0.267472,
2016-05,2016-06-03,0.267472,
2016-05,2016-06-06,0.267472,
2016-05,2016-06-07,0.267472,
2016-05,2016-06-08,0.267472,
2016-05,2016-06-09,0.267472,
2016-05,2016-06-10,0.267472,
2016-05,2016-06-13,0.267472,
2016-06,2016-06-01,0.168117,
2016-06,2016-06-02,0.174841,
2016-06,2016-06-03,0.177402,
2016-06,2016-06-06,0.177509,
2016-06,2016-06-07,0.284096,
2016-06,2016-06-08,0.284096,
2016-06,2016-06-09,0.284096,
2016-06,2016-06-10,0.284096,
2016-06,2016-06-13,0.284096,
2016-06,2016-06-14,0.297676,
2016-06,2016-06-15,0.297676,
2016-06,2016-06-16,0.296997,
2016-06,2016-06-17,0.296997,
2016-06,2016-06-20,0.277982,
2016-06,2016-06-21,0.277982,
2016-06,2016-06-22,0.277982,
2016-06,2016-06-23,0.277982,
2016-06,2016-06-24,0.277982,
2016-06,2016-06-27,0.259235,
2016-06,2016-06-28,0.259235,
2016-06,2016-06-29,0.259235,
2016-06,2016-06-30,0.259235,
2016-06,2016-07-01,0.259235,
2016-06,2016-07-05,0.259235,
2016-06,2016-07-06,0.259235,
2016-06,2016-07-07,0.259235,
2016-06,2016-07-08,0.259235,
2016-06,2016-07-11,0.259235,
2016-06,2016-07-12,0.259235,
2016-07,2016-07-01,0.138672,
2016-07,2016-07-05,0.155494,
2016-07,2016-07-06,0.053573,
2016-07,2016-07-07,0.053573,
2016-07,2016-07-08,0.053573,
2016-07,2016-07-11,0.053573,
2016-07,2016-07-12,0.025002,
2016-07,2016-07-13,0.025002,
2016-07,2016-07-14,0.025002,
2016-07,2016-07-15,0.022682,
2016-07,2016-07-18,0.001205,
2016-07,2016-07-19,0.001205,
2016-07,2016-07-20,0.001205,
2016-07,2016-07-21,0.001205,
2016-07,2016-07-22,0.001205,
2016-07,2016-07-25,-0.027776,
2016-07,2016-07-26,-0.027776,
2016-07,2016-07-27,-0.027776,
2016-07,2016-07-28,-0.027776,
2016-07,2016-07-29,-0.027776,
2016-07,2016-08-01,-0.027776,
2016-07,2016-08-02,-0.027776,
2016-07,2016-08-03,-0.027776,
2016-07,2016-08-04,-0.027776,
2016-07,2016-08-05,-0.027776,
2016-07,2016-08-08,-0.027776,
2016-07,2016-08-09,-0.027776,
2016-07,2016-08-10,-0.027776,
2016-07,2016-08-11,-0.027776,
2016-08,2016-08-01,0.076249,
2016-08,2016-08-02,0.048464,
2016-08,2016-08-03,0.048464,
2016-08,2016-08-04,0.048464,
2016-08,2016-08-05,0.048464,
2016-08,2016-08-08,0.039481,
2016-08,2016-08-09,0.039481,
2016-08,2016-08-10,0.039481,
2016-08,2016-08-11,0.039481,
2016-08,2016-08-12,0.039481,
2016-08,2016-08-15,0.031192,
2016-08,2016-08-16,0.0311922646,
2016-08,2016-08-17,0.0311922646,
2016-08,2016-08-18,0.0311922646,
2016-08,2016-08-19,0.0470330148,
2016-08,2016-08-22,0.0470330148,
2016-08,2016-08-23,0.0470330148,
2016-08,2016-08-24,0.0470330148,
2016-08,2016-08-25,0.0470330148,
2016-08,2016-08-26,0.0700692244,
2016-08,2016-08-29,0.0700692244,
2016-08,2016-08-30,0.0700692244,
2016-08,2016-08-31,0.0700692244,
2016-08,2016-09-01,0.0700692244,
2016-08,2016-09-02,0.0700692244,
2016-08,2016-09-06,0.0700692244,
2016-08,2016-09-07,0.0700692244,
2016-08,2016-09-08,0.0700692244,
2016-08,2016-09-09,0.0700692244,
2016-08,2016-09-12,0.0700692244,
2016-09,2016-09-01,0.2240323387,
2016-09,2016-09-02,0.1805637875,
2016-09,2016-09-06,0.2141883157,
2016-09,2016-09-07,0.2737775791,
2016-09,2016-09-08,0.2737775791,
2016-09,2016-09-09,0.2737775791,
2016-09,2016-09-12,0.2737775791,
2016-09,2016-09-13,0.2580637015,
2016-09,2016-09-14,0.2580637015,
2016-09,2016-09-15,0.2580637015,
2016-09,2016-09-16,0.267996324,
2016-09,2016-09-19,0.275452194,
2016-09,2016-09-20,0.275452194,
2016-09,2016-09-21,0.275452194,
2016-09,2016-09-22,0.275452194,
2016-09,2016-09-23,0.275452194,
2016-09,2016-09-26,0.2795943441,
2016-09,2016-09-27,0.2795943441,
2016-09,2016-09-28,0.2795943441,
2016-09,2016-09-29,0.2795943441,
2016-09,2016-09-30,0.2795943441,
2016-09,2016-10-03,0.2795943441,
2016-09,2016-10-04,0.2795943441,
2016-09,2016-10-05,0.2795943441,
2016-09,2016-10-06,0.2795943441,
2016-09,2016-10-07,0.2795943441,
2016-09,2016-10-11,0.2795943441,
2016-09,2016-10-12,0.2795943441,
2016-09,2016-10-13,0.279594344092144,
2016-10,2016-10-03,0.3931719579,
2016-10,2016-10-04,0.3323316327,
2016-10,2016-10-05,0.3323316327,
2016-10,2016-10-06,0.3323316327,
2016-10,2016-10-07,0.3323316327,
2016-10,2016-10-11,0.3323316327,
2016-10,2016-10-12,0.3542887134,
2016-10,2016-10-13,0.3542887134,
2016-10,2016-10-14,0.3542887134,
2016-10,2016-10-17,0.354288713445757,
2016-10,2016-10-18,0.35417299619822,
2016-10,2016-10-19,0.354172996,
2016-10,2016-10-20,0.35417299619822,
2016-10,2016-10-21,0.35417299619822,
2016-10,2016-10-24,0.348281597473426,
2016-10,2016-10-25,0.348281597473426,
2016-10,2016-10-26,0.348281597473426,
2016-10,2016-10-27,0.348281597473426,
2016-10,2016-10-28,0.348281597473426,
2016-10,2016-10-31,0.340800891185665,
2016-10,2016-11-01,0.340800891185665,
2016-10,2016-11-02,0.340800891185665,
2016-10,2016-11-03,0.340800891185665,
2016-10,2016-11-04,0.340800891185665,
2016-10,2016-11-07,0.340800891185665,
2016-10,2016-11-08,0.340800891185665,
2016-10,2016-11-09,0.340800891185665,
2016-10,2016-11-10,0.340800891185665,
2016-10,2016-11-14,0.340800891185665,
2016-11,2016-11-01,0.21644526984676,
2016-11,2016-11-02,0.210877805752204,
2016-11,2016-11-03,0.190736685645429,
2016-11,2016-11-04,0.174962204044188,
2016-11,2016-11-07,0.161016252317139,
2016-11,2016-11-08,0.249304894375602,
2016-11,2016-11-09,0.249304894375602,
2016-11,2016-11-10,0.249304894375602,
2016-11,2016-11-14,0.249304894375602,
2016-11,2016-11-15,0.211203807334158,
2016-11,2016-11-16,0.211203807334158,
2016-11,2016-11-17,0.211771595050923,
2016-11,2016-11-18,0.211771595050923,
2016-11,2016-11-21,0.183122727433817,
2016-11,2016-11-22,0.183122727433817,
2016-11,2016-11-23,0.183122727433817,
2016-11,2016-11-25,0.183122727433817,
2016-11,2016-11-28,0.168389024087877,
2016-11,2016-11-29,0.168389024087877,
2016-11,2016-11-30,0.168389024087877,
2016-11,2016-12-01,0.168389024087877,
2016-11,2016-12-02,0.168389024087877,
2016-11,2016-12-05,0.168389024087877,
2016-11,2016-12-06,0.168389024087877,
2016-11,2016-12-07,0.168389024087877,
2016-11,2016-12-08,0.168389024087877,
2016-11,2016-12-09,0.168389024087877,
2016-11,2016-12-12,0.168389024087877,
2016-12,2016-12-01,0.34366027194872,
2016-12,2016-12-02,0.417250812529519,
2016-12,2016-12-05,0.426150133716034,
2016-12,2016-12-06,0.203632354198232,
2016-12,2016-12-07,0.203632354198232,
2016-12,2016-12-08,0.203632354198232,
2016-12,2016-12-09,0.203632354198232,
2016-12,2016-12-12,0.203632354198232,
2016-12,2016-12-13,0.22550971019623,
2016-12,2016-12-14,0.22550971019623,
2016-12,2016-12-15,0.226354483096376,
2016-12,2016-12-16,0.226354483096376,
2016-12,2016-12-19,0.249296802951851,
2016-12,2016-12-20,0.249296802951851,
2016-12,2016-12-21,0.249296803,
2016-12,2016-12-22,0.249296802951851,
2016-12,2016-12-23,0.279233732519359,
2016-12,2016-12-27,0.279233732519359,
2016-12,2016-12-28,0.279233732519359,
2016-12,2016-12-29,0.279233732519359,
2016-12,2016-12-30,0.279233732519359,
2016-12,2017-01-03,0.279233732519359,
2016-12,2017-01-04,0.279233732519359,
2016-12,2017-01-05,0.279233732519359,
2016-12,2017-01-06,0.279233732519359,
2016-12,2017-01-09,0.279233732519359,
2016-12,2017-01-10,0.279233732519359,
2016-12,2017-01-11,0.279233732519359,
2016-12,2017-01-12,0.279233732519359,
2017-01,2017-01-03,0.227155095988324,
2017-01,2017-01-04,0.2917728042586,
2017-01,2017-01-05,0.2917728042586,
2017-01,2017-01-06,0.2917728042586,
2017-01,2017-01-09,0.2917728042586,
2017-01,2017-01-10,0.300730517495395,
2017-01,2017-01-11,0.300730517495395,
2017-01,2017-01-12,0.300730517495395,
2017-01,2017-01-13,0.300730517495395,
2017-01,2017-01-17,0.300730517495395,
2017-01,2017-01-18,0.287157437266831,
2017-01,2017-01-19,0.287157437266831,
2017-01,2017-01-20,0.287157437266831,
2017-01,2017-01-23,0.268397165057468,
2017-01,2017-01-24,0.268397165057468,
2017-01,2017-01-25,0.268397165057468,
2017-01,2017-01-26,0.268397165057468,
2017-01,2017-01-27,0.268397165057468,
2017-01,2017-01-30,0.248136071071356,
2017-01,2017-01-31,0.248136071071356,
2017-01,2017-02-01,0.248136071071356,
2017-01,2017-02-02,0.248136071071356,
2017-01,2017-02-03,0.248136071071356,
2017-01,2017-02-06,0.248136071071356,
2017-01,2017-02-07,0.248136071071356,
2017-01,2017-02-08,0.248136071071356,
2017-01,2017-02-09,0.289784347355767,
2017-01,2017-02-10,0.289784347355767,
2017-02,2017-02-01,0.0152639089689241,
2017-02,2017-02-02,0.0226228584432522,
2017-02,2017-02-03,0.0250225158805324,
2017-02,2017-02-06,0.0344611684671702,
2017-02,2017-02-07,-0.0991419400881501,
2017-02,2017-02-08,-0.0991419400881501,
2017-02,2017-02-09,-0.0991419400881501,
2017-02,2017-02-10,-0.0991419400881501,
2017-02,2017-02-13,-0.012786011497098,
2017-02,2017-02-14,-0.00350399027725609,
2017-02,2017-02-15,0.0240953678510217,
2017-02,2017-02-16,0.0240953678510217,
2017-02,2017-02-17,0.0240953678510217,
2017-02,2017-02-21,0.0252247984508116,
2017-02,2017-02-22,0.0252247984508116,
2017-02,2017-02-23,0.0252247984508116,
2017-02,2017-02-24,0.0252247984508116,
2017-02,2017-02-27,0.0301942930898873,
2017-02,2017-02-28,0.0301942930898873,
2017-02,2017-03-01,0.0301942930898873,
2017-02,2017-03-02,0.0301942930898873,
2017-02,2017-03-03,0.0301942930898873,
2017-02,2017-03-06,0.0301942930898873,
2017-02,2017-03-07,0.0301942930898873,
2017-02,2017-03-08,0.0301942930898873,
2017-02,2017-03-09,0.0301942930898873,
2017-02,2017-03-10,0.0301942930898873,
2017-03,2017-03-01,-0.0689033407953579,
2017-03,2017-03-02,-0.102444752249743,
2017-03,2017-03-03,-0.101533040064288,
2017-03,2017-03-06,-0.089300063389202,
2017-03,2017-03-07,-0.089300063389202,
2017-03,2017-03-08,-0.089300063389202,
2017-03,2017-03-09,-0.089300063389202,
2017-03,2017-03-10,-0.089300063389202,
2017-03,2017-03-13,-0.101711982103794,
2017-03,2017-03-14,-0.0961707992710034,
2017-03,2017-03-15,-0.0961707992710033,
2017-03,2017-03-16,-0.0961707992710034,
2017-03,2017-03-17,-0.100726025122454,
2017-03,2017-03-20,-0.100726025122454,
2017-03,2017-03-21,-0.100726025122454,
2017-03,2017-03-22,-0.100726025122454,
2017-03,2017-03-23,-0.100726025122454,
2017-03,2017-03-24,-0.104711847742474,
2017-03,2017-03-27,-0.104711847742474,
2017-03,2017-03-28,-0.104711847742474,
2017-03,2017-03-29,-0.104711847742474,
2017-03,2017-03-30,-0.104711847742474,
2017-03,2017-03-31,-0.104711847742474,
2017-03,2017-04-03,-0.104711847742474,
2017-03,2017-04-04,-0.104711847742474,
2017-03,2017-04-05,-0.104711847742474,
2017-03,2017-04-06,-0.104711847742474,
2017-03,2017-04-07,-0.104711847742474,
2017-03,2017-04-10,-0.104711847742474,
2017-04,2017-04-03,0.122337488387265,
2017-04,2017-04-04,0.133252912945025,
2017-04,2017-04-05,0.133252912945025,
2017-04,2017-04-06,0.133252912945025,
2017-04,2017-04-07,0.133252912945025,
2017-04,2017-04-10,0.133252912945025,
2017-04,2017-04-11,0.175933234052914,
2017-04,2017-04-12,0.175933234052914,
2017-04,2017-04-13,0.175933234052914,
2017-04,2017-04-14,0.160640669487344,
2017-04,2017-04-17,0.180076298760041,
2017-04,2017-04-18,0.180076298760041,
2017-04,2017-04-19,0.180076298760041,
2017-04,2017-04-20,0.180076298760041,
2017-04,2017-04-21,0.180076298760041,
2017-04,2017-04-24,0.194150375129923,
2017-04,2017-04-25,0.194150375129923,
2017-04,2017-04-26,0.194150375129923,
2017-04,2017-04-27,0.194150375129923,
2017-04,2017-04-28,0.194150375129923,
2017-04,2017-05-01,0.194150375129923,
2017-04,2017-05-02,0.194150375129923,
2017-04,2017-05-03,0.194150375129923,
2017-04,2017-05-04,0.194150375129923,
2017-04,2017-05-05,0.194150375129923,
2017-04,2017-05-08,0.194150375129923,
2017-04,2017-05-09,0.194150375129923,
2017-05,2017-05-01,-0.0848408380003955,
2017-05,2017-05-02,-0.0177597167222245,
2017-05,2017-05-03,-0.0177597167222245,
2017-05,2017-05-04,-0.0177597167222245,
2017-05,2017-05-05,-0.0177597167222245,
2017-05,2017-05-08,-0.0423126857313878,
2017-05,2017-05-09,-0.0423126857313878,
2017-05,2017-05-10,-0.0423126857313879,
2017-05,2017-05-11,-0.0432294876493652,
2017-05,2017-05-12,-0.0432294876493653,
2017-05,2017-05-15,-0.052699934657912,
2017-05,2017-05-16,-0.052699934657912,
2017-05,2017-05-17,-0.052699934657912,
2017-05,2017-05-18,-0.052699934657912,
2017-05,2017-05-19,-0.0480723298696449,
2017-05,2017-05-22,-0.0480723298696449,
2017-05,2017-05-23,-0.0480723298696449,
2017-05,2017-05-24,-0.0480723298696449,
2017-05,2017-05-25,-0.0480723298696449,
2017-05,2017-05-26,-0.0437460574861952,
2017-05,2017-05-30,-0.0437460574861952,
2017-05,2017-05-31,-0.0437460574861952,
2017-05,2017-06-01,-0.0437460574861952,
2017-05,2017-06-02,-0.0437460574861952,
2017-05,2017-06-05,-0.0437460574861952,
2017-05,2017-06-06,-0.0437460574861952,
2017-05,2017-06-07,-0.0437460574861952,
2017-05,2017-06-08,-0.0437460574861952,
2017-06,2017-06-01,0.0391528670163656,
2017-06,2017-06-02,0.0402338887929297,
2017-06,2017-06-05,0.0319910977466272,
2017-06,2017-06-06,0.121959293925936,
2017-06,2017-06-07,0.121959293925936,
2017-06,2017-06-08,0.121959293925936,
2017-06,2017-06-09,0.121959293925936,
2017-06,2017-06-12,0.121959293925936,
2017-06,2017-06-13,0.0919609961161482,
2017-06,2017-06-14,0.0877942332191345,
2017-06,2017-06-15,0.0877942332191345,
2017-06,2017-06-16,0.0877942332191345,
2017-06,2017-06-19,0.0565858103932582,
2017-06,2017-06-20,0.0565858103932582,
2017-06,2017-06-21,0.0565858103932582,
2017-06,2017-06-22,0.0565858103932582,
2017-06,2017-06-23,0.0565858103932582,
2017-06,2017-06-26,0.0311441613504239,
2017-06,2017-06-27,0.0311441613504239,
2017-06,2017-06-28,0.0311441613504239,
2017-06,2017-06-29,0.0311441613504239,
2017-06,2017-06-30,0.0311441613504239,
2017-06,2017-07-03,0.0311441613504239,
2017-06,2017-07-05,0.0311441613504239,
2017-06,2017-07-06,0.0311441613504239,
2017-06,2017-07-07,0.0311441613504239,
2017-06,2017-07-10,0.0311441613504239,
2017-06,2017-07-11,0.0311441613504239,
2017-07,2017-07-03,0.178316894440768,
2017-07,2017-07-05,0.0707265718239116,
2017-07,2017-07-06,0.0707265718239116,
2017-07,2017-07-07,0.0707265718239116,
2017-07,2017-07-10,0.0707265718239116,
2017-07,2017-07-11,0.0948808594647167,
2017-07,2017-07-12,0.0948808594647167,
2017-07,2017-07-13,0.0948808594647167,
2017-07,2017-07-14,0.0943066038264112,
2017-07,2017-07-17,0.0935896258610777,
2017-07,2017-07-18,0.0935896258610777,
2017-07,2017-07-19,0.0935896258610777,
2017-07,2017-07-20,0.0935896258610777,
2017-07,2017-07-21,0.0935896258610777,
2017-07,2017-07-24,0.105419762289076,
2017-07,2017-07-25,0.105419762289076,
2017-07,2017-07-26,0.105419762289076,
2017-07,2017-07-27,0.105419762289076,
2017-07,2017-07-28,0.105419762289076,
2017-07,2017-07-31,0.12427628277734,
2017-07,2017-08-01,0.12427628277734,
2017-07,2017-08-02,0.12427628277734,
2017-07,2017-08-03,0.12427628277734,
2017-07,2017-08-04,0.12427628277734,
2017-07,2017-08-07,0.12427628277734,
2017-07,2017-08-08,0.12427628277734,
2017-08,2017-08-01,0.267870027403807,
2017-08,2017-08-02,0.251503184252333,
2017-08,2017-08-03,0.250452102582055,
2017-08,2017-08-04,0.252479188660449,
2017-08,2017-08-07,0.289810134352089,
2017-08,2017-08-08,0.289810134352089,
2017-08,2017-08-09,0.289810134352089,
2017-08,2017-08-10,0.290685128363675,
2017-08,2017-08-11,0.290685128363675,
2017-08,2017-08-14,0.294348153065009,
2017-08,2017-08-15,0.294348153065009,
2017-08,2017-08-16,0.294348153065009,
2017-08,2017-08-17,0.284335885548029,
2017-08,2017-08-21,0.284335885548029,
2017-08,2017-08-22,0.284335885548029,
2017-08,2017-08-23,0.284335885548029,
2017-08,2017-08-24,0.284335885548029,
2017-08,2017-08-25,0.293615548124742,
2017-08,2017-08-28,0.293615548124742,
2017-08,2017-08-29,0.293615548124742,
2017-08,2017-08-30,0.293615548124742,
2017-08,2017-08-31,0.293615548124742,
2017-08,2017-09-01,0.293615548124742,
2017-08,2017-09-05,0.293615548124742,
2017-08,2017-09-06,0.293615548124742,
2017-08,2017-09-07,0.293615548124742,
2017-08,2017-09-08,0.293615548124742,
2017-09,2017-09-01,0.184524002103187,
2017-09,2017-09-05,0.179006169116573,
2017-09,2017-09-06,0.607887267746872,
2017-09,2017-09-07,0.607887267746872,
2017-09,2017-09-08,0.607887267746872,
2017-09,2017-09-11,0.607887267746872,
2017-09,2017-09-12,0.61214260383616,
2017-09,2017-09-13,0.61214260383616,
2017-09,2017-09-14,0.623147689179432,
2017-09,2017-09-15,0.623147689179432,
2017-09,2017-09-18,0.600785905072668,
2017-09,2017-09-19,0.600785905072668,
2017-09,2017-09-20,0.600785905072668,
2017-09,2017-09-21,0.600785905072668,
2017-09,2017-09-22,0.600785905072668,
2017-09,2017-09-25,0.572120000978359,
2017-09,2017-09-26,0.572120000978359,
2017-09,2017-09-27,0.572120000978359,
2017-09,2017-09-28,0.572120000978359,
2017-09,2017-09-29,0.572120000978359,
2017-09,2017-10-02,0.572120000978359,
2017-09,2017-10-03,0.572120000978359,
2017-09,2017-10-04,0.572120000978359,
2017-09,2017-10-05,0.572120000978359,
2017-09,2017-10-06,0.572120000978359,
2017-09,2017-10-10,0.572120000978359,
2017-10,2017-10-02,0.201775762745699,
2017-10,2017-10-03,0.15164734268362,
2017-10,2017-10-04,0.15164734268362,
2017-10,2017-10-05,0.15164734268362,
2017-10,2017-10-06,0.15164734268362,
2017-10,2017-10-10,0.15164734268362,
2017-10,2017-10-11,0.112971318599521,
2017-10,2017-10-12,0.112971318599521,
2017-10,2017-10-13,0.119617074945668,
2017-10,2017-10-16,0.100327920113384,
2017-10,2017-10-17,0.100327920113384,
2017-10,2017-10-18,0.100327920113384,
2017-10,2017-10-19,0.100327920113384,
2017-10,2017-10-20,0.100327920113384,
2017-10,2017-10-23,0.0872974804128524,
2017-10,2017-10-24,0.0872974804128524,
2017-10,2017-10-25,0.0872974804128524,
2017-10,2017-10-26,0.0872974804128524,
2017-10,2017-10-27,0.0872974804128524,
2017-10,2017-10-30,0.0814491728307241,
2017-10,2017-10-31,0.0814491728307241,
2017-10,2017-11-01,0.0814491728307241,
2017-10,2017-11-02,0.0814491728307241,
2017-10,2017-11-03,0.0814491728307241,
2017-10,2017-11-06,0.0814491728307241,
2017-10,2017-11-07,0.0814491728307241,
2017-10,2017-11-08,0.0814491728307241,
2017-10,2017-11-09,0.0814491728307241,
2017-10,2017-11-10,0.0814491728307241,
2017-11,2017-11-01,0.352063337964572,
2017-11,2017-11-02,0.341384786355311,
2017-11,2017-11-03,0.34190569131186,
2017-11,2017-11-06,0.356230577616967,
2017-11,2017-11-07,0.355420284289306,
2017-11,2017-11-08,0.355420284289306,
2017-11,2017-11-09,0.355420284289306,
2017-11,2017-11-10,0.355420284289306,
2017-11,2017-11-13,0.355420284289306,
2017-11,2017-11-14,0.376822525188443,
2017-11,2017-11-15,0.387277699429364,
2017-11,2017-11-16,0.387277699429364,
2017-11,2017-11-17,0.387277699429364,
2017-11,2017-11-20,0.38444083554721,
2017-11,2017-11-21,0.38444083554721,
2017-11,2017-11-22,0.38444083554721,
2017-11,2017-11-24,0.38444083554721,
2017-11,2017-11-27,0.371565837928206,
2017-11,2017-11-28,0.371565837928206,
2017-11,2017-11-29,0.371565837928206,
2017-11,2017-11-30,0.371565837928206,
2017-11,2017-12-01,0.371565837928206,
2017-11,2017-12-04,0.371565837928206,
2017-11,2017-12-05,0.371565837928206,
2017-11,2017-12-06,0.371565837928206,
2017-11,2017-12-07,0.371565837928206,
2017-11,2017-12-08,0.371565837928206,
2017-12,2017-12-01,0.154387432751264,
2017-12,2017-12-04,0.182532719121511,
2017-12,2017-12-05,0.0835710035022203,
2017-12,2017-12-06,0.0835710035022203,
2017-12,2017-12-07,0.0835710035022203,
2017-12,2017-12-08,0.0835710035022203,
2017-12,2017-12-11,0.0835710035022203,
2017-12,2017-12-12,0.0733174612689092,
2017-12,2017-12-13,0.0662097769361041,
2017-12,2017-12-14,0.0662097769361041,
2017-12,2017-12-15,0.0662097769361041,
2017-12,2017-12-18,0.0479064972452948,
2017-12,2017-12-19,0.0479064972452948,
2017-12,2017-12-20,0.0479064972452948,
2017-12,2017-12-21,0.0479064972452948,
2017-12,2017-12-22,0.0479064972452948,
2017-12,2017-12-26,0.0457859953298964,
2017-12,2017-12-27,0.0457859953298964,
2017-12,2017-12-28,0.0457859953298964,
2017-12,2017-12-29,0.0457859953298964,
2017-12,2018-01-02,0.0457859953298964,
2017-12,2018-01-03,0.0457859953298964,
2017-12,2018-01-04,0.0457859953298964,
2017-12,2018-01-05,0.0457859953298964,
2017-12,2018-01-08,0.0457859953298964,
2017-12,2018-01-09,0.0457859953298964,
2018-01,2018-01-02,0.330223355892861,
2018-01,2018-01-03,0.270589871532159,
2018-01,2018-01-04,0.270589871532159,
2018-01,2018-01-05,0.270589871532159,
2018-01,2018-01-08,0.270589871532159,
2018-01,2018-01-09,0.271972379616709,
2018-01,2018-01-10,0.271972379616709,
2018-01,2018-01-11,0.271972379616709,
2018-01,2018-01-12,0.280000710019835,
2018-01,2018-01-16,0.295950397421431,
2018-01,2018-01-17,0.295950397421431,
2018-01,2018-01-18,0.295950397421431,
2018-01,2018-01-19,0.295950397421431,
2018-01,2018-01-22,0.307684810295461,
2018-01,2018-01-23,0.307684810295461,
2018-01,2018-01-24,0.307684810295461,
2018-01,2018-01-25,0.307684810295461,
2018-01,2018-01-26,0.307684810295461,
2018-01,2018-01-29,0.325388963311233,
2018-01,2018-01-30,0.325388963311233,
2018-01,2018-01-31,0.325388963311233,
2018-01,2018-02-01,0.325388963311233,
2018-01,2018-02-02,0.325388963311233,
2018-01,2018-02-05,0.313016334730286,
2018-01,2018-02-06,0.313016334730286,
2018-01,2018-02-07,0.313016334730286,
2018-01,2018-02-08,0.313016334730286,
2018-01,2018-02-09,0.313016334730286,
2018-02,2018-02-01,0.143136440574083,
2018-02,2018-02-02,0.164795222501027,
2018-02,2018-02-05,0.150264647284217,
2018-02,2018-02-06,0.206469873121633,
2018-02,2018-02-07,0.157688242589191,
2018-02,2018-02-08,0.157688242589191,
2018-02,2018-02-09,0.157688242589191,
2018-02,2018-02-12,0.157688242589191,
2018-02,2018-02-13,0.138926907355425,
2018-02,2018-02-14,0.156338293715431,
2018-02,2018-02-15,0.156338293715431,
2018-02,2018-02-16,0.156338293715431,
2018-02,2018-02-20,0.129088881543507,
2018-02,2018-02-21,0.129088881543507,
2018-02,2018-02-22,0.129088881543507,
2018-02,2018-02-23,0.129088881543507,
2018-02,2018-02-26,0.112194245996914,
2018-02,2018-02-27,0.112194245996914,
2018-02,2018-02-28,0.112194245996914,
2018-02,2018-03-01,0.112194245996914,
2018-02,2018-03-02,0.112194245996914,
2018-02,2018-03-05,0.112194245996914,
2018-02,2018-03-06,0.112194245996914,
2018-02,2018-03-07,0.112194245996914,
2018-02,2018-03-08,0.112194245996914,
2018-03,2018-03-01,-0.0518607129432655,
2018-03,2018-03-02,-0.0717815768367359,
2018-03,2018-03-05,-0.0752510908984544,
2018-03,2018-03-06,-0.0752510908984544,
2018-03,2018-03-07,-0.0752510908984544,
2018-03,2018-03-08,-0.0752510908984544,
2018-03,2018-03-09,-0.0752510908984544,
2018-03,2018-03-12,-0.0681604595911629,
2018-03,2018-03-13,-0.0681604595911629,
2018-03,2018-03-14,-0.0681604595911629,
2018-03,2018-03-15,-0.0681604595911629,
2018-03,2018-03-16,-0.0522674830507329,
2018-03,2018-03-19,-0.0522674830507329,
2018-03,2018-03-20,-0.0522674830507329,
2018-03,2018-03-21,-0.0522674830507329,
2018-03,2018-03-22,-0.0522674830507329,
2018-03,2018-03-23,-0.0292644906895854,
2018-03,2018-03-26,-0.0292644906895854,
2018-03,2018-03-27,-0.0292644906895854,
2018-03,2018-03-28,-0.0292644906895854,
2018-03,2018-03-29,-0.0292644906895854,
2018-03,2018-03-30,-0.0292644906895854,
2018-03,2018-04-02,-0.0292644906895854,
2018-03,2018-04-03,-0.0292644906895854,
2018-03,2018-04-04,-0.0292644906895854,
2018-03,2018-04-05,-0.0292644906895854,
2018-04,2018-04-02,0.184058801966348,
2018-04,2018-04-03,0.238657123959985,
2018-04,2018-04-04,0.238657123959985,
2018-04,2018-04-05,0.238657123959985,
2018-04,2018-04-06,0.238657123959985,
2018-04,2018-04-09,0.238657123959985,
2018-04,2018-04-10,0.234898903266006,
2018-04,2018-04-11,0.235080287479065,
2018-04,2018-04-12,0.235080287479065,
2018-04,2018-04-13,0.235080287479065,
2018-04,2018-04-16,0.256128654958394,
2018-04,2018-04-17,0.256128654958394,
2018-04,2018-04-18,0.256128654958394,
2018-04,2018-04-19,0.256128654958394,
2018-04,2018-04-20,0.256128654958394,
2018-04,2018-04-23,0.283083452087535,
2018-04,2018-04-24,0.283083452087535,
2018-04,2018-04-25,0.283083452087535,
2018-04,2018-04-26,0.283083452087535,
2018-04,2018-04-27,0.283083452087535,
2018-04,2018-04-30,0.311369880628634,
2018-04,2018-05-01,0.311369880628634,
2018-04,2018-05-02,0.311369880628634,
2018-04,2018-05-03,0.311369880628634,
2018-04,2018-05-04,0.311369880628634,
2018-04,2018-05-07,0.311369880628634,
2018-05,2018-05-01,0.109130370703084,
2018-05,2018-05-02,0.0738875901646104,
2018-05,2018-05-03,0.0766176647133647,
2018-05,2018-05-04,0.0794304687939003,
2018-05,2018-05-07,0.0882204815455742,
2018-05,2018-05-08,0.149504659269984,
2018-05,2018-05-09,0.149504659269984,
2018-05,2018-05-10,0.146068964857684,
2018-05,2018-05-11,0.146068964857684,
2018-05,2018-05-14,0.139487794064578,
2018-05,2018-05-15,0.139487794064578,
2018-05,2018-05-16,0.139487794064578,
2018-05,2018-05-17,0.139487794064578,
2018-05,2018-05-18,0.139487794064578,
2018-05,2018-05-21,0.157237012264166,
2018-05,2018-05-22,0.157237012264166,
2018-05,2018-05-23,0.157237012264166,
2018-05,2018-05-24,0.157237012264166,
2018-05,2018-05-25,0.157237012264166,
2018-05,2018-05-29,0.178077386442332,
2018-05,2018-05-30,0.178077386442332,
2018-05,2018-05-31,0.178077386442332,
2018-05,2018-06-01,0.178077386442332,
2018-05,2018-06-04,0.178077386442332,
2018-05,2018-06-05,0.178077386442332,
2018-05,2018-06-06,0.178077386442332,
2018-05,2018-06-07,0.178077386442332,
2018-06,2018-06-01,0.185812070568761,
2018-06,2018-06-04,0.163187921036042,
2018-06,2018-06-05,0.214837861152664,
2018-06,2018-06-06,0.214837861152664,
2018-06,2018-06-07,0.214837861152664,
2018-06,2018-06-08,0.214837861152664,
2018-06,2018-06-11,0.214837861152664,
2018-06,2018-06-12,0.200068603767181,
2018-06,2018-06-13,0.200068603767181,
2018-06,2018-06-14,0.200068603767181,
2018-06,2018-06-15,0.200068603767181,
2018-06,2018-06-18,0.182557833673721,
2018-06,2018-06-19,0.182557833673721,
2018-06,2018-06-20,0.182557833673721,
2018-06,2018-06-21,0.182557833673721,
2018-06,2018-06-22,0.182557833673721,
2018-06,2018-06-25,0.160813690590632,
2018-06,2018-06-26,0.160813690590632,
2018-06,2018-06-27,0.160813690590632,
2018-06,2018-06-28,0.160813690590632,
2018-06,2018-06-29,0.160813690590632,
2018-06,2018-07-02,0.160813690590632,
2018-06,2018-07-03,0.160813690590632,
2018-06,2018-07-05,0.160813690590632,
2018-06,2018-07-06,0.160813690590632,
2018-06,2018-07-09,0.160813690590632,
2018-07,2018-07-02,0.256602123069027,
2018-07,2018-07-03,0.142718736778319,
2018-07,2018-07-05,0.142718736778319,
2018-07,2018-07-06,0.142718736778319,
2018-07,2018-07-09,0.142718736778319,
2018-07,2018-07-10,0.150266947286577,
2018-07,2018-07-11,0.150266947286577,
2018-07,2018-07-12,0.14853351572327,
2018-07,2018-07-13,0.14853351572327,
2018-07,2018-07-16,0.153409550132039,
2018-07,2018-07-17,0.153409550132039,
2018-07,2018-07-18,0.153409550132039,
2018-07,2018-07-19,0.153409550132039,
2018-07,2018-07-20,0.153409550132039,
2018-07,2018-07-23,0.146485581271588,
2018-07,2018-07-24,0.146485581271588,
2018-07,2018-07-25,0.146485581271588,
2018-07,2018-07-26,0.145373845426389,
2018-07,2018-07-31,0.145373845426389,
2018-07,2018-08-01,0.145373845426389,
2018-07,2018-08-02,0.145373845426389,
2018-07,2018-08-03,0.145373845426389,
2018-07,2018-08-06,0.145373845426389,
2018-07,2018-08-07,0.145373845426389,
2018-08,2018-08-01,0.268554505013007,
2018-08,2018-08-02,0.224915705307061,
2018-08,2018-08-03,0.236418323707813,
2018-08,2018-08-06,0.239699139265416,
2018-08,2018-08-07,0.295371966479131,
2018-08,2018-08-08,0.295371966479131,
2018-08,2018-08-09,0.295371966479131,
2018-08,2018-08-10,0.29886207785352,
2018-08,2018-08-13,0.293474683769668,
2018-08,2018-08-14,0.293474683769668,
2018-08,2018-08-15,0.293474683769668,
2018-08,2018-08-16,0.293474683769668,
2018-08,2018-08-17,0.293474683769668,
2018-08,2018-08-20,0.283298494944612,
2018-08,2018-08-21,0.283298494944612,
2018-08,2018-08-22,0.283298494944612,
2018-08,2018-08-23,0.283298494944612,
2018-08,2018-08-24,0.283298494944612,
2018-08,2018-08-27,0.280006198560035,
2018-08,2018-08-28,0.280006198560035,
2018-08,2018-08-29,0.280006198560035,
2018-08,2018-08-30,0.280006198560035,
2018-08,2018-08-31,0.280006198560035,
2018-08,2018-09-04,0.280006198560035,
2018-08,2018-09-05,0.280006198560035,
2018-08,2018-09-06,0.280006198560035,
2018-08,2018-09-07,0.280006198560035,
2018-08,2018-09-10,0.280006198560035,
2018-09,2018-09-04,0.259128158864636,
2018-09,2018-09-05,0.154635877782849,
2018-09,2018-09-06,0.154635877782849,
2018-09,2018-09-07,0.154635877782849,
2018-09,2018-09-10,0.154635877782849,
2018-09,2018-09-11,0.160048320915285,
2018-09,2018-09-12,0.160048320915285,
2018-09,2018-09-13,0.151115650982928,
2018-09,2018-09-14,0.151115650982928,
2018-09,2018-09-17,0.156601515024919,
2018-09,2018-09-18,0.156601515024919,
2018-09,2018-09-19,0.156601515024919,
2018-09,2018-09-20,0.156601515024919,
2018-09,2018-09-21,0.156601515024919,
2018-09,2018-09-24,0.159953987495026,
2018-09,2018-09-25,0.159953987495026,
2018-09,2018-09-26,0.159953987495026,
2018-09,2018-09-27,0.159953987495026,
2018-09,2018-09-28,0.159953987495026,
2018-09,2018-10-01,0.159953987495026,
2018-09,2018-10-02,0.159953987495026,
2018-09,2018-10-03,0.159953987495026,
2018-09,2018-10-04,0.159953987495026,
2018-09,2018-10-05,0.159953987495026,
2018-10,2018-10-01,0.380912640495391,
2018-10,2018-10-02,0.304058232111938,
2018-10,2018-10-03,0.304058232111938,
2018-10,2018-10-04,0.304058232111938,
2018-10,2018-10-05,0.304058232111938,
2018-10,2018-10-09,0.304058232111938,
2018-10,2018-10-10,0.326607359958686,
2018-10,2018-10-11,0.319410318108963,
2018-10,2018-10-12,0.319410318108963,
2018-10,2018-10-15,0.317570749927901,
2018-10,2018-10-16,0.317570749927901,
2018-10,2018-10-17,0.317570749927901,
2018-10,2018-10-18,0.317570749927901,
2018-10,2018-10-19,0.317570749927901,
2018-10,2018-10-22,0.305613556750996,
2018-10,2018-10-23,0.305613556750996,
2018-10,2018-10-24,0.305613556750996,
2018-10,2018-10-25,0.305613556750996,
2018-10,2018-10-26,0.305613556750996,
2018-10,2018-10-29,0.291326243878078,
2018-10,2018-10-30,0.291326243878078,
2018-10,2018-10-31,0.291326243878078,
2018-10,2018-11-01,0.291326243878078,
2018-10,2018-11-02,0.291326243878078,
2018-10,2018-11-05,0.291326243878078,
2018-10,2018-11-06,0.291326243878078,
2018-10,2018-11-07,0.291326243878078,
2018-10,2018-11-08,0.291326243878078,
2018-11,2018-11-01,0.208224704702365,
2018-11,2018-11-02,0.15790516214696,
2018-11,2018-11-05,0.156432395047777,
2018-11,2018-11-06,0.193386712179242,
2018-11,2018-11-07,0.193386712179242,
2018-11,2018-11-08,0.193386712179242,
2018-11,2018-11-09,0.193386712179242,
2018-11,2018-11-13,0.193386712179242,
2018-11,2018-11-14,0.154129161158864,
2018-11,2018-11-15,0.154129161158864,
2018-11,2018-11-16,0.154129161158864,
2018-11,2018-11-19,0.110631348195475,
2018-11,2018-11-20,0.110631348195475,
2018-11,2018-11-21,0.110631348195475,
2018-11,2018-11-23,0.110631348195475,
2018-11,2018-11-26,0.0674398578585887,
2018-11,2018-11-27,0.0674398578585887,
2018-11,2018-11-28,0.0674398578585887,
2018-11,2018-11-29,0.0674398578585887,
2018-11,2018-11-30,0.0674398578585887,
2018-11,2018-12-03,0.0674398578585887,
2018-11,2018-12-04,0.0674398578585887,
2018-11,2018-12-05,0.0674398578585887,
2018-11,2018-12-06,0.0674398578585887,
2018-11,2018-12-07,0.0674398578585887,
2018-12,2018-12-03,0.0412655533755332,
2018-12,2018-12-04,-0.0278299442913497,
2018-12,2018-12-05,-0.0278299442913497,
2018-12,2018-12-06,-0.0278299442913497,
2018-12,2018-12-07,-0.0278299442913497,
2018-12,2018-12-10,-0.0278299442913497,
2018-12,2018-12-11,-0.049575866765735,
2018-12,2018-12-12,-0.0541226785531112,
2018-12,2018-12-13,-0.0541226785531112,
2018-12,2018-12-14,-0.0541226785531112,
2018-12,2018-12-17,-0.0842922820389146,
2018-12,2018-12-18,-0.0842922820389146,
2018-12,2018-12-19,-0.0842922820389146,
2018-12,2018-12-20,-0.0842922820389146,
2018-12,2018-12-21,-0.0842922820389146,
2018-12,2018-12-24,-0.0842922820389146,
2018-12,2018-12-26,-0.115132321157736,
2018-12,2018-12-27,-0.115132321157736,
2018-12,2018-12-28,-0.148385928555422,
2018-12,2018-12-31,-0.148385928555422,
2018-12,2019-01-02,-0.148385928555422,
2018-12,2019-01-03,-0.148385928555422,
2018-12,2019-01-04,-0.148385928555422,
2018-12,2019-01-07,-0.148385928555422,
2018-12,2019-01-08,-0.148385928555422,
2019-01,2019-01-02,0.228280761053876,
2019-01,2019-01-03,0.236324764798083,
2019-01,2019-01-04,0.25088809183825,
2019-01,2019-01-07,0.267869877520464,
2019-01,2019-01-08,0.0777985062324878,
2019-01,2019-01-09,0.0777985062324878,
2019-01,2019-01-10,0.0777985062324878,
2019-01,2019-01-11,0.0871403917236,
2019-01,2019-01-14,0.0937616917748593,
2019-01,2019-01-15,0.0937616917748593,
2019-01,2019-01-16,0.0937616917748593,
2019-01,2019-01-17,0.0937616917748593,
2019-01,2019-01-18,0.0937616917748593,
2019-01,2019-01-22,0.0969497251328732,
2019-01,2019-01-23,0.0969497251328732,
2019-01,2019-01-24,0.0969497251328732,
2019-01,2019-01-25,0.0969497251328732,
2019-01,2019-01-28,0.099647291820423,
2019-01,2019-01-29,0.099647291820423,
2019-01,2019-01-30,0.099647291820423,
2019-01,2019-01-31,0.099647291820423,
2019-01,2019-02-01,0.099647291820423,
2019-01,2019-02-04,0.099647291820423,
2019-01,2019-02-05,0.099647291820423,
2019-01,2019-02-06,0.099647291820423,
2019-01,2019-02-07,0.099647291820423,
2019-01,2019-02-08,0.0349899290800341,
2019-01,2019-02-11,0.0349899290800341,
2019-02,2019-02-01,0.264006652693236,
2019-02,2019-02-04,0.325811023855779,
2019-02,2019-02-05,0.0737042915752947,
2019-02,2019-02-06,0.0737042915752947,
2019-02,2019-02-07,0.0737042915752947,
2019-02,2019-02-08,0.0737042915752947,
2019-02,2019-02-11,0.121536426012952,
2019-02,2019-02-12,0.135174941020704,
2019-02,2019-02-13,0.130383294770353,
2019-02,2019-02-14,0.130383294770353,
2019-02,2019-02-15,0.130383294770353,
2019-02,2019-02-19,0.152761287271184,
2019-02,2019-02-20,0.152761287271184,
2019-02,2019-02-21,0.152761287271184,
2019-02,2019-02-22,0.152761287271184,
2019-02,2019-02-25,0.188269224351583,
2019-02,2019-02-26,0.188269224351583,
2019-02,2019-02-27,0.188269224351583,
2019-02,2019-02-28,0.188269224351583,
2019-02,2019-03-01,0.188269224351583,
2019-02,2019-03-04,0.188269224351583,
2019-02,2019-03-05,0.188269224351583,
2019-02,2019-03-06,0.188269224351583,
2019-02,2019-03-07,0.188269224351583,
2019-03,2019-03-01,0.246990857057078,
2019-03,2019-03-04,0.208952768771784,
2019-03,2019-03-05,0.208952768771784,
2019-03,2019-03-06,0.208952768771784,
2019-03,2019-03-07,0.208952768771784,
2019-03,2019-03-08,0.208952768771784,
2019-03,2019-03-11,0.23854083787331,
2019-03,2019-03-12,0.23854083787331,
2019-03,2019-03-13,0.23854083787331,
2019-03,2019-03-14,0.23854083787331,
2019-03,2019-03-15,0.283556088882532,
2019-03,2019-03-18,0.283556088882532,
2019-03,2019-03-19,0.283556088882532,
2019-03,2019-03-20,0.283556088882532,
2019-03,2019-03-21,0.283556088882532,
2019-03,2019-03-22,0.331851345618556,
2019-03,2019-03-25,0.331851345618556,
2019-03,2019-03-26,0.331851345618556,
2019-03,2019-03-27,0.331851345618556,
2019-03,2019-03-28,0.331851345618556,
2019-03,2019-03-29,0.331851345618556,
2019-03,2019-04-01,0.331851345618556,
2019-03,2019-04-02,0.331851345618556,
2019-03,2019-04-03,0.331851345618556,
2019-03,2019-04-04,0.331851345618556,
2019-04,2019-04-01,0.143695235673769,
2019-04,2019-04-02,0.278577156896597,
2019-04,2019-04-03,0.278577156896597,
2019-04,2019-04-04,0.278577156896597,
2019-04,2019-04-05,0.278577156896597,
2019-04,2019-04-08,0.278577156896597,
2019-04,2019-04-09,0.313635559466009,
2019-04,2019-04-10,0.327163560667434,
2019-04,2019-04-11,0.327163560667434,
2019-04,2019-04-12,0.327163560667434,
2019-04,2019-04-15,0.37872002228528,
2019-04,2019-04-16,0.37872002228528,
2019-04,2019-04-17,0.37872002228528,
2019-04,2019-04-18,0.37872002228528,
2019-04,2019-04-19,0.37872002228528,
2019-04,2019-04-22,0.409246874559005,
2019-04,2019-04-23,0.409246874559005,
2019-04,2019-04-24,0.409246874559005,
2019-04,2019-04-25,0.409246874559005,
2019-04,2019-04-26,0.409246874559005,
2019-04,2019-04-29,0.440045076630718,
2019-04,2019-04-30,0.440045076630718,
2019-04,2019-05-01,0.440045076630718,
2019-04,2019-05-02,0.440045076630718,
2019-04,2019-05-03,0.440045076630718,
2019-04,2019-05-06,0.440045076630718,
2019-04,2019-05-07,0.440045076630718,
2019-05,2019-05-01,0.0662604296157076,
2019-05,2019-05-02,0.0697481430850508,
2019-05,2019-05-03,0.0500291477006891,
2019-05,2019-05-06,0.0459601486531227,
2019-05,2019-05-07,0.188628505346176,
2019-05,2019-05-08,0.188628505346176,
2019-05,2019-05-09,0.188628505346176,
2019-05,2019-05-10,0.183554629359631,
2019-05,2019-05-13,0.166251426579381,
2019-05,2019-05-14,0.166251426579381,
2019-05,2019-05-15,0.166251426579381,
2019-05,2019-05-16,0.166251426579381,
2019-05,2019-05-17,0.166251426579381,
2019-05,2019-05-20,0.154517070670934,
2019-05,2019-05-21,0.154517070670934,
2019-05,2019-05-22,0.154517070670934,
2019-05,2019-05-23,0.154517070670934,
2019-05,2019-05-24,0.154517070670934,
2019-05,2019-05-28,0.139699960244168,
2019-05,2019-05-29,0.139699960244168,
2019-05,2019-05-30,0.139699960244168,
2019-05,2019-05-31,0.139699960244168,
2019-05,2019-06-03,0.139699960244168,
2019-05,2019-06-04,0.139699960244168,
2019-05,2019-06-05,0.139699960244168,
2019-05,2019-06-06,0.139699960244168,
2019-05,2019-06-07,0.139699960244168,
2019-06,2019-06-03,-0.0474118176133747,
2019-06,2019-06-04,0.147468296408505,
2019-06,2019-06-05,0.147468296408505,
2019-06,2019-06-06,0.147468296408505,
2019-06,2019-06-07,0.147468296408505,
2019-06,2019-06-10,0.147468296408505,
2019-06,2019-06-11,0.105457123523828,
2019-06,2019-06-12,0.102222592159129,
2019-06,2019-06-13,0.102222592159129,
2019-06,2019-06-14,0.102222592159129,
2019-06,2019-06-17,0.0642724983459763,
2019-06,2019-06-18,0.0642724983459763,
2019-06,2019-06-19,0.0642724983459763,
2019-06,2019-06-20,0.0642724983459763,
2019-06,2019-06-21,0.0642724983459763,
2019-06,2019-06-24,0.0400696323937111,
2019-06,2019-06-25,0.0400696323937111,
2019-06,2019-06-26,0.0400696323937111,
2019-06,2019-06-27,0.0400696323937111,
2019-06,2019-06-28,0.0400696323937111,
2019-06,2019-07-01,0.0400696323937111,
2019-06,2019-07-02,0.0400696323937111,
2019-06,2019-07-03,0.0400696323937111,
2019-06,2019-07-05,0.0400696323937111,
2019-06,2019-07-08,0.0400696323937111,
2019-07,2019-07-01,0.178850457572063,
2019-07,2019-07-02,0.187981234938245,
2019-07,2019-07-03,0.187981234938245,
2019-07,2019-07-05,0.187981234938245,
2019-07,2019-07-08,0.187981234938245,
2019-07,2019-07-09,0.205684161598868,
2019-07,2019-07-10,0.205684161598868,
2019-07,2019-07-11,0.211242369363347,
2019-07,2019-07-12,0.211242369363347,
2019-07,2019-07-15,0.231275521035339,
2019-07,2019-07-16,0.231275521035339,
2019-07,2019-07-17,0.231275521035339,
2019-07,2019-07-18,0.231275521035339,
2019-07,2019-07-19,0.231275521035339,
2019-07,2019-07-22,0.232751648000643,
2019-07,2019-07-23,0.232751648000643,
2019-07,2019-07-24,0.232751648000643,
2019-07,2019-07-25,0.232751648000643,
2019-07,2019-07-26,0.232751648000643,
2019-07,2019-07-29,0.224780562387998,
2019-07,2019-07-30,0.224780562387998,
2019-07,2019-07-31,0.224780562387998,
2019-07,2019-08-01,0.224780562387998,
2019-07,2019-08-02,0.224780562387998,
2019-07,2019-08-05,0.224780562387998,
2019-07,2019-08-06,0.224780562387998,
2019-07,2019-08-07,0.224780562387998,
2019-07,2019-08-08,0.224780562387998,
2019-08,2019-08-01,0.182242672218585,
2019-08,2019-08-02,0.0800542245258651,
2019-08,2019-08-05,0.0903543863622668,
2019-08,2019-08-06,0.153281577955343,
2019-08,2019-08-07,0.153281577955343,
2019-08,2019-08-08,0.153281577955343,
2019-08,2019-08-09,0.153281577955343,
2019-08,2019-08-12,0.153281577955343,
2019-08,2019-08-13,0.12074515315759,
2019-08,2019-08-14,0.12074515315759,
2019-08,2019-08-15,0.12074515315759,
2019-08,2019-08-16,0.12074515315759,
2019-08,2019-08-19,0.0966836165870297,
2019-08,2019-08-20,0.0966836165870297,
2019-08,2019-08-21,0.0966836165870297,
2019-08,2019-08-22,0.0966836165870297,
2019-08,2019-08-23,0.0966836165870297,
2019-08,2019-08-26,0.0773710674975021,
2019-08,2019-08-27,0.0773710674975021,
2019-08,2019-08-28,0.0773710674975021,
2019-08,2019-08-29,0.0773710674975021,
2019-08,2019-08-30,0.0773710674975021,
2019-08,2019-09-03,0.0773710674975021,
2019-08,2019-09-04,0.0773710674975021,
2019-08,2019-09-05,0.0773710674975021,
2019-08,2019-09-06,0.0773710674975021,
2019-08,2019-09-09,0.0773710674975021,
2019-09,2019-09-03,0.0657130796797963,
2019-09,2019-09-04,0.063894408033243,
2019-09,2019-09-05,0.063894408033243,
2019-09,2019-09-06,0.063894408033243,
2019-09,2019-09-09,0.063894408033243,
2019-09,2019-09-10,0.0553086901583588,
2019-09,2019-09-11,0.0553086901583588,
2019-09,2019-09-12,0.0536511801870865,
2019-09,2019-09-13,0.0536511801870865,
2019-09,2019-09-16,0.051631171500192,
2019-09,2019-09-17,0.051631171500192,
2019-09,2019-09-18,0.051631171500192,
2019-09,2019-09-19,0.051631171500192,
2019-09,2019-09-20,0.051631171500192,
2019-09,2019-09-23,0.0846246467194628,
2019-09,2019-09-24,0.0846246467194628,
2019-09,2019-09-25,0.0846246467194628,
2019-09,2019-09-26,0.0846246467194628,
2019-09,2019-09-27,0.0846246467194628,
2019-09,2019-09-30,0.103343393884681,
2019-09,2019-10-01,0.103343393884681,
2019-09,2019-10-02,0.103343393884681,
2019-09,2019-10-03,0.103343393884681,
2019-09,2019-10-04,0.103343393884681,
2019-09,2019-10-07,0.103343393884681,
2019-10,2019-10-01,0.162133243208795,
2019-10,2019-10-02,0.151286753594059,
2019-10,2019-10-03,0.130307359207661,
2019-10,2019-10-04,0.125026831368908,
2019-10,2019-10-07,0.126525359539365,
2019-10,2019-10-08,0.337879195697225,
2019-10,2019-10-09,0.337879195697225,
2019-10,2019-10-10,0.34779197513813,
2019-10,2019-10-11,0.34779197513813,
2019-10,2019-10-15,0.336822867935537,
2019-10,2019-10-16,0.336822867935537,
2019-10,2019-10-17,0.336822867935537,
2019-10,2019-10-18,0.336822867935537,
2019-10,2019-10-21,0.337066625873372,
2019-10,2019-10-22,0.337066625873372,
2019-10,2019-10-23,0.337066625873372,
2019-10,2019-10-24,0.337066625873372,
2019-10,2019-10-25,0.337066625873372,
2019-10,2019-10-28,0.321466117851907,
2019-10,2019-10-29,0.321466117851907,
2019-10,2019-10-30,0.321466117851907,
2019-10,2019-10-31,0.321466117851907,
2019-10,2019-11-01,0.321466117851907,
2019-10,2019-11-04,0.321466117851907,
2019-10,2019-11-05,0.321466117851907,
2019-10,2019-11-06,0.321466117851907,
2019-10,2019-11-07,0.321466117851907,
2019-11,2019-11-01,0.2115886886852,
2019-11,2019-11-04,0.276110853797353,
2019-11,2019-11-05,0.241166289004659,
2019-11,2019-11-06,0.241166289004659,
2019-11,2019-11-07,0.241166289004659,
2019-11,2019-11-08,0.241166289004659,
2019-11,2019-11-12,0.241166289004659,
2019-11,2019-11-13,0.251566659835894,
2019-11,2019-11-14,0.251566659835894,
2019-11,2019-11-15,0.251566659835894,
2019-11,2019-11-18,0.242567767801481,
2019-11,2019-11-19,0.242567767801481,
2019-11,2019-11-20,0.242567767801481,
2019-11,2019-11-21,0.242567767801481,
2019-11,2019-11-22,0.242567767801481,
2019-11,2019-11-25,0.232231202626817,
2019-11,2019-11-26,0.232231202626817,
2019-11,2019-11-27,0.232231202626817,
2019-11,2019-11-29,0.232231202626817,
2019-11,2019-12-02,0.232231202626817,
2019-11,2019-12-03,0.232231202626817,
2019-11,2019-12-04,0.232231202626817,
2019-11,2019-12-05,0.232231202626817,
2019-11,2019-12-06,0.232231202626817,
2019-12,2019-12-02,0.243200680556158,
2019-12,2019-12-03,0.276841056758824,
2019-12,2019-12-04,0.276841056758824,
2019-12,2019-12-05,0.276841056758824,
2019-12,2019-12-06,0.276841056758824,
2019-12,2019-12-09,0.276841056758824,
2019-12,2019-12-10,0.265771499125217,
2019-12,2019-12-11,0.26765807779127,
2019-12,2019-12-12,0.26765807779127,
2019-12,2019-12-13,0.26765807779127,
2019-12,2019-12-16,0.25167494464407,
2019-12,2019-12-17,0.25167494464407,
2019-12,2019-12-18,0.25167494464407,
2019-12,2019-12-19,0.25167494464407,
2019-12,2019-12-20,0.25167494464407,
2019-12,2019-12-23,0.241470328865473,
2019-12,2019-12-24,0.241470328865473,
2019-12,2019-12-26,0.241470328865473,
2019-12,2019-12-27,0.246265268809632,
2019-12,2019-12-30,0.246265268809632,
2019-12,2019-12-31,0.246265268809632,
2019-12,2020-01-02,0.246265268809632,
2019-12,2020-01-03,0.246265268809632,
2019-12,2020-01-06,0.246265268809632,
2019-12,2020-01-07,0.246265268809632,
2019-12,2020-01-08,0.246265268809632,
2019-12,2020-01-09,0.246265268809632,
2020-01,2020-01-02,0.25242843864702,
2020-01,2020-01-03,0.253924573062445,
2020-01,2020-01-06,0.278565798539121,
2020-01,2020-01-07,0.216268742379749,
2020-01,2020-01-08,0.216268742379749,
2020-01,2020-01-09,0.216268742379749,
2020-01,2020-01-10,0.216268742379749,
2020-01,2020-01-13,0.216268742379749,
2020-01,2020-01-14,0.203830317009685,
2020-01,2020-01-15,0.203830317009685,
2020-01,2020-01-16,0.203830317009685,
2020-01,2020-01-17,0.203830317009685,
2020-01,2020-01-21,0.185796299210065,
2020-01,2020-01-22,0.185796299210065,
2020-01,2020-01-23,0.185796299210065,
2020-01,2020-01-24,0.185796299210065,
2020-01,2020-01-27,0.165508029185494,
2020-01,2020-01-28,0.165508029185494,
2020-01,2020-01-29,0.165508029185494,
2020-01,2020-01-30,0.165508029185494,
2020-01,2020-01-31,0.165508029185494,
2020-01,2020-02-03,0.165508029185494,
2020-01,2020-02-04,0.165508029185494,
2020-01,2020-02-05,0.165508029185494,
2020-01,2020-02-06,0.165508029185494,
2020-01,2020-02-07,0.165952033920822,
2020-01,2020-02-10,0.165952033920822,
2020-02,2020-02-03,-0.0691845786089159,
2020-02,2020-02-04,-0.0141572306114053,
2020-02,2020-02-05,-0.0141572306114053,
2020-02,2020-02-06,-0.0141572306114053,
2020-02,2020-02-07,-0.0141572306114053,
2020-02,2020-02-10,-0.0141572306114053,
2020-02,2020-02-11,0.0459619585153066,
2020-02,2020-02-12,0.0459619585153066,
2020-02,2020-02-13,0.0530688136021168,
2020-02,2020-02-14,0.0530688136021168,
2020-02,2020-02-18,0.0490702040067534,
2020-02,2020-02-19,0.0490702040067534,
2020-02,2020-02-20,0.0490702040067534,
2020-02,2020-02-21,0.0490702040067534,
2020-02,2020-02-24,0.0576386531396749,
2020-02,2020-02-25,0.0576386531396749,
2020-02,2020-02-26,0.0576386531396749,
2020-02,2020-02-27,0.0576386531396749,
2020-02,2020-02-28,0.0576386531396749,
2020-02,2020-03-02,0.0576386531396749,
2020-02,2020-03-03,0.0576386531396749,
2020-02,2020-03-04,0.0576386531396749,
2020-02,2020-03-05,0.0576386531396749,
2020-02,2020-03-06,0.0576386531396749,
2020-03,2020-03-02,-0.0862065271732493,
2020-03,2020-03-03,0.028628711154606,
2020-03,2020-03-04,0.028628711154606,
2020-03,2020-03-05,0.028628711154606,
2020-03,2020-03-06,0.028628711154606,
2020-03,2020-03-09,0.028628711154606,
2020-03,2020-03-10,0.00128343195140881,
2020-03,2020-03-11,-0.00386467185266398,
2020-03,2020-03-12,-0.00386467185266398,
2020-03,2020-03-13,-0.00386467185266398,
2020-03,2020-03-16,-0.0637948282693098,
2020-03,2020-03-17,-0.0637948282693098,
2020-03,2020-03-18,-0.0637948282693098,
2020-03,2020-03-19,-0.0637948282693098,
2020-03,2020-03-20,-0.0637948282693098,
2020-03,2020-03-23,-0.132026121216639,
2020-03,2020-03-24,-0.132026121216639,
2020-03,2020-03-25,-0.132026121216639,
2020-03,2020-03-26,-0.132026121216639,
2020-03,2020-03-27,-0.132026121216639,
2020-03,2020-03-30,-0.200662347653271,
2020-03,2020-03-31,-0.200662347653271,
2020-03,2020-04-01,-0.200662347653271,
2020-03,2020-04-02,-0.200662347653271,
2020-03,2020-04-03,-0.200662347653271,
2020-03,2020-04-06,-0.200662347653271,
2020-03,2020-04-07,-0.200662347653271,
2020-04,2020-04-01,-0.275018864326885,
2020-04,2020-04-02,-0.312537064588733,
2020-04,2020-04-03,-0.247140757187873,
2020-04,2020-04-06,-0.186781615562909,
2020-04,2020-04-07,-0.164939422586394,
2020-04,2020-04-08,-0.387828661122662,
2020-04,2020-04-09,-0.387828661122662,
2020-04,2020-04-10,-0.468179768256775,
2020-04,2020-04-13,-0.52110614208656,
2020-04,2020-04-14,-0.52110614208656,
2020-04,2020-04-15,-0.52110614208656,
2020-04,2020-04-16,-0.52110614208656,
2020-04,2020-04-17,-0.52110614208656,
2020-04,2020-04-20,-0.559123678217813,
2020-04,2020-04-21,-0.559123678217813,
2020-04,2020-04-22,-0.559123678217813,
2020-04,2020-04-23,-0.559123678217813,
2020-04,2020-04-24,-0.559123678217813,
2020-04,2020-04-27,-0.593041283981971,
2020-04,2020-04-28,-0.593041283981971,
2020-04,2020-04-29,-0.593041283981971,
2020-04,2020-04-30,-0.593041283981971,
2020-04,2020-05-01,-0.593041283981971,
2020-04,2020-05-04,-0.593041283981971,
2020-04,2020-05-05,-0.593041283981971,
2020-04,2020-05-06,-0.593041283981971,
2020-04,2020-05-07,-0.593041283981971,
2020-05,2020-05-01,0.0331857062850048,
2020-05,2020-05-04,0.0410048513171371,
2020-05,2020-05-05,-0.0505170995825512,
2020-05,2020-05-06,-0.0505170995825512,
2020-05,2020-05-07,-0.0505170995825512,
2020-05,2020-05-08,-0.0505170995825512,
2020-05,2020-05-11,-0.0505170995825512,
2020-05,2020-05-12,-0.0155311719994642,
2020-05,2020-05-13,-0.0155311719994642,
2020-05,2020-05-14,-0.0155311719994642,
2020-05,2020-05-15,-0.0155311719994642,
2020-05,2020-05-18,0.0206404309669693,
2020-05,2020-05-19,0.0206404309669693,
2020-05,2020-05-20,0.0206404309669693,
2020-05,2020-05-21,0.0206404309669693,
2020-05,2020-05-22,0.0206404309669693,
2020-05,2020-05-26,0.0768016039938002,
2020-05,2020-05-27,0.0768016039938002,
2020-05,2020-05-28,0.0768016039938002,
2020-05,2020-05-29,0.0768016039938002,
2020-05,2020-06-01,0.0768016039938002,
2020-05,2020-06-02,0.0768016039938002,
2020-05,2020-06-03,0.0768016039938002,
2020-05,2020-06-04,0.0768016039938002,
2020-05,2020-06-05,0.0768016039938002,
2020-06,2020-06-01,0.469348158367358,
2020-06,2020-06-02,0.41743622543454,
2020-06,2020-06-03,0.41743622543454,
2020-06,2020-06-04,0.41743622543454,
2020-06,2020-06-05,0.41743622543454,
2020-06,2020-06-08,0.41743622543454,
2020-06,2020-06-09,0.472960017130156,
2020-06,2020-06-10,0.44282055647229,
2020-06,2020-06-11,0.44282055647229,
2020-06,2020-06-12,0.44282055647229,
2020-06,2020-06-15,0.497802090591049,
2020-06,2020-06-16,0.497802090591049,
2020-06,2020-06-17,0.497802090591049,
2020-06,2020-06-18,0.497802090591049,
2020-06,2020-06-19,0.497802090591049,
2020-06,2020-06-22,0.539263575336344,
2020-06,2020-06-23,0.539263575336344,
2020-06,2020-06-24,0.539263575336344,
2020-06,2020-06-25,0.539263575336344,
2020-06,2020-06-26,0.539263575336344,
2020-06,2020-06-29,0.58000399078172,
2020-06,2020-06-30,0.58000399078172,
2020-06,2020-07-01,0.58000399078172,
2020-06,2020-07-02,0.58000399078172,
2020-06,2020-07-03,0.58000399078172,
2020-06,2020-07-06,0.58000399078172,
2020-06,2020-07-07,0.58000399078172,
2020-06,2020-07-08,0.58000399078172,
2020-06,2020-07-09,0.58000399078172,
2020-07,2020-07-01,0.199506063729234,
2020-07,2020-07-02,0.223615942207757,
2020-07,2020-07-03,0.238440259380362,
2020-07,2020-07-06,0.242512873988221,
2020-07,2020-07-07,0.301959569856769,
2020-07,2020-07-08,0.301959569856769,
2020-07,2020-07-09,0.301959569856769,
2020-07,2020-07-10,0.301959569856769,
2020-07,2020-07-13,0.301959569856769,
2020-07,2020-07-14,0.291587746226915,
2020-07,2020-07-15,0.291587746226915,
2020-07,2020-07-16,0.291587746226915,
2020-07,2020-07-17,0.291587746226915,
2020-07,2020-07-20,0.292082483370359,
2020-07,2020-07-21,0.292082483370359,
2020-07,2020-07-22,0.292082483370359,
2020-07,2020-07-23,0.292082483370359,
2020-07,2020-07-24,0.292082483370359,
2020-07,2020-07-27,0.288619323366245,
2020-07,2020-07-28,0.288619323366245,
2020-07,2020-07-29,0.288619323366245,
2020-07,2020-07-30,0.288619323366245,
2020-07,2020-07-31,0.288619323366245,
2020-07,2020-08-03,0.288619323366245,
2020-07,2020-08-04,0.288619323366245,
2020-07,2020-08-05,0.288619323366245,
2020-07,2020-08-06,0.288619323366245,
2020-07,2020-08-07,0.288619323366245,
2020-08,2020-08-03,0.197979521037791,
2020-08,2020-08-04,0.186383067645692,
2020-08,2020-08-05,0.186383067645692,
2020-08,2020-08-06,0.186383067645692,
2020-08,2020-08-07,0.186383067645692,
2020-08,2020-08-10,0.186383067645692,
2020-08,2020-08-11,0.179296480675501,
2020-08,2020-08-12,0.198573255305018,
2020-08,2020-08-13,0.198573255305018,
2020-08,2020-08-14,0.198573255305018,
2020-08,2020-08-17,0.196251147780451,
2020-08,2020-08-18,0.196251147780451,
2020-08,2020-08-19,0.196251147780451,
2020-08,2020-08-20,0.196251147780451,
2020-08,2020-08-21,0.196251147780451,
2020-08,2020-08-24,0.200663152077128,
2020-08,2020-08-25,0.200663152077128,
2020-08,2020-08-26,0.200663152077128,
2020-08,2020-08-27,0.200663152077128,
2020-08,2020-08-28,0.200663152077128,
2020-08,2020-08-31,0.214177817870108,
2020-08,2020-09-01,0.214177817870108,
2020-08,2020-09-02,0.214177817870108,
2020-08,2020-09-03,0.214177817870108,
2020-08,2020-09-04,0.214177817870108,
2020-08,2020-09-08,0.214177817870108,
2020-09,2020-09-01,0.136100310926637,
2020-09,2020-09-02,0.140345234690849,
2020-09,2020-09-03,0.121243077751894,
2020-09,2020-09-04,0.113083390960687,
2020-09,2020-09-08,0.0870289922123449,
2020-09,2020-09-09,0.153570685403738,
2020-09,2020-09-10,0.153570685403738,
2020-09,2020-09-11,0.165111907025936,
2020-09,2020-09-14,0.145723601333817,
2020-09,2020-09-15,0.145723601333817,
2020-09,2020-09-16,0.145723601333817,
2020-09,2020-09-17,0.145723601333817,
2020-09,2020-09-18,0.145723601333817,
2020-09,2020-09-21,0.132336437879734,
2020-09,2020-09-22,0.132336437879734,
2020-09,2020-09-23,0.132336437879734,
2020-09,2020-09-24,0.132336437879734,
2020-09,2020-09-25,0.132336437879734,
2020-09,2020-09-28,0.125642856152693,
2020-09,2020-09-29,0.125642856152693,
2020-09,2020-09-30,0.125642856152693,
2020-09,2020-10-01,0.125642856152693,
2020-09,2020-10-02,0.125642856152693,
2020-09,2020-10-05,0.125642856152693,
2020-09,2020-10-06,0.125642856152693,
2020-09,2020-10-07,0.125642856152693,
2020-10,2020-10-01,0.147823006267016,
2020-10,2020-10-02,0.0894576806631983,
2020-10,2020-10-05,0.154918078803442,
2020-10,2020-10-06,0.154918078803442,
2020-10,2020-10-07,0.154918078803442,
2020-10,2020-10-08,0.154918078803442,
2020-10,2020-10-09,0.157633098968719,
2020-10,2020-10-13,0.154183875332269,
2020-10,2020-10-14,0.154183875332269,
2020-10,2020-10-15,0.154183875332269,
2020-10,2020-10-16,0.1452158938775,
2020-10,2020-10-19,0.1452158938775,
2020-10,2020-10-20,0.1452158938775,
2020-10,2020-10-21,0.1452158938775,
2020-10,2020-10-22,0.1452158938775,
2020-10,2020-10-23,0.138662368968245,
2020-10,2020-10-26,0.138662368968245,
2020-10,2020-10-27,0.138662368968245,
2020-10,2020-10-28,0.138662368968245,
2020-10,2020-10-29,0.138662368968245,
2020-10,2020-10-30,0.138662368968245,
2020-10,2020-11-02,0.138662368968245,
2020-10,2020-11-03,0.138662368968245,
2020-10,2020-11-04,0.138662368968245,
2020-10,2020-11-05,0.138662368968245,
2020-11,2020-11-02,0.100154974130023,
2020-11,2020-11-03,0.161695308885237,
2020-11,2020-11-04,0.161695308885237,
2020-11,2020-11-05,0.161695308885237,
2020-11,2020-11-06,0.161695308885237,
2020-11,2020-11-09,0.161695308885237,
2020-11,2020-11-10,0.150533831380556,
2020-11,2020-11-12,0.143193555458525,
2020-11,2020-11-13,0.143193555458525,
2020-11,2020-11-16,0.143193555458525,
2020-11,2020-11-17,0.145981913874125,
2020-11,2020-11-18,0.145981913874125,
2020-11,2020-11-19,0.145981913874125,
2020-11,2020-11-20,0.145981913874125,
2020-11,2020-11-23,0.144587734666325,
2020-11,2020-11-24,0.144587734666325,
2020-11,2020-11-25,0.144587734666325,
2020-11,2020-11-27,0.148491436448164,
2020-11,2020-11-30,0.148491436448164,
2020-11,2020-12-01,0.148491436448164,
2020-11,2020-12-02,0.148491436448164,
2020-11,2020-12-03,0.148491436448164,
2020-11,2020-12-04,0.148491436448164,
2020-11,2020-12-07,0.148491436448164,
2020-12,2020-12-01,0.432872549876559,
2020-12,2020-12-02,0.417529214739108,
2020-12,2020-12-03,0.428385348091078,
2020-12,2020-12-04,0.43769749803299,
2020-12,2020-12-07,0.444380051229647,
2020-12,2020-12-08,0.336822811645116,
2020-12,2020-12-09,0.336822811645116,
2020-12,2020-12-10,0.339119819031123,
2020-12,2020-12-11,0.339119819031123,
2020-12,2020-12-14,0.339817413377145,
2020-12,2020-12-15,0.339817413377145,
2020-12,2020-12-16,0.339817413377145,
2020-12,2020-12-17,0.339817413377145,
2020-12,2020-12-18,0.339817413377145,
2020-12,2020-12-21,0.339817413377145,
2020-12,2020-12-22,0.369813970256094,
2020-12,2020-12-23,0.369813970256094,
2020-12,2020-12-24,0.391439394982779,
2020-12,2020-12-28,0.391439394982779,
2020-12,2020-12-29,0.391439394982779,
2020-12,2020-12-30,0.391439394982779,
2020-12,2020-12-31,0.391439394982779,
2020-12,2021-01-04,0.391439394982779,
2020-12,2021-01-05,0.391439394982779,
2020-12,2021-01-06,0.391439394982779,
2020-12,2021-01-07,0.391439394982779,
2020-12,2021-01-08,0.391439394982779,
2021-01,2021-01-04,0.22551320659012,
2021-01,2021-01-05,0.191219675778791,
2021-01,2021-01-06,0.191219675778791,
2021-01,2021-01-07,0.191219675778791,
2021-01,2021-01-08,0.191219675778791,
2021-01,2021-01-11,0.191219675778791,
2021-01,2021-01-12,0.236245320113986,
2021-01,2021-01-13,0.234781714607865,
2021-01,2021-01-14,0.234781714607865,
2021-01,2021-01-15,0.234781714607865,
2021-01,2021-01-19,0.278620026512255,
2021-01,2021-01-20,0.278620026512255,
2021-01,2021-01-21,0.278620026512255,
2021-01,2021-01-22,0.278620026512255,
2021-01,2021-01-25,0.305410106009382,
2021-01,2021-01-26,0.305410106009382,
2021-01,2021-01-27,0.305410106009382,
2021-01,2021-01-28,0.305410106009382,
2021-01,2021-01-29,0.305410106009382,
2021-01,2021-02-01,0.305410106009382,
2021-01,2021-02-02,0.305410106009382,
2021-01,2021-02-03,0.305410106009382,
2021-01,2021-02-04,0.305410106009382,
2021-01,2021-02-05,0.349056443112153,
2021-02,2021-02-01,0.192257527800245,
2021-02,2021-02-02,0.253668620981354,
2021-02,2021-02-03,0.253668620981354,
2021-02,2021-02-04,0.253668620981354,
2021-02,2021-02-05,0.253668620981354,
2021-02,2021-02-08,0.253668620981354,
2021-02,2021-02-09,0.269204628339678,
2021-02,2021-02-10,0.26066471561017,
2021-02,2021-02-11,0.26066471561017,
2021-02,2021-02-12,0.26066471561017,
2021-02,2021-02-16,0.290237525030493,
2021-02,2021-02-17,0.290237525030493,
2021-02,2021-02-18,0.290237525030493,
2021-02,2021-02-19,0.290237525030493,
2021-02,2021-02-22,0.348049032167968,
2021-02,2021-02-23,0.348049032167968,
2021-02,2021-02-24,0.348049032167968,
2021-02,2021-02-25,0.348049032167968,
2021-02,2021-02-26,0.348049032167968,
2021-02,2021-03-01,0.348049032167968,
2021-02,2021-03-02,0.348049032167968,
2021-02,2021-03-03,0.348049032167968,
2021-02,2021-03-04,0.348049032167968,
2021-02,2021-03-05,0.348049032167968,
2021-03,2021-03-01,0.140092341332828,
2021-03,2021-03-02,0.319599104576723,
2021-03,2021-03-03,0.319599104576723,
2021-03,2021-03-04,0.319599104576723,
2021-03,2021-03-05,0.319599104576723,
2021-03,2021-03-08,0.319599104576723,
2021-03,2021-03-09,0.357666734036674,
2021-03,2021-03-10,0.357762008668156,
2021-03,2021-03-11,0.357762008668156,
2021-03,2021-03-12,0.357762008668156,
2021-03,2021-03-15,0.405291658882443,
2021-03,2021-03-16,0.405291658882443,
2021-03,2021-03-17,0.405291658882443,
2021-03,2021-03-18,0.405291658882443,
2021-03,2021-03-19,0.405291658882443,
2021-03,2021-03-22,0.433453500088704,
2021-03,2021-03-23,0.433453500088704,
2021-03,2021-03-24,0.433453500088704,
2021-03,2021-03-25,0.433453500088704,
2021-03,2021-03-26,0.433453500088704,
2021-03,2021-03-29,0.447084249995973,
2021-03,2021-03-30,0.447084249995973,
2021-03,2021-03-31,0.447084249995973,
2021-03,2021-04-01,0.447084249995973,
2021-03,2021-04-02,0.447084249995973,
2021-03,2021-04-05,0.447084249995973,
2021-03,2021-04-06,0.447084249995973,
2021-03,2021-04-07,0.447084249995973,
2021-03,2021-04-08,0.447084249995973,
2021-04,2021-04-01,-0.13266564138209,
2021-04,2021-04-02,-0.125544442059957,
2021-04,2021-04-05,-0.107741443754623,
2021-04,2021-04-06,0.0739004749578786,
2021-04,2021-04-07,0.0739004749578786,
2021-04,2021-04-08,0.0739004749578786,
2021-04,2021-04-09,0.0739004749578786,
2021-04,2021-04-12,0.0739004749578786,
2021-04,2021-04-13,0.0796215812205227,
2021-04,2021-04-14,0.0796215812205227,
2021-04,2021-04-15,0.0796215812205227,
2021-04,2021-04-16,0.0796215812205227,
2021-04,2021-04-19,0.0807418330444916,
2021-04,2021-04-20,0.0807418330444916,
2021-04,2021-04-21,0.0807418330444916,
2021-04,2021-04-22,0.0807418330444916,
2021-04,2021-04-23,0.0807418330444916,
2021-04,2021-04-26,0.0860630292083403,
2021-04,2021-04-27,0.0860630292083403,
2021-04,2021-04-28,0.0860630292083403,
2021-04,2021-04-29,0.0860630292083403,
2021-04,2021-04-30,0.0860630292083403,
2021-04,2021-05-03,0.0860630292083403,
2021-04,2021-05-04,0.0860630292083403,
2021-04,2021-05-05,0.0860630292083403,
2021-04,2021-05-06,0.0860630292083403,
2021-04,2021-05-07,0.0860630292083403,
2021-05,2021-05-03,-0.0584907705341509,
2021-05,2021-05-04,0.0461042260486181,
2021-05,2021-05-05,0.0461042260486181,
2021-05,2021-05-06,0.0461042260486181,
2021-05,2021-05-07,0.0461042260486181,
2021-05,2021-05-10,0.0461042260486181,
2021-05,2021-05-11,0.0846459812787328,
2021-05,2021-05-12,0.144805196415975,
2021-05,2021-05-13,0.144805196415975,
2021-05,2021-05-14,0.144805196415975,
2021-05,2021-05-17,0.180874066604869,
2021-05,2021-05-18,0.180874066604869,
2021-05,2021-05-19,0.180874066604869,
2021-05,2021-05-20,0.180874066604869,
2021-05,2021-05-21,0.180874066604869,
2021-05,2021-05-24,0.197317228014512,
2021-05,2021-05-25,0.197317228014512,
2021-05,2021-05-26,0.197317228014512,
2021-05,2021-05-27,0.197317228014512,
2021-05,2021-05-28,0.197317228014512,
2021-05,2021-06-01,0.208668313632782,
2021-05,2021-06-02,0.208668313632782,
2021-05,2021-06-03,0.208668313632782,
2021-05,2021-06-04,0.208668313632782,
2021-05,2021-06-07,0.208668313632782,
2021-06,2021-06-01,0.171347854089167,
2021-06,2021-06-02,0.190260304191393,
2021-06,2021-06-03,0.199277887923353,
2021-06,2021-06-04,0.201247245290103,
2021-06,2021-06-07,0.205393260799051,
2021-06,2021-06-08,0.295727466176264,
2021-06,2021-06-09,0.295727466176264,
2021-06,2021-06-10,0.333184195816543,
2021-06,2021-06-11,0.333184195816543,
2021-06,2021-06-14,0.349858175423158,
2021-06,2021-06-15,0.349858175423158,
2021-06,2021-06-16,0.349858175423158,
2021-06,2021-06-17,0.349858175423158,
2021-06,2021-06-18,0.349858175423158,
2021-06,2021-06-21,0.352721384042475,
2021-06,2021-06-22,0.352721384042475,
2021-06,2021-06-23,0.352721384042475,
2021-06,2021-06-24,0.352721384042475,
2021-06,2021-06-25,0.352721384042475,
2021-06,2021-06-28,0.362237342100795,
2021-06,2021-06-29,0.362237342100795,
2021-06,2021-06-30,0.362237342100795,
2021-06,2021-07-01,0.362237342100795,
2021-06,2021-07-02,0.362237342100795,
2021-06,2021-07-06,0.362237342100795,
2021-06,2021-07-07,0.362237342100795,
2021-06,2021-07-08,0.362237342100795,
2021-07,2021-07-01,0.216556340450065,
2021-07,2021-07-02,0.236982477325949,
2021-07,2021-07-06,0.252319273700771,
2021-07,2021-07-07,0.328705484045787,
2021-07,2021-07-08,0.328705484045787,
2021-07,2021-07-09,0.328705484045787,
2021-07,2021-07-12,0.328705484045787,
2021-07,2021-07-13,0.383320315604575,
2021-07,2021-07-14,0.383320315604575,
2021-07,2021-07-15,0.383320315604575,
2021-07,2021-07-16,0.383320315604575,
2021-07,2021-07-19,0.391434902919012,
2021-07,2021-07-20,0.391434902919012,
2021-07,2021-07-21,0.391434902919012,
2021-07,2021-07-22,0.391434902919012,
2021-07,2021-07-23,0.391434902919012,
2021-07,2021-07-26,0.391912231584567,
2021-07,2021-07-27,0.391912231584567,
2021-07,2021-07-28,0.391912231584567,
2021-07,2021-07-29,0.391912231584567,
2021-07,2021-07-30,0.391912231584567,
2021-07,2021-08-02,0.391912231584567,
2021-07,2021-08-03,0.391912231584567,
2021-07,2021-08-04,0.391912231584567,
2021-07,2021-08-05,0.391912231584567,
2021-07,2021-08-06,0.391912231584567,
2021-08,2021-08-02,0.318465467009441,
2021-08,2021-08-03,0.400827642922697,
2021-08,2021-08-04,0.400827642922697,
2021-08,2021-08-05,0.400827642922697,
2021-08,2021-08-06,0.400827642922697,
2021-08,2021-08-09,0.400827642922697,
2021-08,2021-08-10,0.406891253647007,
2021-08,2021-08-11,0.411849261876315,
2021-08,2021-08-12,0.411849261876315,
2021-08,2021-08-13,0.411849261876315,
2021-08,2021-08-16,0.414846112776762,
2021-08,2021-08-17,0.414846112776762,
2021-08,2021-08-18,0.414846112776762,
2021-08,2021-08-19,0.414846112776762,
2021-08,2021-08-20,0.414846112776762,
2021-08,2021-08-23,0.409483326954909,
2021-08,2021-08-24,0.409483326954909,
2021-08,2021-08-25,0.409483326954909,
2021-08,2021-08-26,0.409483326954909,
2021-08,2021-08-27,0.409483326954909,
2021-08,2021-08-30,0.405130006699523,
2021-08,2021-08-31,0.405130006699523,
2021-08,2021-09-01,0.405130006699523,
2021-08,2021-09-02,0.405130006699523,
2021-08,2021-09-03,0.405130006699523,
2021-08,2021-09-07,0.405130006699523,
2021-08,2021-09-08,0.405130006699523,
2021-08,2021-09-09,0.405130006699523,
2021-09,2021-09-01,0.299032200509765,
2021-09,2021-09-02,0.297998252661613,
2021-09,2021-09-03,0.313404075599078,
2021-09,2021-09-07,0.314489720839638,
2021-09,2021-09-08,0.374980454174526,
2021-09,2021-09-09,0.374980454174526,
2021-09,2021-09-10,0.374980454174526,
2021-09,2021-09-13,0.374980454174526,
2021-09,2021-09-14,0.358033659353476,
2021-09,2021-09-15,0.358033659353476,
2021-09,2021-09-16,0.358033659353476,
2021-09,2021-09-17,0.358033659353476,
2021-09,2021-09-20,0.361939446061257,
2021-09,2021-09-21,0.361939446061257,
2021-09,2021-09-22,0.361939446061257,
2021-09,2021-09-23,0.361939446061257,
2021-09,2021-09-24,0.361939446061257,
2021-09,2021-09-27,0.361783214592945,
2021-09,2021-09-28,0.361783214592945,
2021-09,2021-09-29,0.361783214592945,
2021-09,2021-09-30,0.361783214592945,
2021-09,2021-10-01,0.361783214592945,
2021-09,2021-10-04,0.361783214592945,
2021-09,2021-10-05,0.361783214592945,
2021-09,2021-10-06,0.361783214592945,
2021-09,2021-10-07,0.361783214592945,
2021-10,2021-10-01,0.395271312384218,
2021-10,2021-10-04,0.39602748607162,
2021-10,2021-10-05,0.39602748607162,
2021-10,2021-10-06,0.39602748607162,
2021-10,2021-10-07,0.39602748607162,
2021-10,2021-10-08,0.39602748607162,
2021-10,2021-10-12,0.43553546700114,
2021-10,2021-10-13,0.43553546700114,
2021-10,2021-10-14,0.43553546700114,
2021-10,2021-10-15,0.464848579074208,
2021-10,2021-10-18,0.464848579074208,
2021-10,2021-10-19,0.464848579074208,
2021-10,2021-10-20,0.464848579074208,
2021-10,2021-10-21,0.464848579074208,
2021-10,2021-10-22,0.493613050012219,
2021-10,2021-10-25,0.493613050012219,
2021-10,2021-10-26,0.493613050012219,
2021-10,2021-10-27,0.493613050012219,
2021-10,2021-10-28,0.493613050012219,
2021-10,2021-10-29,0.493613050012219,
2021-10,2021-11-01,0.493613050012219,
2021-10,2021-11-02,0.493613050012219,
2021-10,2021-11-03,0.493613050012219,
2021-10,2021-11-04,0.493613050012219,
2021-11,2021-11-01,0.388481798397948,
2021-11,2021-11-02,0.522141777951743,
2021-11,2021-11-03,0.522141777951743,
2021-11,2021-11-04,0.522141777951743,
2021-11,2021-11-05,0.522141777951743,
2021-11,2021-11-08,0.522141777951743,
2021-11,2021-11-09,0.531688303923562,
2021-11,2021-11-10,0.57119320664826,
2021-11,2021-11-12,0.57119320664826,
2021-11,2021-11-15,0.571350552348093,
2021-11,2021-11-16,0.571350552348093,
2021-11,2021-11-17,0.571350552348093,
2021-11,2021-11-18,0.571350552348093,
2021-11,2021-11-19,0.571350552348093,
2021-11,2021-11-22,0.570957188098509,
2021-11,2021-11-23,0.570957188098509,
2021-11,2021-11-24,0.570957188098509,
2021-11,2021-11-26,0.56788894695175,
2021-11,2021-11-29,0.56788894695175,
2021-11,2021-11-30,0.56788894695175,
2021-11,2021-12-01,0.56788894695175,
2021-11,2021-12-02,0.56788894695175,
2021-11,2021-12-03,0.56788894695175,
2021-11,2021-12-06,0.56788894695175,
2021-11,2021-12-07,0.56788894695175,
2021-12,2021-12-01,0.135092008807369,
2021-12,2021-12-02,0.130958094815546,
2021-12,2021-12-03,0.142489539108525,
2021-12,2021-12-06,0.141401667005414,
2021-12,2021-12-07,0.40389664585766,
2021-12,2021-12-08,0.40389664585766,
2021-12,2021-12-09,0.40389664585766,
2021-12,2021-12-10,0.420285410429762,
2021-12,2021-12-13,0.408317764395876,
2021-12,2021-12-14,0.408317764395876,
2021-12,2021-12-15,0.408317764395876,
2021-12,2021-12-16,0.408317764395876,
2021-12,2021-12-17,0.408317764395876,
2021-12,2021-12-20,0.398498157393714,
2021-12,2021-12-21,0.398498157393714,
2021-12,2021-12-22,0.398498157393714,
2021-12,2021-12-23,0.398498157393714,
2021-12,2021-12-24,0.388985413110369,
2021-12,2021-12-27,0.388985413110369,
2021-12,2021-12-28,0.388985413110369,
2021-12,2021-12-29,0.388985413110369,
2021-12,2021-12-30,0.388985413110369,
2021-12,2021-12-31,0.388985413110369,
2021-12,2022-01-03,0.388985413110369,
2021-12,2022-01-04,0.388985413110369,
2021-12,2022-01-05,0.388985413110369,
2021-12,2022-01-06,0.388985413110369,
2021-12,2022-01-07,0.388985413110369,
2022-01,2022-01-03,0.456474228487913,
2022-01,2022-01-04,0.432345377993151,
2022-01,2022-01-05,0.432345377993151,
2022-01,2022-01-06,0.432345377993151,
2022-01,2022-01-07,0.432345377993151,
2022-01,2022-01-10,0.432345377993151,
2022-01,2022-01-11,0.438478533058373,
2022-01,2022-01-12,0.445204576881296,
2022-01,2022-01-13,0.445204576881296,
2022-01,2022-01-14,0.445204576881296,
2022-01,2022-01-17,0.445204576881296,
2022-01,2022-01-18,0.450436215138411,
2022-01,2022-01-19,0.450436215138411,
2022-01,2022-01-20,0.450436215138411,
2022-01,2022-01-21,0.450436215138411,
2022-01,2022-01-24,0.457094663829285,
2022-01,2022-01-25,0.457094663829285,
2022-01,2022-01-26,0.457094663829285,
2022-01,2022-01-27,0.457094663829285,
2022-01,2022-01-28,0.457094663829285,
2022-01,2022-01-31,0.469270112864026,
2022-01,2022-02-01,0.469270112864026,
2022-01,2022-02-02,0.469270112864026,
2022-01,2022-02-03,0.469270112864026,
2022-01,2022-02-04,0.427111543925782,
2022-01,2022-02-07,0.427111543925782,
2022-02,2022-02-01,0.528903244976112,
2022-02,2022-02-02,0.523075999571758,
2022-02,2022-02-03,0.529252879700373,
2022-02,2022-02-04,0.542888633946561,
2022-02,2022-02-07,0.563924989856278,
2022-02,2022-02-08,0.632265468400095,
2022-02,2022-02-09,0.632265468400095,
2022-02,2022-02-10,0.652545845271931,
2022-02,2022-02-11,0.652545845271931,
2022-02,2022-02-14,0.672415357100043,
2022-02,2022-02-15,0.672415357100043,
2022-02,2022-02-16,0.672415357100043,
2022-02,2022-02-17,0.672415357100043,
2022-02,2022-02-18,0.672415357100043,
2022-02,2022-02-22,0.692284868928155,
2022-02,2022-02-23,0.692284868928155,
2022-02,2022-02-24,0.692284868928155,
2022-02,2022-02-25,0.692284868928155,
2022-02,2022-02-28,0.720009769153428,
2022-02,2022-03-01,0.720009769153428,
2022-02,2022-03-02,0.720009769153428,
2022-02,2022-03-03,0.720009769153428,
2022-02,2022-03-04,0.720009769153428,
2022-02,2022-03-07,0.720009769153428,
2022-03,2022-03-01,0.547951027302989,
2022-03,2022-03-02,0.722663528293844,
2022-03,2022-03-03,0.806876687890553,
2022-03,2022-03-04,0.812837722353641,
2022-03,2022-03-07,0.855161067041562,
2022-03,2022-03-08,1.00058396152945,
2022-03,2022-03-09,1.00058396152945,
2022-03,2022-03-10,1.00360564867177,
2022-03,2022-03-11,1.00360564867177,
2022-03,2022-03-14,1.09786639520031,
2022-03,2022-03-15,1.09786639520031,
2022-03,2022-03-16,1.09786639520031,
2022-03,2022-03-17,1.09786639520031,
2022-03,2022-03-18,1.09786639520031,
2022-03,2022-03-21,1.10882024342075,
2022-03,2022-03-22,1.10882024342075,
2022-03,2022-03-23,1.10882024342075,
2022-03,2022-03-24,1.10882024342075,
2022-03,2022-03-25,1.10882024342075,
2022-03,2022-03-28,1.11235141817602,
2022-03,2022-03-29,1.11235141817602,
2022-03,2022-03-30,1.11235141817602,
2022-03,2022-03-31,1.11235141817602,
2022-03,2022-04-01,1.11235141817602,
2022-03,2022-04-04,1.11235141817602,
2022-03,2022-04-05,1.11235141817602,
2022-03,2022-04-06,1.11235141817602,
2022-03,2022-04-07,1.11235141817602,
2022-04,2022-04-01,0.259264016717346,
2022-04,2022-04-04,0.203610531416801,
2022-04,2022-04-05,0.365438908395517,
2022-04,2022-04-06,0.365438908395517,
2022-04,2022-04-07,0.365438908395517,
2022-04,2022-04-08,0.365438908395517,
2022-04,2022-04-11,0.365438908395517,
2022-04,2022-04-12,0.302945983734384,
2022-04,2022-04-13,0.302945983734384,
2022-04,2022-04-14,0.302945983734384,
2022-04,2022-04-15,0.302945983734384,
2022-04,2022-04-18,0.285249586840141,
2022-04,2022-04-19,0.285249586840141,
2022-04,2022-04-20,0.285249586840141,
2022-04,2022-04-21,0.285249586840141,
2022-04,2022-04-22,0.285249586840141,
2022-04,2022-04-25,0.284773145385296,
2022-04,2022-04-26,0.284773145385296,
2022-04,2022-04-27,0.284773145385296,
2022-04,2022-04-28,0.284773145385296,
2022-04,2022-04-29,0.284773145385296,
2022-04,2022-05-02,0.284773145385296,
2022-04,2022-05-03,0.284773145385296,
2022-04,2022-05-04,0.284773145385296,
2022-04,2022-05-05,0.284773145385296,
2022-04,2022-05-06,0.284773145385296,
2022-05,2022-05-02,0.399679075471738,
2022-05,2022-05-03,0.451821708043813,
2022-05,2022-05-04,0.451821708043813,
2022-05,2022-05-05,0.451821708043813,
2022-05,2022-05-06,0.451821708043813,
2022-05,2022-05-09,0.451821708043813,
2022-05,2022-05-10,0.511730800873056,
2022-05,2022-05-11,0.505515571536847,
2022-05,2022-05-12,0.505515571536847,
2022-05,2022-05-13,0.505515571536847,
2022-05,2022-05-16,0.574687589263965,
2022-05,2022-05-17,0.574687589263965,
2022-05,2022-05-18,0.574687589263965,
2022-05,2022-05-19,0.574687589263965,
2022-05,2022-05-20,0.574687589263965,
2022-05,2022-05-23,0.632060542133579,
2022-05,2022-05-24,0.632060542133579,
2022-05,2022-05-25,0.632060542133579,
2022-05,2022-05-26,0.632060542133579,
2022-05,2022-05-27,0.632060542133579,
2022-05,2022-05-31,0.672324850959812,
2022-05,2022-06-01,0.672324850959812,
2022-05,2022-06-02,0.672324850959812,
2022-05,2022-06-03,0.672324850959812,
2022-05,2022-06-06,0.672324850959812,
2022-05,2022-06-07,0.672324850959812,
2022-06,2022-06-01,0.62666801252769,
2022-06,2022-06-02,0.623167022275439,
2022-06,2022-06-03,0.621299827474239,
2022-06,2022-06-06,0.63499258934971,
2022-06,2022-06-07,0.900894684052384,
2022-06,2022-06-08,0.900894684052384,
2022-06,2022-06-09,0.900894684052384,
2022-06,2022-06-10,0.926388311076157,
2022-06,2022-06-13,0.97903555709468,
2022-06,2022-06-14,0.97903555709468,
2022-06,2022-06-15,0.97903555709468,
2022-06,2022-06-16,0.97903555709468,
2022-06,2022-06-17,0.97903555709468,
2022-06,2022-06-21,0.97903555709468,
2022-06,2022-06-22,0.97903555709468,
2022-06,2022-06-23,0.97903555709468,
2022-06,2022-06-24,0.97903555709468,
2022-06,2022-06-27,0.97903555709468,
2022-06,2022-06-28,0.97903555709468,
2022-06,2022-06-29,0.971138470191902,
2022-06,2022-06-30,0.971138470191902,
2022-06,2022-07-01,0.971138470191902,
2022-06,2022-07-05,0.971138470191902,
2022-06,2022-07-06,0.971138470191902,
2022-06,2022-07-07,0.971138470191902,
2022-06,2022-07-08,0.971138470191902,
2022-07,2022-07-01,0.285333094395049,
2022-07,2022-07-05,0.350850606976302,
2022-07,2022-07-06,0.427766570131807,
2022-07,2022-07-07,0.427766570131807,
2022-07,2022-07-08,0.427766570131807,
2022-07,2022-07-11,0.427766570131807,
2022-07,2022-07-12,0.38204575149773,
2022-07,2022-07-13,0.387218851683674,
2022-07,2022-07-14,0.387218851683674,
2022-07,2022-07-15,0.387218851683674,
2022-07,2022-07-18,0.328993685957169,
2022-07,2022-07-19,0.328993685957169,
2022-07,2022-07-20,0.328993685957169,
2022-07,2022-07-21,0.328993685957169,
2022-07,2022-07-22,0.328993685957169,
2022-07,2022-07-25,0.26795765016111,
2022-07,2022-07-26,0.26795765016111,
2022-07,2022-07-27,0.26795765016111,
2022-07,2022-07-28,0.26795765016111,
2022-07,2022-07-29,0.26795765016111,
2022-07,2022-08-01,0.26795765016111,
2022-07,2022-08-02,0.26795765016111,
2022-07,2022-08-03,0.26795765016111,
2022-07,2022-08-04,0.26795765016111,
2022-07,2022-08-05,0.26795765016111,
2022-08,2022-08-01,0.535866796627907,
2022-08,2022-08-02,0.32328971652423,
2022-08,2022-08-03,0.32328971652423,
2022-08,2022-08-04,0.32328971652423,
2022-08,2022-08-05,0.32328971652423,
2022-08,2022-08-08,0.32328971652423,
2022-08,2022-08-09,0.257058074375541,
2022-08,2022-08-10,0.189118868276195,
2022-08,2022-08-11,0.189118868276195,
2022-08,2022-08-12,0.189118868276195,
2022-08,2022-08-15,0.133589265828659,
2022-08,2022-08-16,0.133589265828659,
2022-08,2022-08-17,0.133589265828659,
2022-08,2022-08-18,0.133589265828659,
2022-08,2022-08-19,0.133589265828659,
2022-08,2022-08-22,0.0921386985625802,
2022-08,2022-08-23,0.0921386985625802,
2022-08,2022-08-24,0.0921386985625802,
2022-08,2022-08-25,0.0921386985625802,
2022-08,2022-08-26,0.0921386985625802,
2022-08,2022-08-29,0.0568860529294564,
2022-08,2022-08-30,0.0568860529294564,
2022-08,2022-08-31,0.0568860529294564,
2022-08,2022-09-01,0.0568860529294564,
2022-08,2022-09-02,0.0568860529294564,
2022-08,2022-09-06,0.0568860529294564,
2022-08,2022-09-07,0.0568860529294564,
2022-08,2022-09-08,0.0568860529294564,
2022-09,2022-09-01,0.534213676829422,
2022-09,2022-09-02,0.384199319335416,
2022-09,2022-09-06,0.419768543437151,
2022-09,2022-09-07,0.356873276999443,
2022-09,2022-09-08,0.356873276999443,
2022-09,2022-09-09,0.356873276999443,
2022-09,2022-09-12,0.356873276999443,
2022-09,2022-09-13,0.331853711341414,
2022-09,2022-09-14,0.331853711341414,
2022-09,2022-09-15,0.331853711341414,
2022-09,2022-09-16,0.331853711341414,
2022-09,2022-09-19,0.309880504489,
2022-09,2022-09-20,0.309880504489,
2022-09,2022-09-21,0.309880504489,
2022-09,2022-09-22,0.309880504489,
2022-09,2022-09-23,0.309880504489,
2022-09,2022-09-26,0.315373806202104,
2022-09,2022-09-27,0.315373806202104,
2022-09,2022-09-28,0.315373806202104,
2022-09,2022-09-29,0.315373806202104,
2022-09,2022-09-30,0.315373806202104,
2022-09,2022-10-03,0.315373806202104,
2022-09,2022-10-04,0.315373806202104,
2022-09,2022-10-05,0.315373806202104,
2022-09,2022-10-06,0.315373806202104,
2022-09,2022-10-07,0.315373806202104,
2022-10,2022-10-03,0.411189875288922,
2022-10,2022-10-04,0.723680814030847,
2022-10,2022-10-05,0.723680814030847,
2022-10,2022-10-06,0.723680814030847,
2022-10,2022-10-07,0.723680814030847,
2022-10,2022-10-11,0.723680814030847,
2022-10,2022-10-12,0.796010787783749,
2022-10,2022-10-13,0.801413174415115,
2022-10,2022-10-14,0.801413174415115,
2022-10,2022-10-17,0.801413174415115,
2022-10,2022-10-18,0.808529987829481,
2022-10,2022-10-19,0.808529987829481,
2022-10,2022-10-20,0.808529987829481,
2022-10,2022-10-21,0.808529987829481,
2022-10,2022-10-24,0.782370889873974,
2022-10,2022-10-25,0.782370889873974,
2022-10,2022-10-26,0.782370889873974,
2022-10,2022-10-27,0.782370889873974,
2022-10,2022-10-28,0.782370889873974,
2022-10,2022-10-31,0.759750963994799,
2022-10,2022-11-01,0.759750963994799,
2022-10,2022-11-02,0.759750963994799,
2022-10,2022-11-03,0.759750963994799,
2022-10,2022-11-04,0.759750963994799,
2022-10,2022-11-07,0.759750963994799,
2022-11,2022-11-01,0.582362653981011,
2022-11,2022-11-02,0.669535397088211,
2022-11,2022-11-03,0.694258759103909,
2022-11,2022-11-04,0.686506001138493,
2022-11,2022-11-07,0.713854312701535,
2022-11,2022-11-08,0.617073971734831,
2022-11,2022-11-09,0.617073971734831,
2022-11,2022-11-10,0.591038074642433,
2022-11,2022-11-14,0.572458507807586,
2022-11,2022-11-15,0.572458507807586,
2022-11,2022-11-16,0.572458507807586,
2022-11,2022-11-17,0.572458507807586,
2022-11,2022-11-18,0.572458507807586,
2022-11,2022-11-21,0.523851358209351,
2022-11,2022-11-22,0.523851358209351,
2022-11,2022-11-23,0.523851358209351,
2022-11,2022-11-25,0.523851358209351,
2022-11,2022-11-28,0.46745580433186,
2022-11,2022-11-29,0.46745580433186,
2022-11,2022-11-30,0.46745580433186,
2022-11,2022-12-01,0.46745580433186,
2022-11,2022-12-02,0.46745580433186,
2022-11,2022-12-05,0.46745580433186,
2022-11,2022-12-06,0.46745580433186,
2022-11,2022-12-07,0.46745580433186,
2022-11,2022-12-08,0.46745580433186,
2022-12,2022-12-01,0.51271814346605,
2022-12,2022-12-02,0.515972148143229,
2022-12,2022-12-05,0.365715410001581,
2022-12,2022-12-06,0.365715410001581,
2022-12,2022-12-07,0.365715410001581,
2022-12,2022-12-08,0.365715410001581,
2022-12,2022-12-09,0.365715410001581,
2022-12,2022-12-12,0.244696277919165,
2022-12,2022-12-13,0.244696277919165,
2022-12,2022-12-14,0.244696277919165,
2022-12,2022-12-15,0.244696277919165,
2022-12,2022-12-16,0.16837939538097,
2022-12,2022-12-19,0.16837939538097,
2022-12,2022-12-20,0.16837939538097,
2022-12,2022-12-21,0.16837939538097,
2022-12,2022-12-22,0.16837939538097,
2022-12,2022-12-23,0.121098241931858,
2022-12,2022-12-27,0.121098241931858,
2022-12,2022-12-28,0.121098241931858,
2022-12,2022-12-29,0.121098241931858,
2022-12,2022-12-30,0.121098241931858,
2022-12,2023-01-03,0.121098241931858,
2022-12,2023-01-04,0.121098241931858,
2022-12,2023-01-05,0.121098241931858,
2022-12,2023-01-06,0.121098241931858,
2023-01,2023-01-03,0.655603813066511,
2023-01,2023-01-04,0.495344084238797,
2023-01,2023-01-05,0.495344084238797,
2023-01,2023-01-06,0.495344084238797,
2023-01,2023-01-09,0.495344084238797,
2023-01,2023-01-10,0.518892544106646,
2023-01,2023-01-11,0.518892544106646,
2023-01,2023-01-12,0.498551297309104,
2023-01,2023-01-13,0.498551297309104,
2023-01,2023-01-17,0.528264445038145,
2023-01,2023-01-18,0.528264445038145,
2023-01,2023-01-19,0.528264445038145,
2023-01,2023-01-20,0.528264445038145,
2023-01,2023-01-23,0.577126065748126,
2023-01,2023-01-24,0.577126065748126,
2023-01,2023-01-25,0.577126065748126,
2023-01,2023-01-26,0.577126065748126,
2023-01,2023-01-27,0.577126065748126,
2023-01,2023-01-30,0.626251803326807,
2023-01,2023-01-31,0.626251803326807,
2023-01,2023-02-01,0.626251803326807,
2023-01,2023-02-02,0.626251803326807,
2023-01,2023-02-03,0.626251803326807,
2023-01,2023-02-06,0.626251803326807,
2023-01,2023-02-07,0.626251803326807,
2023-01,2023-02-08,0.647054090382272,
2023-01,2023-02-09,0.647054090382272,
2023-02,2023-02-01,0.600944338152598,
2023-02,2023-02-02,0.487977931714362,
2023-02,2023-02-03,0.491729583588695,
2023-02,2023-02-06,0.456158365817244,
2023-02,2023-02-07,0.677236720864377,
2023-02,2023-02-08,0.677236720864377,
2023-02,2023-02-09,0.677236720864377,
2023-02,2023-02-10,0.608574344002307,
2023-02,2023-02-13,0.608574344002307,
2023-02,2023-02-14,0.568014018967677,
2023-02,2023-02-15,0.568014018967677,
2023-02,2023-02-16,0.568014018967677,
2023-02,2023-02-17,0.568014018967677,
2023-02,2023-02-21,0.554658458366899,
2023-02,2023-02-22,0.554658458366899,
2023-02,2023-02-23,0.554658458366899,
2023-02,2023-02-24,0.554658458366899,
2023-02,2023-02-27,0.536749865743129,
2023-02,2023-02-28,0.536749865743129,
2023-02,2023-03-01,0.536749865743129,
2023-02,2023-03-02,0.536749865743129,
2023-02,2023-03-03,0.536749865743129,
2023-02,2023-03-06,0.536749865743129,
2023-02,2023-03-07,0.536749865743129,
2023-02,2023-03-08,0.536749865743129,
2023-02,2023-03-09,0.536749865743129,
2023-03,2023-03-01,0.261301263936878,
2023-03,2023-03-02,0.264820253883461,
2023-03,2023-03-03,0.280655708643081,
2023-03,2023-03-06,0.303268477373896,
2023-03,2023-03-07,0.273968995315779,
2023-03,2023-03-08,0.273968995315779,
2023-03,2023-03-09,0.273968995315779,
2023-03,2023-03-10,0.273968995315779,
2023-03,2023-03-13,0.273968995315779,
2023-03,2023-03-14,0.302372333778508,
2023-03,2023-03-15,0.302372333778508,
2023-03,2023-03-16,0.302372333778508,
2023-03,2023-03-17,0.302372333778508,
2023-03,2023-03-20,0.301380018664686,
2023-03,2023-03-21,0.301380018664686,
2023-03,2023-03-22,0.301380018664686,
2023-03,2023-03-23,0.301380018664686,
2023-03,2023-03-24,0.301380018664686,
2023-03,2023-03-27,0.300586166573628,
2023-03,2023-03-28,0.300586166573628,
2023-03,2023-03-29,0.300586166573628,
2023-03,2023-03-30,0.300586166573628,
2023-03,2023-03-31,0.300586166573628,
2023-03,2023-04-03,0.300586166573628,
2023-03,2023-04-04,0.300586166573628,
2023-03,2023-04-05,0.300586166573628,
2023-03,2023-04-06,0.300586166573628,
2023-03,2023-04-07,0.300586166573628,
2023-04,2023-04-03,0.367358254881836,
2023-04,2023-04-04,0.49977229092452,
2023-04,2023-04-05,0.49977229092452,
2023-04,2023-04-06,0.49977229092452,
2023-04,2023-04-07,0.49977229092452,
2023-04,2023-04-10,0.49977229092452,
2023-04,2023-04-11,0.556973643006596,
2023-04,2023-04-12,0.54092116866527,
2023-04,2023-04-13,0.54092116866527,
2023-04,2023-04-14,0.54092116866527,
2023-04,2023-04-17,0.586921564470407,
2023-04,2023-04-18,0.586921564470407,
2023-04,2023-04-19,0.586921564470407,
2023-04,2023-04-20,0.586921564470407,
2023-04,2023-04-21,0.586921564470407,
2023-04,2023-04-24,0.608716511827863,
2023-04,2023-04-25,0.608716511827863,
2023-04,2023-04-26,0.608716511827863,
2023-04,2023-04-27,0.608716511827863,
2023-04,2023-04-28,0.608716511827863,
2023-04,2023-05-01,0.608716511827863,
2023-04,2023-05-02,0.608716511827863,
2023-04,2023-05-03,0.608716511827863,
2023-04,2023-05-04,0.608716511827863,
2023-04,2023-05-05,0.608716511827863,
2023-05,2023-05-01,0.04167717668721,
2023-05,2023-05-02,0.25887730480674,
2023-05,2023-05-03,0.25887730480674,
2023-05,2023-05-04,0.25887730480674,
2023-05,2023-05-05,0.25887730480674,
2023-05,2023-05-08,0.25887730480674,
2023-05,2023-05-09,0.220413710471735,
2023-05,2023-05-10,0.203946021297598,
2023-05,2023-05-11,0.203946021297598,
2023-05,2023-05-12,0.203946021297598,
2023-05,2023-05-15,0.19239065615902,
2023-05,2023-05-16,0.19239065615902,
2023-05,2023-05-17,0.19239065615902,
2023-05,2023-05-18,0.19239065615902,
2023-05,2023-05-19,0.19239065615902,
2023-05,2023-05-22,0.186044676943572,
2023-05,2023-05-23,0.186044676943572,
2023-05,2023-05-24,0.186044676943572,
2023-05,2023-05-25,0.186044676943572,
2023-05,2023-05-26,0.186044676943572,
2023-05,2023-05-30,0.191102517094392,
2023-05,2023-05-31,0.191102517094392,
2023-05,2023-06-01,0.191102517094392,
2023-05,2023-06-02,0.191102517094392,
2023-05,2023-06-05,0.191102517094392,
2023-05,2023-06-06,0.191102517094392,
2023-05,2023-06-07,0.191102517094392,
2023-05,2023-06-08,0.191102517094392,
2023-06,2023-06-01,0.186413249807683,
2023-06,2023-06-02,0.256499592852785,
2023-06,2023-06-05,0.278020671016091,
2023-06,2023-06-06,0.394616465603693,
2023-06,2023-06-07,0.394616465603693,
2023-06,2023-06-08,0.394616465603693,
2023-06,2023-06-09,0.394616465603693,
2023-06,2023-06-12,0.394616465603693,
2023-06,2023-06-13,0.420073402250647,
2023-06,2023-06-14,0.420073402250647,
2023-06,2023-06-15,0.420073402250647,
2023-06,2023-06-16,0.420073402250647,
2023-06,2023-06-20,0.423509556051433,
2023-06,2023-06-21,0.423509556051433,
2023-06,2023-06-22,0.423509556051433,
2023-06,2023-06-23,0.423509556051433,
2023-06,2023-06-26,0.423795902201497,
2023-06,2023-06-27,0.423795902201497,
2023-06,2023-06-28,0.423795902201497,
2023-06,2023-06-29,0.423795902201497,
2023-06,2023-06-30,0.423795902201497,
2023-06,2023-07-03,0.423795902201497,
2023-06,2023-07-05,0.423795902201497,
2023-06,2023-07-06,0.423795902201497,
2023-06,2023-07-07,0.423795902201497,
2023-07,2023-07-03,0.275192921893271,
2023-07,2023-07-05,0.344649667317929,
2023-07,2023-07-06,0.344649667317929,
2023-07,2023-07-07,0.344649667317929,
2023-07,2023-07-10,0.344649667317929,
2023-07,2023-07-11,0.356047398257686,
2023-07,2023-07-12,0.337836100083504,
2023-07,2023-07-13,0.337836100083504,
2023-07,2023-07-14,0.337836100083504,
2023-07,2023-07-17,0.346669549606626,
2023-07,2023-07-18,0.346669549606626,
2023-07,2023-07-19,0.346669549606626,
2023-07,2023-07-20,0.346669549606626,
2023-07,2023-07-21,0.346669549606626,
2023-07,2023-07-24,0.361167928715229,
2023-07,2023-07-25,0.361167928715229,
2023-07,2023-07-26,0.361167928715229,
2023-07,2023-07-27,0.361167928715229,
2023-07,2023-07-28,0.361167928715229,
2023-07,2023-07-31,0.406276130736562,
2023-07,2023-08-01,0.406276130736562,
2023-07,2023-08-02,0.406276130736562,
2023-07,2023-08-03,0.406276130736562,
2023-07,2023-08-04,0.406276130736562,
2023-07,2023-08-07,0.406276130736562,
2023-08,2023-08-01,0.640971350655364,
2023-08,2023-08-02,0.640588817811312,
2023-08,2023-08-03,0.599849069919812,
2023-08,2023-08-04,0.615851693895973,
2023-08,2023-08-07,0.635902790471679,
2023-08,2023-08-08,0.792889018014915,
2023-08,2023-08-09,0.792889018014915,
2023-08,2023-08-10,0.773037839170409,
2023-08,2023-08-11,0.773037839170409,
2023-08,2023-08-14,0.785627148426092,
2023-08,2023-08-15,0.785627148426092,
2023-08,2023-08-16,0.785627148426092,
2023-08,2023-08-17,0.785627148426092,
2023-08,2023-08-18,0.785627148426092,
2023-08,2023-08-21,0.798216457681776,
2023-08,2023-08-22,0.798216457681776,
2023-08,2023-08-23,0.798216457681776,
2023-08,2023-08-24,0.798216457681776,
2023-08,2023-08-25,0.798216457681776,
2023-08,2023-08-28,0.789346717069817,
2023-08,2023-08-29,0.789346717069817,
2023-08,2023-08-30,0.789346717069817,
2023-08,2023-08-31,0.789346717069817,
2023-08,2023-09-01,0.789346717069817,
2023-08,2023-09-05,0.789346717069817,
2023-08,2023-09-06,0.789346717069817,
2023-08,2023-09-07,0.789346717069817,
2023-08,2023-09-08,0.789346717069817,
2023-09,2023-09-01,0.355375285146603,
2023-09,2023-09-05,0.446524301559672,
2023-09,2023-09-06,0.375377684166245,
2023-09,2023-09-07,0.375377684166245,
2023-09,2023-09-08,0.375377684166245,
2023-09,2023-09-11,0.375377684166245,
2023-09,2023-09-12,0.383973554281745,
2023-09,2023-09-13,0.364552399352323,
2023-09,2023-09-14,0.364552399352323,
2023-09,2023-09-15,0.364552399352323,
2023-09,2023-09-18,0.388585645486688,
2023-09,2023-09-19,0.388585645486688,
2023-09,2023-09-20,0.388585645486688,
2023-09,2023-09-21,0.388585645486688,
2023-09,2023-09-22,0.388585645486688,
2023-09,2023-09-25,0.39052951098285,
2023-09,2023-09-26,0.39052951098285,
2023-09,2023-09-27,0.39052951098285,
2023-09,2023-09-28,0.39052951098285,
2023-09,2023-09-29,0.39052951098285,
2023-09,2023-10-02,0.39052951098285,
2023-09,2023-10-03,0.39052951098285,
2023-09,2023-10-04,0.39052951098285,
2023-09,2023-10-05,0.39052951098285,
2023-09,2023-10-06,0.39052951098285,
2023-10,2023-10-02,0.286046863335773,
2023-10,2023-10-03,0.271764582305195,
2023-10,2023-10-04,0.271764582305195,
2023-10,2023-10-05,0.271764582305195,
2023-10,2023-10-06,0.271764582305195,
2023-10,2023-10-10,0.271764582305195,
2023-10,2023-10-11,0.210318249379381,
2023-10,2023-10-12,0.20916937556771,
2023-10,2023-10-13,0.20916937556771,
2023-10,2023-10-16,0.150311381048502,
2023-10,2023-10-17,0.150311381048502,
2023-10,2023-10-18,0.150311381048502,
2023-10,2023-10-19,0.150311381048502,
2023-10,2023-10-20,0.150311381048502,
2023-10,2023-10-23,0.1086498487834,
2023-10,2023-10-24,0.1086498487834,
2023-10,2023-10-25,0.1086498487834,
2023-10,2023-10-26,0.1086498487834,
2023-10,2023-10-27,0.1086498487834,
2023-10,2023-10-30,0.0708885450707759,
2023-10,2023-10-31,0.0708885450707759,
2023-10,2023-11-01,0.0708885450707759,
2023-10,2023-11-02,0.0708885450707759,
2023-10,2023-11-03,0.0708885450707759,
2023-10,2023-11-06,0.0708885450707759,
2023-10,2023-11-07,0.0708885450707759,
2023-10,2023-11-08,0.0708885450707759,
2023-10,2023-11-09,0.0708885450707759,
2023-11,2023-11-01,0.193770395594919,
2023-11,2023-11-02,0.181827728748272,
2023-11,2023-11-03,0.219581965876384,
2023-11,2023-11-06,0.204814152033755,
2023-11,2023-11-07,0.0755396564435581,
2023-11,2023-11-08,0.0755396564435581,
2023-11,2023-11-09,0.0755396564435581,
2023-11,2023-11-10,0.0755396564435581,
2023-11,2023-11-13,0.0755396564435581,
2023-11,2023-11-14,0.050593797027782,
2023-11,2023-11-15,0.050593797027782,
2023-11,2023-11-16,0.050593797027782,
2023-11,2023-11-17,0.050593797027782,
2023-11,2023-11-20,0.0201764971275054,
2023-11,2023-11-21,0.0201764971275054,
2023-11,2023-11-22,0.0201764971275054,
2023-11,2023-11-24,0.0201764971275054,
2023-11,2023-11-27,-0.00913471914003272,
2023-11,2023-11-28,-0.00913471914003272,
2023-11,2023-11-29,-0.00913471914003272,
2023-11,2023-11-30,-0.00913471914003272,
2023-11,2023-12-01,-0.00913471914003272,
2023-11,2023-12-04,-0.00913471914003272,
2023-11,2023-12-05,-0.00913471914003272,
2023-11,2023-12-06,-0.00913471914003272,
2023-11,2023-12-07,-0.00913471914003272,
2023-12,2023-12-01,0.524279534394402,
2023-12,2023-12-04,0.442100673174215,
2023-12,2023-12-05,0.411757784310596,
2023-12,2023-12-06,0.411757784310596,
2023-12,2023-12-07,0.411757784310596,
2023-12,2023-12-08,0.411757784310596,
2023-12,2023-12-11,0.411757784310596,
2023-12,2023-12-12,0.359939622638977,
2023-12,2023-12-13,0.359939622638977,
2023-12,2023-12-14,0.359939622638977,
2023-12,2023-12-15,0.359939622638977,
2023-12,2023-12-18,0.308642437804882,
2023-12,2023-12-19,0.308642437804882,
2023-12,2023-12-20,0.308642437804882,
2023-12,2023-12-21,0.308642437804882,
2023-12,2023-12-22,0.308642437804882,
2023-12,2023-12-26,0.30120238809612,
2023-12,2023-12-27,0.30120238809612,
2023-12,2023-12-28,0.30120238809612,
2023-12,2023-12-29,0.30120238809612,
2023-12,2024-01-02,0.30120238809612,
2023-12,2024-01-03,0.30120238809612,
2023-12,2024-01-04,0.30120238809612,
2023-12,2024-01-05,0.30120238809612,
2023-12,2024-01-08,0.30120238809612,
2024-01,2024-01-02,0.281406819978709,
2024-01,2024-01-03,0.204452872474122,
2024-01,2024-01-04,0.204452872474122,
2024-01,2024-01-05,0.204452872474122,
2024-01,2024-01-08,0.204452872474122,
2024-01,2024-01-09,0.194519661302428,
2024-01,2024-01-10,0.194519661302428,
2024-01,2024-01-11,0.194242338861677,
2024-01,2024-01-12,0.194242338861677,
2024-01,2024-01-16,0.183483859533625,
2024-01,2024-01-17,0.183483859533625,
2024-01,2024-01-18,0.183483859533625,
2024-01,2024-01-19,0.183483859533625,
2024-01,2024-01-22,0.178725301369295,
2024-01,2024-01-23,0.178725301369295,
2024-01,2024-01-24,0.178725301369295,
2024-01,2024-01-25,0.178725301369295,
2024-01,2024-01-26,0.178725301369295,
2024-01,2024-01-29,0.184063162266674,
2024-01,2024-01-30,0.184063162266674,
2024-01,2024-01-31,0.184063162266674,
2024-01,2024-02-01,0.184063162266674,
2024-01,2024-02-02,0.184063162266674,
2024-01,2024-02-05,0.184063162266674,
2024-01,2024-02-06,0.184063162266674,
2024-01,2024-02-07,0.13100846500564,
2024-01,2024-02-08,0.13100846500564,
2024-02,2024-02-01,0.395884747002154,
2024-02,2024-02-02,0.363417361663738,
2024-02,2024-02-05,0.315570688533441,
2024-02,2024-02-06,0.309456582856642,
2024-02,2024-02-07,0.309456582856642,
2024-02,2024-02-08,0.309456582856642,
2024-02,2024-02-09,0.325158633217881,
2024-02,2024-02-12,0.325158633217881,
2024-02,2024-02-13,0.372593397167422,
2024-02,2024-02-14,0.372593397167422,
2024-02,2024-02-15,0.372593397167422,
2024-02,2024-02-16,0.372593397167422,
2024-02,2024-02-20,0.417545134690066,
2024-02,2024-02-21,0.417545134690066,
2024-02,2024-02-22,0.417545134690066,
2024-02,2024-02-23,0.417545134690066,
2024-02,2024-02-26,0.43350625888289,
2024-02,2024-02-27,0.43350625888289,
2024-02,2024-02-28,0.43350625888289,
2024-02,2024-02-29,0.43350625888289,
2024-02,2024-03-01,0.43350625888289,
2024-02,2024-03-04,0.43350625888289,
2024-02,2024-03-05,0.43350625888289,
2024-02,2024-03-06,0.43350625888289,
2024-02,2024-03-07,0.43350625888289,
2024-03,2024-03-01,0.177934456915167,
2024-03,2024-03-04,0.239666848063581,
2024-03,2024-03-05,0.245314666888986,
2024-03,2024-03-06,0.245314666888986,
2024-03,2024-03-07,0.245314666888986,
2024-03,2024-03-08,0.245314666888986,
2024-03,2024-03-11,0.245314666888986,
2024-03,2024-03-12,0.261791928896045,
2024-03,2024-03-13,0.261791928896045,
2024-03,2024-03-14,0.261791928896045,
2024-03,2024-03-15,0.261791928896045,
2024-03,2024-03-18,0.300009716142918,
2024-03,2024-03-19,0.300009716142918,
2024-03,2024-03-20,0.300009716142918,
2024-03,2024-03-21,0.300009716142918,
2024-03,2024-03-22,0.300009716142918,
2024-03,2024-03-25,0.3414123189937,
2024-03,2024-03-26,0.3414123189937,
2024-03,2024-03-27,0.3414123189937,
2024-03,2024-03-28,0.3414123189937,
2024-03,2024-03-29,0.3414123189937,
2024-03,2024-04-01,0.3414123189937,
2024-03,2024-04-02,0.3414123189937,
2024-03,2024-04-03,0.3414123189937,
2024-03,2024-04-04,0.3414123189937,
2024-03,2024-04-05,0.3414123189937,
2024-04,2024-04-01,0.296074349755715,
2024-04,2024-04-02,0.293299468374595,
2024-04,2024-04-03,0.293299468374595,
2024-04,2024-04-04,0.293299468374595,
2024-04,2024-04-05,0.293299468374595,
2024-04,2024-04-08,0.293299468374595,
2024-04,2024-04-09,0.33879372519014,
2024-04,2024-04-10,0.341558660042032,
2024-04,2024-04-11,0.341558660042032,
2024-04,2024-04-12,0.341558660042032,
2024-04,2024-04-15,0.372210176269903,
2024-04,2024-04-16,0.372210176269903,
2024-04,2024-04-17,0.372210176269903,
2024-04,2024-04-18,0.372210176269903,
2024-04,2024-04-19,0.372210176269903,
2024-04,2024-04-22,0.399478083563528,
2024-04,2024-04-23,0.399478083563528,
2024-04,2024-04-24,0.399478083563528,
2024-04,2024-04-25,0.399478083563528,
2024-04,2024-04-26,0.399478083563528,
2024-04,2024-04-29,0.41249502616939,
2024-04,2024-04-30,0.41249502616939,
2024-04,2024-05-01,0.41249502616939,
2024-04,2024-05-02,0.41249502616939,
2024-04,2024-05-03,0.41249502616939,
2024-04,2024-05-06,0.41249502616939,
2024-04,2024-05-07,0.41249502616939,
2024-04,2024-05-08,0.41249502616939,
2024-04,2024-05-09,0.41249502616939,
2024-04,2024-05-10,0.41249502616939,
2024-05,2024-05-01,0.015540641776697,
2024-05,2024-05-02,-0.085573965315973,
2024-05,2024-05-03,-0.0793253098214823,
2024-05,2024-05-06,-0.0851952589223674,
2024-05,2024-05-07,0.14059172439767,
2024-05,2024-05-08,0.14059172439767,
2024-05,2024-05-09,0.14059172439767,
2024-05,2024-05-10,0.14059172439767,
2024-05,2024-05-13,0.14059172439767,
2024-05,2024-05-14,0.120767177788742,
2024-05,2024-05-15,0.111555040744475,
2024-05,2024-05-16,0.111555040744475,
2024-05,2024-05-17,0.111555040744475,
2024-05,2024-05-20,0.095314159099501,
2024-05,2024-05-21,0.095314159099501,
2024-05,2024-05-22,0.095314159099501,
2024-05,2024-05-23,0.095314159099501,
2024-05,2024-05-24,0.095314159099501,
2024-05,2024-05-28,0.0849008879271337,
2024-05,2024-05-29,0.0849008879271337,
2024-05,2024-05-30,0.0849008879271337,
2024-05,2024-05-31,0.0849008879271337,
2024-05,2024-06-03,0.0849008879271337,
2024-05,2024-06-04,0.0849008879271337,
2024-05,2024-06-05,0.0849008879271337,
2024-05,2024-06-06,0.0849008879271337,
2024-05,2024-06-07,0.0849008879271337,
2024-06,2024-06-03,0.108742818232886,
2024-06,2024-06-04,0.139781361848367,
2024-06,2024-06-05,0.139781361848367,
2024-06,2024-06-06,0.139781361848367,
2024-06,2024-06-07,0.139781361848367,
2024-06,2024-06-10,0.139781361848367,
2024-06,2024-06-11,0.0898031995735757,
2024-06,2024-06-12,0.0893332888691641,
2024-06,2024-06-13,0.0893332888691641,
2024-06,2024-06-14,0.0893332888691641,
2024-06,2024-06-17,0.0750533133529822,
2024-06,2024-06-18,0.0750533133529822,
2024-06,2024-06-20,0.0750533133529822,
2024-06,2024-06-21,0.0750533133529822,
2024-06,2024-06-24,0.0681915069361153,
2024-06,2024-06-25,0.0681915069361153,
2024-06,2024-06-26,0.0681915069361153,
2024-06,2024-06-27,0.0681915069361153,
2024-06,2024-06-28,0.0681915069361153,
2024-06,2024-07-01,0.0681915069361153,
2024-06,2024-07-02,0.0681915069361153,
2024-06,2024-07-03,0.0681915069361153,
2024-06,2024-07-05,0.0681915069361153,
2024-06,2024-07-08,0.0681915069361153,
2024-07,2024-07-01,0.307893191731545,
2024-07,2024-07-02,0.237886065699338,
2024-07,2024-07-03,0.237886065699338,
2024-07,2024-07-05,0.237886065699338,
2024-07,2024-07-08,0.237886065699338,
2024-07,2024-07-09,0.245421702974207,
2024-07,2024-07-10,0.245421702974207,
2024-07,2024-07-11,0.238306855578991,
2024-07,2024-07-12,0.238306855578991,
2024-07,2024-07-15,0.242469917229081,
2024-07,2024-07-16,0.242469917229081,
2024-07,2024-07-17,0.242469917229081,
2024-07,2024-07-18,0.242469917229081,
2024-07,2024-07-19,0.242469917229081,
2024-07,2024-07-22,0.23780728818098,
2024-07,2024-07-23,0.23780728818098,
2024-07,2024-07-24,0.23780728818098,
2024-07,2024-07-25,0.23780728818098,
2024-07,2024-07-26,0.23780728818098,
2024-07,2024-07-29,0.237207807303367,
2024-07,2024-07-30,0.237207807303367,
2024-07,2024-07-31,0.237207807303367,
2024-07,2024-08-01,0.237207807303367,
2024-07,2024-08-02,0.237207807303367,
2024-07,2024-08-05,0.237207807303367,
2024-07,2024-08-06,0.237207807303367,
2024-07,2024-08-07,0.237207807303367,
2024-07,2024-08-08,0.237207807303367,
2024-07,2024-08-09,0.237207807303367,
2024-08,2024-08-01,0.204466480310812,
2024-08,2024-08-02,0.18124004835771,
2024-08,2024-08-05,0.127985157950954,
2024-08,2024-08-06,0.268658937392103,
2024-08,2024-08-07,0.268658937392103,
2024-08,2024-08-08,0.268658937392103,
2024-08,2024-08-09,0.268658937392103,
2024-08,2024-08-12,0.268658937392103,
2024-08,2024-08-13,0.252287226848163,
2024-08,2024-08-14,0.244574021446608,
2024-08,2024-08-15,0.244574021446608,
2024-08,2024-08-16,0.244574021446608,
2024-08,2024-08-19,0.229063132670058,
2024-08,2024-08-20,0.229063132670058,
2024-08,2024-08-21,0.229063132670058,
2024-08,2024-08-22,0.229063132670058,
2024-08,2024-08-23,0.229063132670058,
2024-08,2024-08-26,0.204545921378092,
2024-08,2024-08-27,0.204545921378092,
2024-08,2024-08-28,0.204545921378092,
2024-08,2024-08-29,0.204545921378092,
2024-08,2024-08-30,0.204545921378092,
2024-08,2024-09-03,0.204545921378092,
2024-08,2024-09-04,0.204545921378092,
2024-08,2024-09-05,0.204545921378092,
2024-08,2024-09-06,0.204545921378092,
2024-09,2024-09-03,0.203151069571965,
2024-09,2024-09-04,0.178651617993759,
2024-09,2024-09-05,0.178651617993759,
2024-09,2024-09-06,0.178651617993759,
2024-09,2024-09-09,0.178651617993759,
2024-09,2024-09-10,0.152450364087367,
2024-09,2024-09-11,0.152778117572688,
2024-09,2024-09-12,0.152778117572688,
2024-09,2024-09-13,0.152778117572688,
2024-09,2024-09-16,0.126916237408563,
2024-09,2024-09-17,0.126916237408563,
2024-09,2024-09-18,0.126916237408563,
2024-09,2024-09-19,0.126916237408563,
2024-09,2024-09-20,0.126916237408563,
2024-09,2024-09-23,0.114973649434684,
2024-09,2024-09-24,0.114973649434684,
2024-09,2024-09-25,0.114973649434684,
2024-09,2024-09-26,0.114973649434684,
2024-09,2024-09-27,0.114973649434684,
2024-09,2024-09-30,0.106226733277263,
2024-09,2024-10-01,0.106226733277263,
2024-09,2024-10-02,0.106226733277263,
2024-09,2024-10-03,0.106226733277263,
2024-09,2024-10-04,0.106226733277263,
2024-09,2024-10-07,0.106226733277263,
2024-10,2024-10-01,0.188570440669877,
2024-10,2024-10-02,0.296486923479727,
2024-10,2024-10-03,0.27625258295288,
2024-10,2024-10-04,0.311244733094749,
2024-10,2024-10-07,0.328740808165683,
2024-10,2024-10-08,0.174661642529746,
2024-10,2024-10-09,0.174661642529746,
2024-10,2024-10-10,0.181308055562561,
2024-10,2024-10-11,0.181308055562561,
2024-10,2024-10-15,0.199206032593111,
2024-10,2024-10-16,0.199206032593111,
2024-10,2024-10-17,0.199206032593111,
2024-10,2024-10-18,0.199206032593111,
2024-10,2024-10-21,0.196047566058309,
2024-10,2024-10-22,0.196047566058309,
2024-10,2024-10-23,0.196047566058309,
2024-10,2024-10-24,0.196047566058309,
2024-10,2024-10-25,0.196047566058309,
2024-10,2024-10-28,0.181834466651695,
2024-10,2024-10-29,0.181834466651695,
2024-10,2024-10-30,0.181834466651695,
2024-10,2024-10-31,0.181834466651695,
2024-10,2024-11-01,0.181834466651695,
2024-10,2024-11-04,0.181834466651695,
2024-10,2024-11-05,0.181834466651695,
2024-10,2024-11-06,0.181834466651695,
2024-10,2024-11-07,0.181834466651695,
2024-11,2024-11-01,0.282458103232484,
2024-11,2024-11-04,0.293221419349422,
2024-11,2024-11-05,0.277158099538074,
2024-11,2024-11-06,0.277158099538074,
2024-11,2024-11-07,0.277158099538074,
2024-11,2024-11-08,0.277158099538074,
2024-11,2024-11-12,0.277158099538074,
2024-11,2024-11-13,0.271670911029956,
2024-11,2024-11-14,0.271670911029956,
2024-11,2024-11-15,0.271670911029956,
2024-11,2024-11-18,0.266157806476826,
2024-11,2024-11-19,0.266157806476826,
2024-11,2024-11-20,0.266157806476826,
2024-11,2024-11-21,0.266157806476826,
2024-11,2024-11-22,0.266157806476825,
2024-11,2024-11-25,0.262867727953183,
2024-11,2024-11-26,0.262867727953183,
2024-11,2024-11-27,0.262867727953183,
2024-11,2024-11-29,0.262867727953183,
2024-11,2024-12-02,0.262867727953183,
2024-11,2024-12-03,0.262867727953183,
2024-11,2024-12-04,0.262867727953183,
2024-11,2024-12-05,0.262867727953183,
2024-11,2024-12-06,0.262867727953183,
2024-12,2024-12-02,0.40679449903274,
2024-12,2024-12-03,0.387579405513344,
2024-12,2024-12-04,0.387579405513344,
2024-12,2024-12-05,0.387579405513344,
2024-12,2024-12-06,0.387579405513344,
2024-12,2024-12-09,0.387579405513344,
2024-12,2024-12-10,0.373883142789188,
2024-12,2024-12-11,0.381242863108464,
2024-12,2024-12-12,0.381242863108464,
2024-12,2024-12-13,0.381242863108464,
2024-12,2024-12-16,0.378851867702168,
2024-12,2024-12-17,0.378851867702168,
2024-12,2024-12-18,0.378851867702168,
2024-12,2024-12-19,0.378851867702168,
2024-12,2024-12-20,0.378851867702168,
2024-12,2024-12-23,0.379863442681754,
2024-12,2024-12-24,0.379863442681754,
2024-12,2024-12-26,0.379863442681754,
2024-12,2024-12-27,0.376718364108857,
2024-12,2024-12-30,0.376718364108857,
2024-12,2024-12-31,0.376718364108857,
2024-12,2025-01-02,0.376718364108857,
2024-12,2025-01-03,0.376718364108857,
2024-12,2025-01-06,0.376718364108857,
2024-12,2025-01-07,0.376718364108857,
2024-12,2025-01-08,0.376718364108857,
2024-12,2025-01-09,0.376718364108857,
2024-12,2025-01-10,0.376718364108857,
2025-01,2025-01-02,0.28663536551017,
2025-01,2025-01-03,0.309146363716286,
2025-01,2025-01-06,0.322431542985469,
2025-01,2025-01-07,0.209466541026502,
2025-01,2025-01-08,0.209466541026502,
2025-01,2025-01-09,0.209466541026502,
2025-01,2025-01-10,0.209466541026502,
2025-01,2025-01-13,0.209466541026502,
2025-01,2025-01-14,0.20723426494322,
2025-01,2025-01-15,0.209236227402661,
2025-01,2025-01-16,0.209236227402661,
2025-01,2025-01-17,0.209236227402661,
2025-01,2025-01-21,0.232276109605448,
2025-01,2025-01-22,0.232276109605448,
2025-01,2025-01-23,0.232276109605448,
2025-01,2025-01-24,0.232276109605448,
2025-01,2025-01-27,0.242424629147151,
2025-01,2025-01-28,0.242424629147151,
2025-01,2025-01-29,0.242424629147151,
2025-01,2025-01-30,0.242424629147151,
2025-01,2025-01-31,0.242424629147151,
2025-01,2025-02-03,0.242424629147151,
2025-01,2025-02-04,0.242424629147151,
2025-01,2025-02-05,0.242424629147151,
2025-01,2025-02-06,0.242424629147151,
2025-01,2025-02-07,0.242424629147151,
2025-02,2025-02-03,0.225256900954776,
2025-02,2025-02-04,0.222080886304094,
2025-02,2025-02-05,0.222080886304094,
2025-02,2025-02-06,0.222080886304094,
2025-02,2025-02-07,0.222080886304094,
2025-02,2025-02-10,0.222080886304094,
2025-02,2025-02-11,0.247943839519331,
2025-02,2025-02-12,0.210728147138617,
2025-02,2025-02-13,0.210728147138617,
2025-02,2025-02-14,0.210728147138617,
2025-02,2025-02-18,0.227690071606869,
2025-02,2025-02-19,0.227690071606869,
2025-02,2025-02-20,0.227690071606869,
2025-02,2025-02-21,0.227690071606869,
2025-02,2025-02-24,0.230486984684081,
2025-02,2025-02-25,0.230486984684081,
2025-02,2025-02-26,0.230486984684081,
2025-02,2025-02-27,0.230486984684081,
2025-02,2025-02-28,0.230486984684081,
2025-02,2025-03-03,0.230486984684081,
2025-02,2025-03-04,0.230486984684081,
2025-02,2025-03-05,0.230486984684081,
2025-02,2025-03-06,0.230486984684081,
2025-02,2025-03-07,0.230486984684081,
2025-03,2025-03-03,0.0089797475558888,
2025-03,2025-03-04,0.0098540595740395,
2025-03,2025-03-05,0.0098540595740395,
2025-03,2025-03-06,0.0098540595740395,
2025-03,2025-03-07,0.0098540595740395,
2025-03,2025-03-10,0.0098540595740396,
2025-03,2025-03-11,0.0050585357700852,
2025-03,2025-03-12,0.0052431356461692,
2025-03,2025-03-13,0.0052431356461692,
2025-03,2025-03-14,0.0052431356461692,
2025-03,2025-03-17,-0.0009714246520683,
2025-03,2025-03-18,-0.0009714246520683,
2025-03,2025-03-19,-0.0009714246520683,
2025-03,2025-03-20,-0.0009714246520683,
2025-03,2025-03-21,-0.0009714246520683,
2025-03,2025-03-24,0.0108362399145829,
2025-03,2025-03-25,0.0108362399145829,
2025-03,2025-03-26,0.0108362399145829,
2025-03,2025-03-27,0.0108362399145829,
2025-03,2025-03-28,0.0108362399145829,
2025-03,2025-03-31,0.0281482293168166,
2025-03,2025-04-01,0.0281482293168166,
2025-03,2025-04-02,0.0281482293168166,
2025-03,2025-04-03,0.0281482293168166,
2025-03,2025-04-04,0.0281482293168166,
2025-03,2025-04-07,0.0281482293168166,
2025-04,2025-04-01,0.318000524811041,
2025-04,2025-04-02,0.337776907125839,
2025-04,2025-04-03,0.337776907125839,
2025-04,2025-04-04,0.328607857143523,
2025-04,2025-04-07,0.20140976180062,
2025-04,2025-04-08,0.144903243968431,
2025-04,2025-04-09,0.300539231732125,
2025-04,2025-04-10,0.290330424255975,
2025-04,2025-04-11,0.290330424255975,
2025-04,2025-04-14,0.290330424255975,
2025-04,2025-04-15,0.252263128776189,
2025-04,2025-04-16,0.252263128776189,
2025-04,2025-04-17,0.252263128776189,
2025-04,2025-04-18,0.252263128776189,
2025-04,2025-04-21,0.252263128776189,
2025-04,2025-04-22,0.230437879367778,
2025-04,2025-04-23,0.230437879367778,
2025-04,2025-04-24,0.230437879367778,
2025-04,2025-04-25,0.230437879367778,
2025-04,2025-04-28,0.230437879367778,
2025-04,2025-04-29,0.217748780874516,
2025-04,2025-04-30,0.217748780874516,
2025-04,2025-05-01,0.217748780874516,
2025-04,2025-05-02,0.217748780874516,
2025-04,2025-05-05,0.217748780874516,
2025-04,2025-05-06,0.217748780874516,
2025-04,2025-05-07,0.217748780874516,
2025-04,2025-05-08,0.217748780874516,
2025-05,2025-05-01,-0.0644829480830309,
2025-05,2025-05-02,-0.0982071058980807,
2025-05,2025-05-05,-0.1116967690241,
2025-05,2025-05-06,-0.1116967690241,
2025-05,2025-05-07,0.122628161084755,
2025-05,2025-05-08,0.122628161084755,
2025-05,2025-05-09,0.122628161084755,
2025-05,2025-05-12,0.122628161084755,
2025-05,2025-05-13,0.120160698282996,
2025-05,2025-05-14,0.108289545602093,
2025-05,2025-05-15,0.108289545602093,
2025-05,2025-05-16,0.108289545602093,
2025-05,2025-05-19,0.121809469488677,
2025-05,2025-05-20,0.121809469488677,
2025-05,2025-05-21,0.121809469488677,
2025-05,2025-05-22,0.121809469488677,
2025-05,2025-05-23,0.121809469488677,
2025-05,2025-05-27,0.125107011900039,
2025-05,2025-05-28,0.125107011900039,
2025-05,2025-05-29,0.125107011900039,
2025-05,2025-05-30,0.125107011900039,
2025-05,2025-06-02,0.125107011900039,
2025-05,2025-06-03,0.125107011900039,
2025-05,2025-06-04,0.125107011900039,
2025-05,2025-06-05,0.125107011900039,
2025-05,2025-06-06,0.125107011900039,
2025-06,2025-06-02,0.152771317620786,
2025-06,2025-06-03,0.228299689685164,
2025-06,2025-06-04,0.238185626980983,
2025-06,2025-06-05,0.238185626980983,
2025-06,2025-06-06,0.238185626980983,
2025-06,2025-06-09,0.238185626980983,
2025-06,2025-06-10,0.238185626980983,
2025-06,2025-06-11,0.223929062286313,
2025-06,2025-06-12,0.223929062286313,
2025-06,2025-06-13,0.223929062286313,
2025-06,2025-06-16,0.223929062286313,
2025-06,2025-06-17,0.230164776527357,
2025-06,2025-06-18,0.230164776527357,
2025-06,2025-06-20,0.230164776527357,
2025-06,2025-06-23,0.25079060055543,
2025-06,2025-06-24,0.25079060055543,
2025-06,2025-06-25,0.25079060055543,
2025-06,2025-06-26,0.25079060055543,
2025-06,2025-06-27,0.25079060055543,
2025-06,2025-06-30,0.253572688447588,
2025-06,2025-07-01,0.253572688447588,
2025-06,2025-07-02,0.253572688447588,
2025-06,2025-07-03,0.253572688447588,
2025-06,2025-07-07,0.253572688447588,
2025-06,2025-07-08,0.253572688447588,
2025-06,2025-07-09,0.253572688447588,
2025-06,2025-07-10,0.253572688447588,
2025-07,2025-07-01,0.0534378708556011,
2025-07,2025-07-02,0.0363940743512413,
2025-07,2025-07-03,0.0690730034576219,
2025-07,2025-07-07,0.0762623678610255,
2025-07,2025-07-08,0.0844321001376215,
2025-07,2025-07-09,0.160220477978968,
2025-07,2025-07-10,0.160220477978968,
2025-07,2025-07-11,0.160220477978968,
2025-07,2025-07-14,0.160220477978968,
2025-07,2025-07-15,0.161589292347052,
2025-07,2025-07-16,0.163031298123879,
2025-07,2025-07-17,0.163031298123879,
2025-07,2025-07-18,0.163031298123879,
2025-07,2025-07-21,0.163031298123879,
2025-07,2025-07-22,0.160948400890685,
2025-07,2025-07-23,0.160948400890685,
2025-07,2025-07-24,0.160948400890685,
2025-07,2025-07-25,0.160948400890685,
2025-07,2025-07-28,0.160948400890685,
2025-07,2025-07-29,0.160147286570225,
2025-07,2025-07-30,0.160147286570225,
2025-07,2025-07-31,0.160147286570225,
2025-07,2025-08-01,0.160147286570225,
2025-07,2025-08-04,0.160147286570225,
2025-07,2025-08-05,0.160147286570225,
2025-07,2025-08-06,0.160147286570225,
2025-07,2025-08-07,0.160147286570225,
2025-08,2025-08-01,0.348981632154412,
2025-08,2025-08-04,0.254465636600332,
2025-08,2025-08-05,0.239429000944001,
2025-08,2025-08-06,0.306865897615584,
2025-08,2025-08-07,0.306865897615584,
2025-08,2025-08-08,0.306865897615584,
2025-08,2025-08-11,0.306865897615584,
2025-08,2025-08-12,0.311627109303682,
2025-08,2025-08-13,0.300928688089778,
2025-08,2025-08-14,0.300928688089778,
2025-08,2025-08-15,0.300928688089778,
2025-08,2025-08-18,0.300928688089778,
2025-08,2025-08-19,0.299956104343059,
2025-08,2025-08-20,0.299956104343059,
2025-08,2025-08-21,0.299956104343059,
2025-08,2025-08-22,0.299956104343059,
2025-08,2025-08-25,0.299956104343059,
2025-08,2025-08-26,0.304575877139972,
2025-08,2025-08-27,0.304575877139972,
2025-08,2025-08-28,0.304575877139972,
2025-08,2025-08-29,0.304575877139972,
2025-08,2025-09-02,0.304575877139972,
2025-08,2025-09-03,0.304575877139972,
2025-08,2025-09-04,0.304575877139972,
2025-08,2025-09-05,0.304575877139972,
2025-08,2025-09-08,0.304575877139972,
2025-09,2025-09-02,0.305010078225175,
2025-09,2025-09-03,0.383674476386269,
2025-09,2025-09-04,0.383674476386269,
2025-09,2025-09-05,0.383674476386269,
2025-09,2025-09-08,0.383674476386269,
2025-09,2025-09-09,0.383674476386269,
2025-09,2025-09-10,0.391435442414876,
2025-09,2025-09-11,0.392499613226172,
2025-09,2025-09-12,0.392499613226172,
2025-09,2025-09-15,0.387803260300727,
2025-09,2025-09-16,0.387803260300727,
2025-09,2025-09-17,0.387803260300727,
2025-09,2025-09-18,0.387803260300727,
2025-09,2025-09-19,0.387803260300727,
2025-09,2025-09-22,0.386629172069366,
2025-09,2025-09-23,0.386629172069366,
2025-09,2025-09-24,0.386629172069366,
2025-09,2025-09-25,0.386629172069366,
2025-09,2025-09-26,0.386629172069366,
2025-09,2025-09-29,0.375968450928606,
2025-09,2025-09-30,0.375968450928606,
2025-09,2025-10-01,0.375968450928606,
2025-09,2025-10-02,0.375968450928606,
2025-09,2025-10-03,0.375968450928606,
2025-09,2025-10-06,0.375968450928606,
2025-09,2025-10-07,0.375968450928606,
2025-09,2025-10-08,0.375968450928606,
2025-09,2025-10-09,0.375968450928606,
2025-09,2025-10-10,0.375968450928606,
2025-09,2025-10-14,0.375968450928606,
2025-09,2025-10-15,0.375968450928606,
2025-09,2025-10-16,0.375968450928606,
2025-09,2025-10-17,0.375968450928606,
2025-09,2025-10-20,0.375968450928606,
2025-09,2025-10-21,0.375968450928606,
2025-10,2025-10-01,0.198552626727325,
2025-10,2025-10-02,0.145911805253691,
2025-10,2025-10-03,0.12636850626348,
2025-10,2025-10-06,0.124267076264533,
2025-10,2025-10-07,0.244297258251851,
2025-10,2025-10-08,0.244297258251851,
2025-10,2025-10-09,0.244297258251851,
2025-10,2025-10-10,0.244297258251851,
2025-10,2025-10-14,0.244297258251851,
2025-10,2025-10-15,0.216424159795179,
2025-10,2025-10-16,0.216424159795179,
2025-10,2025-10-17,0.216424159795179,
2025-10,2025-10-20,0.216424159795179,
2025-10,2025-10-21,0.194125681029842,
2025-10,2025-10-22,0.194125681029842,
2025-10,2025-10-23,0.194125681029842,
2025-10,2025-10-24,0.190780873740176,
2025-10,2025-10-27,0.190780873740176,
2025-10,2025-10-28,0.183254751516416,
2025-10,2025-10-29,0.183254751516416,
2025-10,2025-10-30,0.183254751516416,
2025-10,2025-10-31,0.183254751516416,
2025-10,2025-11-03,0.183254751516416,
2025-10,2025-11-04,0.183254751516416,
2025-10,2025-11-05,0.183254751516416,
2025-10,2025-11-06,0.183254751516416,
2025-10,2025-11-07,0.183254751516416,
2025-10,2025-11-10,0.183254751516416,
2025-10,2025-11-12,0.183254751516416,
2025-10,2025-11-13,0.183254751516416,
2025-10,2025-11-14,0.183254751516416,
2025-10,2025-11-17,0.183254751516416,
2025-10,2025-11-18,0.183254751516416,
2025-10,2025-11-19,0.183254751516416,
2025-10,2025-11-20,0.183254751516416,
2025-10,2025-11-21,0.183254751516416,
2025-10,2025-11-24,0.183254751516416,
2025-10,2025-11-25,0.183254751516416,
2025-10,2025-11-26,0.183254751516416,
2025-10,2025-11-28,0.183254751516416,
2025-10,2025-12-01,0.183254751516416,
2025-10,2025-12-02,0.183254751516416,
2025-10,2025-12-03,0.183254751516416,
2025-10,2025-12-04,0.183254751516416,
2025-10,2025-12-05,0.183254751516416,
2025-10,2025-12-08,0.183254751516416,
2025-10,2025-12-09,0.183254751516416,
2025-10,2025-12-10,0.183254751516416,
2025-10,2025-12-11,0.183254751516416,
2025-10,2025-12-12,0.183254751516416,
2025-10,2025-12-15,0.183254751516416,
2025-11,2025-11-03,0.301529716929311,
2025-11,2025-11-04,0.296123340029228,
2025-11,2025-11-05,0.296457922209869,
2025-11,2025-11-06,0.296457922209869,
2025-11,2025-11-07,0.296457922209869,
2025-11,2025-11-10,0.296457922209869,
2025-11,2025-11-12,0.296457922209869,
2025-11,2025-11-13,0.311996849210404,
2025-11,2025-11-14,0.311996849210404,
2025-11,2025-11-17,0.311996849210404,
2025-11,2025-11-18,0.311996849210404,
2025-11,2025-11-19,0.318360409791575,
2025-11,2025-11-20,0.318360409791575,
2025-11,2025-11-21,0.318360409791575,
2025-11,2025-11-24,0.318360409791575,
2025-11,2025-11-25,0.321542190082161,
2025-11,2025-11-26,0.321542190082161,
2025-11,2025-11-28,0.321542190082161,
2025-11,2025-12-01,0.321542190082161,
2025-11,2025-12-02,0.321542190082161,
2025-11,2025-12-03,0.321542190082161,
2025-11,2025-12-04,0.321542190082161,
2025-11,2025-12-05,0.321542190082161,
2025-11,2025-12-08,0.321542190082161,
2025-11,2025-12-09,0.321542190082161,
2025-11,2025-12-10,0.321542190082161,
2025-11,2025-12-11,0.321542190082161,
2025-11,2025-12-12,0.321542190082161,
2025-11,2025-12-15,0.321542190082161,
2025-11,2025-12-16,0.321542190082161,
2025-12,2025-12-01,0.295355401327349,
2025-12,2025-12-02,0.294467111839677,
2025-12,2025-12-03,0.310536422303755,
2025-12,2025-12-04,0.310536422303755,
2025-12,2025-12-05,0.310536422303755,
2025-12,2025-12-08,0.310536422303755,
2025-12,2025-12-09,0.290488677136045,
2025-12,2025-12-10,0.290488677136045,
2025-12,2025-12-11,0.290488677136045,
2025-12,2025-12-12,0.290488677136045,
2025-12,2025-12-15,0.290488677136045,
2025-12,2025-12-16,0.270143928336221,
2025-12,2025-12-17,0.246790177555277,
2025-12,2025-12-18,0.246790177555277,
2025-12,2025-12-19,0.223858816160059,
2025-12,2025-12-22,0.223858816160059,
2025-12,2025-12-23,0.223858816160059,
2025-12,2025-12-24,0.223858816160059,
2025-12,2025-12-26,0.223858816160059,
2025-12,2025-12-29,0.204578066144145,
2025-12,2025-12-30,0.204578066144145,
2025-12,2025-12-31,0.204578066144145,
2025-12,2026-01-02,0.204578066144145,
2025-12,2026-01-05,0.204578066144145,
2025-12,2026-01-06,0.204578066144145,
2025-12,2026-01-07,0.204578066144145,
2025-12,2026-01-08,0.204578066144145,
2026-01,2026-01-02,0.15107069377663,
2026-01,2026-01-05,0.147944522797743,
2026-01,2026-01-06,0.163731686241122,
2026-01,2026-01-07,0.115075989830535,
2026-01,2026-01-08,0.115075989830535,
2026-01,2026-01-09,0.115075989830535,
2026-01,2026-01-12,0.115075989830535,
2026-01,2026-01-13,0.115285952489295,
2026-01,2026-01-14,0.115285952489295,
2026-01,2026-01-15,0.115285952489295,
2026-01,2026-01-16,0.115285952489295,
2026-01,2026-01-20,0.115285952489295,
2026-01,2026-01-21,0.120796723,
2026-01,2026-01-22,0.120796723277902,
2026-01,2026-01-23,0.120796723277902,
2026-01,2026-01-26,0.134978853983875,
2026-01,2026-01-27,0.134978853983875,
2026-01,2026-01-28,0.134978853983875,
2026-01,2026-01-29,0.134978853983875,
2026-01,2026-01-30,0.134978853983875,
2026-01,2026-02-02,0.134978853983875,
2026-01,2026-02-03,0.134978853983875,
2026-01,2026-02-04,0.134978853983875,
2026-01,2026-02-05,0.134978853983875,
2026-01,2026-02-06,0.134978853983875,
2026-01,2026-02-09,0.134978853983875,
2026-01,2026-02-10,0.134978853983875,
2026-02,2026-02-02,0.357529611924919,
2026-02,2026-02-03,0.218141627660188,
2026-02,2026-02-04,0.201565894296228,
2026-02,2026-02-05,0.201565894296228,
2026-02,2026-02-06,0.201565894296228,
2026-02,2026-02-09,0.201565894296228,
2026-02,2026-02-10,0.201565894296228,
2026-02,2026-02-11,0.220594120905871,
2026-02,2026-02-12,0.220594120905871,
2026-02,2026-02-13,0.222389338481627,
2026-02,2026-02-17,0.222389338481627,
2026-02,2026-02-18,0.237275595604028,
2026-02,2026-02-19,0.237275595604028,
2026-02,2026-02-20,0.237275595604028,
2026-02,2026-02-23,0.248613384458881,
2026-02,2026-02-24,0.248613384458881,
2026-02,2026-02-25,0.248613384458881,
2026-02,2026-02-26,0.248613384458881,
2026-02,2026-02-27,0.248613384458881,
2026-02,2026-03-02,0.248613384458881,
2026-02,2026-03-03,0.248613384458881,
2026-02,2026-03-04,0.248613384458881,
2026-02,2026-03-05,0.248613384458881,
2026-02,2026-03-06,0.248613384458881,
2026-03,2026-03-02,0.252305548530631,
2026-03,2026-03-03,0.416846853421397,
2026-03,2026-03-04,0.224028098170431,
2026-03,2026-03-05,0.224028098170431,
2026-03,2026-03-06,0.224028098170431,
2026-03,2026-03-09,0.224028098170431,
2026-03,2026-03-10,0.224028098170431,
2026-03,2026-03-11,0.465993858872971,
2026-03,2026-03-12,0.465993858872971,
2026-03,2026-03-13,0.465993858872971,
2026-03,2026-03-16,0.6193491085015,
2026-03,2026-03-17,0.6193491085015,
2026-03,2026-03-18,0.6193491085015,
2026-03,2026-03-19,0.6193491085015,
2026-03,2026-03-20,0.756078465370949,
2026-03,2026-03-23,0.756078465370949,
2026-03,2026-03-24,0.756078465370949,
2026-03,2026-03-25,0.756078465370949,
2026-03,2026-03-26,0.756078465370949,
2026-03,2026-03-27,0.844071623167513,
2026-03,2026-03-30,0.844071623167513,
2026-03,2026-03-31,0.844071623167513,
2026-03,2026-04-01,0.844071623167513,
2026-03,2026-04-02,0.844071623167513,
2026-03,2026-04-03,0.844071623167513,
2026-03,2026-04-06,0.844071623167513,
2026-03,2026-04-07,0.844071623167513,
2026-04,2026-04-01,0.588921560675456,
2026-04,2026-04-02,0.173019539847714,
2026-04,2026-04-03,0.268224569048247,
2026-04,2026-04-06,0.268224569048247,
2026-04,2026-04-07,0.44917226265805,
2026-04,2026-04-08,0.44917226265805,
2026-04,2026-04-09,0.44917226265805,
2026-04,2026-04-10,0.463834691382431,
2026-04,2026-04-13,0.463834691382431,
2026-04,2026-04-14,0.463834691382431,
2026-04,2026-04-15,0.463834691382431,
2026-04,2026-04-16,0.463834691382431,
2026-04,2026-04-17,0.463834691382431,
2026-04,2026-04-20,0.442030593694038,
2026-04,2026-04-21,0.442030593694038,
2026-04,2026-04-22,0.442030593694038,
2026-04,2026-04-23,0.442030593694038,
2026-04,2026-04-24,0.442030593694038,
2026-04,2026-04-27,0.448127134166122,
2026-04,2026-04-28,0.448127134166122,
2026-04,2026-04-29,0.448127134166122,
2026-04,2026-04-30,0.448127134166122,
2026-04,2026-05-01,0.448127134166122,
2026-04,2026-05-04,0.448127134166122,
2026-04,2026-05-05,0.448127134166122,
2026-04,2026-05-06,0.448127134166122,
2026-05,2026-05-01,0.40651712767186,
2026-05,2026-05-04,0.271353110343501,
2026-05,2026-05-05,0.271353110343501,
2026-05,2026-05-06,0.418054848749231,
2026-05,2026-05-07,0.418054848749231,
2026-05,2026-05-08,0.418054848749231,
2026-05,2026-05-11,0.418054848749231,
2026-05,2026-05-12,0.437505003147507,
2026-05,2026-05-13,0.455731230285348,
2026-05,2026-05-14,0.455731230285348,
2026-05,2026-05-15,0.455731230285348,
2026-05,2026-05-18,0.455731230285348,
2026-05,2026-05-19,0.459996943019736,
2026-05,2026-05-20,0.459996943019736,
2026-05,2026-05-21,0.459996943019736,
2026-05,2026-05-22,0.459996943019736,
2026-05,2026-05-26,0.459996943019736,
2026-05,2026-05-27,0.459027462852829,
2026-05,2026-05-28,0.459027462852829,
2026-05,2026-05-29,0.459027462852829,
2026-05,2026-06-01,0.459027462852829,
2026-05,2026-06-02,0.459027462852829,
2026-05,2026-06-03,0.459027462852829,
2026-05,2026-06-04,0.459027462852829,
2026-05,2026-06-05,0.459027462852829,
2026-06,2026-06-01,-0.0913776485187638,
2026-06,2026-06-02,-0.0266577857378098,
2026-06,2026-06-03,0.124282392872209,
2026-06,2026-06-04,0.124282392872209,
2026-06,2026-06-05,0.124282392872209,
2026-06,2026-06-08,0.124282392872209,
2026-06,2026-06-09,0.124282392872209,
2026-06,2026-06-10,0.065570491171573,
2026-06,2026-06-11,0.065570491171573,
2026-06,2026-06-12,0.065570491171573,
2026-06,2026-06-15,0.065570491171573,
2026-06,2026-06-16,0.0240511829093575,
2026-06,2026-06-17,0.0240511829093575,
2026-06,2026-06-18,0.0240511829093575,
2026-06,2026-06-22,0.0240511829093575,
2026-06,2026-06-23,-0.0217280543797617,
2026-06,2026-06-24,-0.0217280543797617,
2026-06,2026-06-25,-0.0217280543797617,
2026-06,2026-06-26,-0.0612913952296244,
2026-06,2026-06-29,-0.0612913952296244,
2026-06,2026-06-30,-0.0612913952296244,
2026-06,2026-07-01,-0.0612913952296244,
2026-06,2026-07-02,-0.0612913952296244,
2026-06,2026-07-03,-0.0612913952296244,
2026-06,2026-07-06,-0.0612913952296244,
2026-06,2026-07-07,-0.0612913952296244,
2026-06,2026-07-08,-0.0612913952296244,
2026-06,2026-07-09,-0.0612913952296244,
2026-07,2026-07-01,-0.187496025052838,
2026-07,2026-07-02,-0.220675714775771,
2026-07,2026-07-03,-0.217849296762336,
2026-07,2026-07-06,-0.214285552310614,
2026-07,2026-07-07,-0.213302450392897,
2026-07,2026-07-08,-0.0041598869006811,
2026-07,2026-07-09,-0.0041598869006811,
2026-07,2026-07-10,-0.0041598869006811,
2026-07,2026-07-13,-0.0041598869006811,
2026-07,2026-07-14,-0.0414983788102338,
2026-07,2026-07-15,-0.0097565550190707,
2026-07,2026-07-16,-0.0097565550190707,
2026-07,2026-07-17,-0.0097565550190707,
2026-07,2026-07-20,-0.0097565550190707,
2026-07,2026-07-21,0.0409189882264712,
2026-07,2026-07-22,0.0409189882264712,
2026-07,2026-07-23,0.0409189882264712,
2026-07,2026-07-24,0.0409189882264712,
2026-07,2026-07-27,0.0409189882264712,
2026-07,2026-07-28,0.0865130552949185,
2026-07,2026-07-29,0.0865130552949185,
2026-07,2026-07-30,0.0865130552949185,
2026-07,2026-07-31,0.0865130552949185,
2026-08,2026-08-03,0.320941031024802,
2026-08,2026-08-04,0.151812443602331,
